Workbook

Sheet 通讯通路门店
A1: 位置信息 | E1: 门店信息 | R1: 客户信息 | T1: 分价位段销量统计/台 （只填数字即可，不加单位） | W1: 分品牌销量统计/台 （只填数字即可，不加单位） | AC1: 门店全场景销量/台 （只填数字即可，不加单位） | AJ1: 分品牌阵地、门头、位置信息统计 | BB1: 各品牌促销员数量/个 （只填数字即可，不加单位） | BJ1: 其他信息
A2: 省份中文名称 | B2: 城市中文名称 | C2: 区县中文名称 | D2: 乡镇中文名称 | E2: 门店规划进度 | F2: 门店编码 | G2: 门店名称 | H2: 地理编码 | I2: 商圈编码 | J2: 门店类型 | K2: 门店capa | L2: 门店面积（㎡） | M2: 门店经营状态 | N2: 运营商类型 | O2: 门店联系人 | P2: 门店联系方式 | Q2: 门店地址 | R2: 渠道编码 | S2: 客户名称（未合作以营业执照为准、已合作以客户A名为准） | T2: 手机价格-0-2500元 | U2: 手机价格2500-4000元 | V2: 手机价格-＞4000元 | W2: 荣耀手机销量 | X2: 华为手机销量 | Y2: 小米手机销量 | Z2: VIVO手机销量 | AA2: 苹果手机销量 | AB2: OPPO手机销量 | AC2: 荣耀PC销量 | AD2: 华为PC销量 | AE2: 荣耀平板销量 | AF2: 华为平板销量 | AG2: PC销量 | AH2: 平板销量 | AI2: 手表销量 | AJ2: 荣耀阵地数量 | AK2: 荣耀阵地位置 | AL2: 荣耀门头数量 | AM2: 华为阵地数量 | AN2: 华为阵地位置 | AO2: 华为门头数量 | AP2: 小米阵地数量 | AQ2: 小米阵地位置 | AR2: 小米门头数量 | AS2: VIVO阵地数量 | AT2: VIVO阵地位置 | AU2: VIVO门头数量 | AV2: 苹果阵地数量 | AW2: 苹果阵地位置 | AX2: 苹果门头数量 | AY2: OPPO阵地数量 | AZ2: OPPO阵地位置 | BA2: OPPO门头数量 | BB2: 荣耀促销员数量 | BC2: 华为促销员数量 | BD2: 小米促销员数量 | BE2: VIVO促销员数量 | BF2: 苹果促销员数量 | BG2: OPPO促销员数量 | BH2: 客户店员 | BI2: 店端人数总和 | BJ2: 是否国补门店 | BK2: 门店城乡类别 | BL2: 是否街边店/MALL店 | BM2: 备注
A3: 如： 四川省 | B3: 如： 成都市 | C3: 如： 青羊区 龙泉驿区 简阳市 | D3: 如： 洛带镇 洪安镇 | E3: 已存在：在微服务系统中已录入的门店 无规划：不在荣耀系统的门店，不合作门店 洽谈中：不在荣耀系统的门店，规划合作门店 | F3: 1、已在荣耀系统注册填写编码（字母开头） 2、未在荣耀系统注册，已存在 沙盘系统编码（6开头） 3、未在沙盘及荣耀系统，填写“洽谈中”,“无规划“ | G3: 编码对应的门店名称，如未导入门店按照门店命名规则命名 命名规则（不含”市“&”区“）：地市+区/县+客户简称+所在道路名/所在公示商圈+点名/营业厅；例如重庆开州耀琪龙新天地电信营业厅 | H3: 见 sheet“地理信息 | I3: 见 sheet“商圈信息 | J3: 1、加入”NKA综合卖场“标签，如对应为NKA开的体验店，应填体验店；NKA指：国苏迪+京东之家+五星+居然之家+信联和+中免； 2、华为堡垒店归类为专卖店；归为综合卖场还是专卖店主要是看能否售卖其他品牌。华为销服一体店如果不能卖其他品牌的话，算华为授权店 3、运营商厅店类型：限于电信核心厅店，移动泛全联盟厅店，联通厅店，和运营商组对齐名单 综合卖场/荣耀体验店/荣耀授权专卖店/耀生活独立店/华为授权体验店/华为堡垒店/华为非授权店/OPPO体验店/VIVO体验店/小米体验店/苹果体验店/其他品牌专卖店/运营商厅店/NKA综合卖场/其他 | K3: 填写门店真实零售capa（不含分销/团单等），单位：台，数量为整数 | L3: 门店面积，单位㎡ | M3: 拉通微服务，内容4项 不合作/营业中/闭店/装修中 | N3: 门店的运营商属性，填“公开/公开&三网/排它-移动/排它-电信/排它-联通/非排它-移动电信/非排它-移动联通/非排它-电信联通” | O3: 门店责任人：张三（示例） | P3: 联系方式：1xxxxxxxxx | Q3: 精确到省、市、县区/乡镇、街道 | R3: 客户在PSI系统中的Channel ID®，如：100016798101，如不涉及填“无” | S3: 客户在PSI系统中的Account Name®，如：四川佳海电子有限公司，如不在系统中则填写客户正式名称，不可为空 | T3: 必填,取值0-999999 不含分销和团单，所有门店均需填写 | U3: 必填,取值0-999999 不含分销和团单，所有门店均需填写 | V3: 必填,取值0-999999 不含分销和团单，所有门店均需填写 | W3: 价位段销量求和与品牌销量求和需相等 | X3: 含智选等 价位段销量求和与品牌销量求和需相等 | Y3: 价位段销量求和与品牌销量求和需相等 | Z3: iQOO归入vivo 价位段销量求和与品牌销量求和需相等 | AA3: 价位段销量求和与品牌销量求和需相等 | AB3: realme归入oppo 价位段销量求和与品牌销量求和需相等 | AC3: 必填,取值0-999999 不含分销和团单，所有门店均需填写 | AD3: 必填,取值0-999999 不含分销和团单，所有门店均需填写 | AE3: 必填,取值0-999999 不含分销和团单，所有门店均需填写 | AF3: 必填,取值0-999999 不含分销和团单，所有门店均需填写 | AG3: 必填,取值0-999999 不含分销和团单，所有门店均需填写 | AH3: 必填,取值0-999999 不含分销和团单，所有门店均需填写 | AI3: 必填,取值0-999999 不含分销和团单，所有门店均需填写 | AJ3: 单位：套 | AK3: TOP1/TOP2/TOP3/其他 TOP位为唯一 | AL3: 单位：个 | AM3: 单位：套 | AN3: TOP1/TOP2/TOP3/其他 TOP位为唯一 | AO3: 单位：个 | AP3: 单位：套 | AQ3: TOP1/TOP2/TOP3/其他 TOP位为唯一 | AR3: 单位：个 | AS3: 单位：套 | AT3: TOP1/TOP2/TOP3/其他 TOP位为唯一 | AU3: 单位：个 | AV3: 单位：套 | AW3: TOP1/TOP2/TOP3/其他 TOP位为唯一 | AX3: 单位：个 | AY3: 单位：套 | AZ3: TOP1/TOP2/TOP3/其他 TOP位为唯一 | BA3: 单位：个 | BB3: 单位：人 | BC3: 单位：人 | BD3: 单位：人 | BE3: VIVO厂家促销员+返聘数量，单位：人 | BF3: 单位：人 | BG3: OPPO厂家促销员+返聘数量，单位：人 | BH3: 单位：人 | BI3: 单位：人 | BJ3: 是/否 | BK3: 如： 主城区 非主城区 | BL3: 如： 街边店 MALL店 | BM3: /
A4: 海南省 | B4: 东方市 | C4: 东方市 | D4: 大田镇 | E4: 已存在 | F4: RYCM08980062 | G4: 东方大田巨为零公里移动营业营 | H4: 55014111 | I4: CNSQCN00054156 | J4: 综合卖场 | K4: =SUM(T4:AI4) -> 145 | M4: 营业中 | N4: 排它-移动 | O4: 符重鹏 | P4: 15109896206 | Q4: 海南省东方市大田镇海榆西线零公里路口东河镇方向 | R4: 200018297501 | S4: 东方八所巨为手机连锁店 | T4: 58 | U4: 15 | V4: 0 | W4: 12 | X4: 0 | Y4: 3 | Z4: 22 | AA4: 0 | AB4: 35 | AC4: 0 | AD4: 0 | AE4: 0 | AF4: 0 | AG4: 0 | AH4: 0 | AI4: 0 | AJ4: 1 | AK4: TOP3 | AL4: 0 | AM4: 1 | AN4: 其他 | AO4: 0 | AP4: 1 | AQ4: 其他 | AR4: 0 | AS4: 0 | AT4: 其他 | AU4: 0 | AV4: 0 | AW4: 其他 | AX4: 0 | AY4: 0 | AZ4: 其他 | BA4: 0 | BB4: 0 | BC4: 0 | BD4: 0 | BE4: 1 | BF4: 0 | BG4: 0 | BH4: 2 | BI4: 3 | BJ4: 是 | BK4: 非主城区 | BL4: 街边店
A5: 海南省 | B5: 东方市 | C5: 东方市 | D5: 八所镇 | E5: 已存在 | F5: CNSCN323252 | G5: 东方华商万达广场体验店 | H5: 55014109 | I5: CNSQCN00054154 | J5: 荣耀体验店 | K5: =SUM(T5:AI5) -> 145 | M5: 营业中 | N5: 公开 | O5: 王发丽 | P5: 18789551848 | Q5: 海南东⽅市八所镇解放东路与感恩南路交汇处万达⼴场1楼1031 | R5: 200002521201 | S5: 海南华商智能科技有限公司 | T5: 12 | U5: 35 | V5: 20 | W5: 67 | X5: 0 | Y5: 0 | Z5: 0 | AA5: 0 | AB5: 0 | AC5: 1 | AD5: 0 | AE5: 3 | AF5: 0 | AG5: 1 | AH5: 3 | AI5: 3 | AJ5: 1 | AK5: TOP1 | AL5: 0 | AM5: 0 | AN5: 其他 | AO5: 0 | AP5: 0 | AQ5: 其他 | AR5: 0 | AS5: 1 | AT5: 其他 | AU5: 0 | AV5: 0 | AW5: 其他 | AX5: 0 | AY5: 0 | AZ5: 其他 | BA5: 0 | BB5: 0 | BC5: 0 | BD5: 0 | BE5: 0 | BF5: 0 | BG5: 0 | BH5: 3 | BI5: =SUM(BB5:BH5) -> 3 | BJ5: 是 | BK5: 主城区 | BL5: MALL店
A6: 海南省 | B6: 东方市 | C6: 东方市 | D6: 东河镇 | E6: 已存在 | F6: CNSCN340904 | G6: 东方东河东信翼电信专营店 | H6: 55014110 | I6: CNSQCN00054159 | J6: 综合卖场 | K6: =SUM(T6:AI6) -> 59 | M6: 营业中 | N6: 排它-电信 | O6: 王和立 | P6: 18976120333 | Q6: 东方市东河镇东风路十字路口 | R6: 100073133701 | S6: 东方东河东信翼电信专营店 | T6: 28 | U6: 2 | V6: 0 | W6: 5 | X6: 0 | Y6: 3 | Z6: 6 | AA6: 0 | AB6: 15 | AC6: 0 | AD6: 0 | AE6: 0 | AF6: 0 | AG6: 0 | AH6: 0 | AI6: 0 | AJ6: 0 | AK6: 其他 | AL6: 0 | AM6: 0 | AN6: 其他 | AO6: 0 | AP6: 0 | AQ6: 其他 | AR6: 0 | AS6: 1 | AT6: TOP1 | AU6: 0 | AV6: 0 | AW6: 其他 | AX6: 0 | AY6: 1 | AZ6: TOP2 | BA6: 0 | BB6: 0 | BC6: 0 | BD6: 0 | BE6: 0 | BF6: 0 | BG6: 0 | BH6: 2 | BI6: 2 | BJ6: 是 | BK6: 非主城区 | BL6: 街边店
A7: 海南省 | B7: 东方市 | C7: 东方市 | D7: 八所镇 | E7: 已存在 | F7: CNSCN345130 | G7: 东方八所琼西路巨为移动专营店 | H7: 55014109 | I7: CNSQCN00054154 | J7: 综合卖场 | K7: =SUM(T7:AI7) -> 400 | M7: 营业中 | N7: 排它-移动 | O7: 符重鹏 | P7: 15109896206 | Q7: 海南省东方市八所镇琼西路琼西医院对面 | R7: 200018297501 | S7: 东方八所巨为手机连锁店 | T7: 200 | U7: 0 | V7: 0 | W7: 50 | X7: 0 | Y7: 10 | Z7: 100 | AA7: 0 | AB7: 40 | AC7: 0 | AD7: 0 | AE7: 0 | AF7: 0 | AG7: 0 | AH7: 0 | AI7: 0 | AJ7: 1 | AK7: TOP1 | AL7: 0 | AM7: 0 | AN7: 其他 | AO7: 0 | AP7: 0 | AQ7: 其他 | AR7: 0 | AS7: 1 | AT7: TOP1 | AU7: 0 | AV7: 0 | AW7: 其他 | AX7: 0 | AY7: 0 | AZ7: 其他 | BA7: 0 | BB7: 0 | BC7: 0 | BD7: 0 | BE7: 0 | BF7: 0 | BG7: 0 | BH7: 2 | BI7: 2 | BJ7: 是 | BK7: 主城区 | BL7: 街边店
A8: 海南省 | B8: 东方市 | C8: 东方市 | D8: 八所镇 | E8: 已存在 | F8: CNSCN072112 | G8: 电信连锁-东方城东主营业厅(金鹏) | H8: 55014109 | I8: CNSQCN00054154 | J8: 运营商厅店 | K8: =SUM(T8:AI8) -> 248 | M8: 营业中 | N8: 排它-电信 | O8: 孙学彬 | P8: 18976332378 | Q8: 海南省东方市八所镇东方大道41号中国电信大楼一楼 | R8: 100029648601 | S8: 海南金鹏东宜通信工程有限公司 | T8: 60 | U8: 76 | V8: 5 | W8: 53 | X8: 35 | Y8: 0 | Z8: 12 | AA8: 0 | AB8: 7 | AC8: 0 | AD8: 0 | AE8: 0 | AF8: 0 | AG8: 0 | AH8: 0 | AI8: 0 | AJ8: 1 | AK8: 其他 | AL8: 0 | AM8: 1 | AN8: 其他 | AO8: 0 | AP8: 1 | AQ8: 其他 | AR8: 0 | AS8: 1 | AT8: 其他 | AU8: 1 | AV8: 1 | AW8: 其他 | AX8: 0 | AY8: 1 | AZ8: 其他 | BA8: 0 | BB8: 0 | BC8: 0 | BD8: 0 | BE8: 0 | BF8: 0 | BG8: 1 | BH8: 6 | BI8: 7 | BJ8: 是 | BK8: 主城区 | BL8: 街边店
A9: 海南省 | B9: 东方市 | C9: 东方市 | D9: 八所镇 | E9: 已存在 | F9: CNSCN132726 | G9: 东方八所快捷解放西路电信营业厅 | H9: 55014109 | I9: CNSQCN00054157 | J9: 运营商厅店 | K9: =SUM(T9:AI9) -> 104 | M9: 营业中 | N9: 排它-电信 | O9: 张业慧 | P9: 18976543282 | Q9: 海南省东方市八所镇解放西路4G数码城vivo 门头处 | R9: 100060492301 | S9: 东方八所快捷通信店 | T9: 34 | U9: 17 | V9: 1 | W9: 5 | X9: 0 | Y9: 0 | Z9: 25 | AA9: 2 | AB9: 20 | AC9: 0 | AD9: 0 | AE9: 0 | AF9: 0 | AG9: 0 | AH9: 0 | AI9: 0 | AJ9: 1 | AK9: 其他 | AL9: 0 | AM9: 1 | AN9: 其他 | AO9: 0 | AP9: 1 | AQ9: 其他 | AR9: 0 | AS9: 0 | AT9: 其他 | AU9: 0 | AV9: 0 | AW9: 其他 | AX9: 0 | AY9: 0 | AZ9: 其他 | BA9: 0 | BB9: 0 | BC9: 0 | BD9: 0 | BE9: 1 | BF9: 0 | BG9: 0 | BH9: 3 | BI9: 4 | BJ9: 是 | BK9: 主城区 | BL9: 街边店
A10: 海南省 | B10: 东方市 | C10: 东方市 | D10: 八所镇 | F10: SCN279515 | G10: 东方兴达东海路体验店 | H10: 55014109 | I10: CNSQCN00054839 | K10: =SUM(T10:AI10) -> 0 | M10: 闭店 | O10: 周志攀 | P10: 13519850230 | Q10: 海南省东方市八所镇东海路57号 | R10: 100032170201 | S10: 东方八所兴达数码城
A11: 海南省 | B11: 东方市 | C11: 东方市 | D11: 八所镇 | E11: 已存在 | F11: CNSCN352631 | G11: 东方解放路老客联通合作厅 | H11: 55014109 | I11: CNSQCN00054157 | J11: 综合卖场 | K11: =SUM(T11:AI11) -> 112 | M11: 营业中 | N11: 排它-联通 | O11: 符进花 | P11: 13907599501 | Q11: 海南省东方市八所镇解放西路59号新华书店一楼 | R11: 200020610801 | S11: 东方八所老客数码产品店 | T11: 35 | U11: 24 | V11: 0 | W11: 16 | X11: 9 | Y11: 15 | Z11: 11 | AA11: 2 | AB11: 0 | AC11: 0 | AD11: 0 | AE11: 0 | AF11: 0 | AG11: 0 | AH11: 0 | AI11: 0 | AJ11: 1 | AK11: TOP1 | AL11: 0 | AM11: 0 | AN11: 其他 | AO11: 0 | AP11: 0 | AQ11: 其他 | AR11: 0 | AS11: 1 | AT11: 其他 | AU11: 0 | AV11: 0 | AW11: 其他 | AX11: 0 | AY11: 1 | AZ11: TOP2 | BA11: 0 | BB11: 0 | BC11: 0 | BD11: 0 | BE11: 0 | BF11: 0 | BG11: 0 | BH11: 3 | BI11: 3 | BJ11: 是 | BK11: 主城区 | BL11: 街边店
A12: 海南省 | B12: 东方市 | C12: 东方市 | D12: 八所镇 | E12: 已存在 | F12: CNSCN302635 | G12: 东方八所东海路恒晟通电信专营店 | H12: 55014109 | I12: CNSQCN00054839 | J12: 综合卖场 | K12: =SUM(T12:AI12) -> 104 | M12: 营业中 | N12: 排它-电信 | O12: 杨云灵 | P12: 18089711133 | Q12: 海南省东方市八所镇东海路62号艺豪宾馆首层 | R12: 100084347601 | S12: 儋州恒雁通信有限公司 | T12: 51 | U12: 4 | V12: 0 | W12: 5 | X12: 0 | Y12: 10 | Z12: 12 | AA12: 0 | AB12: 22 | AC12: 0 | AD12: 0 | AE12: 0 | AF12: 0 | AG12: 0 | AH12: 0 | AI12: 0 | AJ12: 1 | AK12: 其他 | AL12: 0 | AM12: 1 | AN12: 其他 | AO12: 0 | AP12: 0 | AQ12: 其他 | AR12: 0 | AS12: 0 | AT12: 其他 | AU12: 0 | AV12: 0 | AW12: 其他 | AX12: 0 | AY12: 0 | AZ12: 其他 | BA12: 0 | BB12: 0 | BC12: 0 | BD12: 0 | BE12: 0 | BF12: 0 | BG12: 0 | BH12: 4 | BI12: 4 | BJ12: 是 | BK12: 主城区 | BL12: 街边店
A13: 海南省 | B13: 东方市 | C13: 东方市 | D13: 八所镇 | E13: 已存在 | F13: CNSCN299925 | G13: 东方东海喜爱数码移动手机专卖店 | H13: 55014109 | I13: CNSQCN00054157 | J13: 综合卖场 | K13: =SUM(T13:AI13) -> 75 | M13: 营业中 | N13: 排它-移动 | O13: 柳家豪 | P13: 18889692927 | Q13: 海南省东方市八所镇永安西路36号第三间 | R13: 100063737601 | S13: 东方东海喜爱数码手机专卖店 | T13: 35 | U13: 3 | V13: 0 | W13: 8 | X13: 0 | Y13: 2 | Z13: 12 | AA13: 0 | AB13: 15 | AC13: 0 | AD13: 0 | AE13: 0 | AF13: 0 | AG13: 0 | AH13: 0 | AI13: 0 | AJ13: 0 | AK13: 其他 | AL13: 0 | AM13: 1 | AN13: 其他 | AO13: 0 | AP13: 1 | AQ13: 其他 | AR13: 0 | AS13: 0 | AT13: 其他 | AU13: 0 | AV13: 0 | AW13: 其他 | AX13: 0 | AY13: 0 | AZ13: 其他 | BA13: 0 | BB13: 0 | BC13: 0 | BD13: 0 | BE13: 0 | BF13: 0 | BG13: 0 | BH13: 1 | BI13: 1 | BJ13: 是 | BK13: 主城区 | BL13: 街边店
A14: 海南省 | B14: 东方市 | C14: 东方市 | D14: 八所镇 | E14: 已存在 | F14: CNSCN299924 | G14: 东方鱼鳞洲营业厅 | H14: 55014109 | I14: CNSQCN00054157 | J14: 运营商厅店 | K14: =SUM(T14:AI14) -> 47 | M14: 营业中 | N14: 排它-联通 | O14: 倪小婷 | P14: 186089978260 | Q14: 海南省东方市八所镇解放西路73号 | R14: 100015014301 | S14: 联通华盛通信有限公司海南分公司 | T14: 23 | U14: 1 | V14: 0 | W14: 4 | X14: 0 | Y14: 1 | Z14: 8 | AA14: 0 | AB14: 10 | AC14: 0 | AD14: 0 | AE14: 0 | AF14: 0 | AG14: 0 | AH14: 0 | AI14: 0 | AJ14: 0 | AK14: 其他 | AL14: 0 | AM14: 0 | AN14: 其他 | AO14: 0 | AP14: 0 | AQ14: 其他 | AR14: 0 | AS14: 0 | AT14: 其他 | AU14: 0 | AV14: 0 | AW14: 其他 | AX14: 0 | AY14: 0 | AZ14: 其他 | BA14: 0 | BB14: 0 | BC14: 0 | BD14: 0 | BE14: 0 | BF14: 0 | BG14: 0 | BH14: 4 | BI14: 4 | BJ14: 是 | BK14: 主城区 | BL14: 街边店
A15: 海南省 | B15: 东方市 | C15: 东方市 | D15: 东河镇 | E15: 已存在 | F15: CNSCN299922 | G15: 东方东河颖武联通电讯专营店 | H15: 55014110 | I15: CNSQCN00054159 | J15: 综合卖场 | K15: =SUM(T15:AI15) -> 87 | M15: 营业中 | N15: 排它-联通 | O15: 钟萍 | P15: 18976692222 | Q15: 海南省东方市东河镇市场斜对面中国联通手机店 | R15: 100080560401 | S15: 东方东河颖武电讯专营店 | T15: 39 | U15: 5 | V15: 0 | W15: 13 | X15: 0 | Y15: 5 | Z15: 10 | AA15: 0 | AB15: 15 | AC15: 0 | AD15: 0 | AE15: 0 | AF15: 0 | AG15: 0 | AH15: 0 | AI15: 0 | AJ15: 1 | AK15: 其他 | AL15: 0 | AM15: 1 | AN15: 其他 | AO15: 0 | AP15: 1 | AQ15: 其他 | AR15: 0 | AS15: 0 | AT15: 其他 | AU15: 0 | AV15: 0 | AW15: 其他 | AX15: 0 | AY15: 0 | AZ15: 其他 | BA15: 0 | BB15: 0 | BC15: 0 | BD15: 0 | BE15: 0 | BF15: 0 | BG15: 0 | BH15: 1 | BI15: 1 | BJ15: 是 | BK15: 非主城区 | BL15: 街边店
A16: 海南省 | B16: 东方市 | C16: 东方市 | D16: 八所镇 | E16: 已存在 | F16: CNSCN299921 | G16: 电信连锁-东方解放路营业厅(翼讯达) | H16: 55014109 | I16: CNSQCN00054157 | J16: 运营商厅店 | K16: =SUM(T16:AI16) -> 215 | M16: 营业中 | N16: 排它-电信 | O16: 王远柳 | P16: 18907628586 | Q16: 海南省东方市八所镇解放西路电信营业厅54-1号 | R16: 100013317301 | S16: 海口翼讯达通讯器材有限公司 | T16: 88 | U16: 20 | V16: 0 | W16: 40 | X16: 0 | Y16: 5 | Z16: 32 | AA16: 5 | AB16: 25 | AC16: 0 | AD16: 0 | AE16: 0 | AF16: 0 | AG16: 0 | AH16: 0 | AI16: 0 | AJ16: 1 | AK16: 其他 | AL16: 0 | AM16: 1 | AN16: 其他 | AO16: 0 | AP16: 1 | AQ16: 其他 | AR16: 0 | AS16: 1 | AT16: 其他 | AU16: 0 | AV16: 0 | AW16: 其他 | AX16: 0 | AY16: 0 | AZ16: 其他 | BA16: 0 | BB16: 0 | BC16: 0 | BD16: 0 | BE16: 0 | BF16: 0 | BG16: 0 | BH16: 6 | BI16: 6 | BJ16: 是 | BK16: 主城区 | BL16: 街边店
A17: 海南省 | B17: 东方市 | C17: 东方市 | D17: 八所镇 | E17: 已存在 | F17: CNSCN284844 | G17: 东方市东海九龙通讯手机店 | H17: 55014109 | I17: CNSQCN00054158 | J17: 综合卖场 | K17: =SUM(T17:AI17) -> 101 | M17: 营业中 | N17: 排它-移动 | O17: 黎灿辉 | P17: 15008008111 | Q17: 海南省东方市八所镇东方大道2-3号 | R17: 100046478701 | S17: 东方市东海九龙通讯手机店 | T17: 33 | U17: 15 | V17: 3 | W17: 12 | X17: 0 | Y17: 7 | Z17: 6 | AA17: 4 | AB17: 21 | AC17: 0 | AD17: 0 | AE17: 0 | AF17: 0 | AG17: 0 | AH17: 0 | AI17: 0 | AJ17: 1 | AK17: TOP1 | AL17: 0 | AM17: 0 | AN17: 其他 | AO17: 0 | AP17: 1 | AQ17: 其他 | AR17: 0 | AS17: 0 | AT17: 其他 | AU17: 0 | AV17: 0 | AW17: 其他 | AX17: 0 | AY17: 0 | AZ17: 其他 | BA17: 0 | BB17: 0 | BC17: 0 | BD17: 0 | BE17: 0 | BF17: 0 | BG17: 0 | BH17: 5 | BI17: 5 | BJ17: 是 | BK17: 主城区 | BL17: 街边店
A18: 海南省 | B18: 东方市 | C18: 东方市 | D18: 感城镇 | E18: 已存在 | F18: CNSCN284843 | G18: 东方感城星源移动专营 | H18: 55014112 | I18: CNSQCN00054160 | J18: 综合卖场 | K18: =SUM(T18:AI18) -> 109 | M18: 营业中 | N18: 排它-移动 | O18: 邱芳东 | P18: 13876440168 | Q18: 海南省东方市感城镇感城村感恩大道2号 | R18: 200003081301 | S18: 东方感城星源手机店 | T18: 45 | U18: 10 | V18: 0 | W18: 10 | X18: 0 | Y18: 4 | Z18: 20 | AA18: 0 | AB18: 20 | AC18: 0 | AD18: 0 | AE18: 0 | AF18: 0 | AG18: 0 | AH18: 0 | AI18: 0 | AJ18: 1 | AK18: 其他 | AL18: 0 | AM18: 1 | AN18: 其他 | AO18: 0 | AP18: 1 | AQ18: 其他 | AR18: 0 | AS18: 0 | AT18: 其他 | AU18: 0 | AV18: 0 | AW18: 其他 | AX18: 0 | AY18: 0 | AZ18: 其他 | BA18: 0 | BB18: 0 | BC18: 0 | BD18: 0 | BE18: 0 | BF18: 0 | BG18: 0 | BH18: 2 | BI18: 2 | BJ18: 是 | BK18: 非主城区 | BL18: 街边店
A19: 海南省 | B19: 东方市 | C19: 东方市 | D19: 八所镇 | E19: 已存在 | F19: RYCM08980130 | G19: 东方八所强国强东海路移动移动营业厅 | H19: 55014109 | I19: CNSQCN00054839 | J19: 综合卖场 | K19: =SUM(T19:AI19) -> 0 | M19: 营业中 | N19: 排它-移动 | O19: 谢飞 | P19: 18889498555 | Q19: 海南省东方市东海路地道站商品一楼456号铺面 | R19: 100036112401 | S19: 东方八所大有通讯店
A20: 海南省 | B20: 东方市 | C20: 东方市 | D20: 八所镇 | E20: 已存在 | F20: RYCT08980062 | G20: 东方八所兴达解放西路数码城 | H20: 55014109 | I20: CNSQCN00054839 | J20: 综合卖场 | K20: =SUM(T20:AI20) -> 209 | M20: 营业中 | N20: 排它-移动 | O20: 苏塔 | P20: 13198958799 | Q20: 海南省东方市八所镇解放西路兴达数码城 | R20: 100032170201 | S20: 东方八所兴达数码城 | T20: 54 | U20: 40 | V20: 4 | W20: 15 | X20: 10 | Y20: 0 | Z20: 32 | AA20: 5 | AB20: 40 | AC20: 0 | AD20: 1 | AE20: 1 | AF20: 2 | AG20: 1 | AH20: 3 | AI20: 1 | AJ20: 1 | AK20: 其他 | AL20: 0 | AM20: 1 | AN20: TOP2 | AO20: 0 | AP20: 1 | AQ20: 其他 | AR20: 0 | AS20: 1 | AT20: 其他 | AU20: 0 | AV20: 0 | AW20: 其他 | AX20: 0 | AY20: 0 | AZ20: 其他 | BA20: 0 | BB20: 0 | BC20: 1 | BD20: 0 | BE20: 1 | BF20: 0 | BG20: 1 | BH20: 5 | BI20: 8 | BJ20: 是 | BK20: 主城区 | BL20: 街边店
A21: 海南省 | B21: 东方市 | C21: 东方市 | D21: 板桥镇 | E21: 已存在 | F21: CNSCN317706 | G21: 东方市板桥腾珑手机专营店 | H21: 55014113 | I21: CNSQCN00054155 | J21: 综合卖场 | K21: =SUM(T21:AI21) -> 95 | M21: 营业中 | N21: 排它-移动 | O21: 王隆健 | P21: 18976125399 | Q21: 海南省东方市板桥镇复兴北路107号 | R21: 100061969301 | S21: 东方感城腾龙手机专卖店 | T21: 40 | U21: 8 | V21: 0 | W21: 5 | X21: 5 | Y21: 5 | Z21: 12 | AA21: 0 | AB21: 20 | AC21: 0 | AD21: 0 | AE21: 0 | AF21: 0 | AG21: 0 | AH21: 0 | AI21: 0 | AJ21: 1 | AK21: 其他 | AL21: 0 | AM21: 1 | AN21: TOP3 | AO21: 0 | AP21: 1 | AQ21: 其他 | AR21: 0 | AS21: 0 | AT21: 其他 | AU21: 0 | AV21: 0 | AW21: 其他 | AX21: 0 | AY21: 0 | AZ21: 其他 | BA21: 0 | BB21: 0 | BC21: 0 | BD21: 0 | BE21: 0 | BF21: 0 | BG21: 0 | BH21: 3 | BI21: 3 | BJ21: 是 | BK21: 非主城区 | BL21: 街边店
A22: 海南省 | B22: 东方市 | C22: 东方市 | D22: 感城镇 | E22: 无规划 | F22: CNSCN110792 | G22: 东方市感城永成移动通信 | H22: 55014112 | I22: CNSQCN00054160 | J22: 综合卖场 | K22: =SUM(T22:AI22) -> 91 | M22: 营业中 | N22: 排它-移动 | O22: 杨勇 | P22: 13687568008 | Q22: 海南省东方市感城镇河堤路 | R22: 100080561801 | S22: 东方感城永成手机通讯店 | T22: 31 | U22: 15 | V22: 0 | W22: 10 | X22: 8 | Y22: 5 | Z22: 5 | AA22: 0 | AB22: 17 | AC22: 0 | AD22: 0 | AE22: 0 | AF22: 0 | AG22: 0 | AH22: 0 | AI22: 0 | AJ22: 1 | AK22: 其他 | AL22: 0 | AM22: 0 | AN22: TOP1 | AO22: 0 | AP22: 1 | AQ22: 其他 | AR22: 0 | AS22: 1 | AT22: TOP1 | AU22: 0 | AV22: 0 | AW22: 其他 | AX22: 0 | AY22: 0 | AZ22: 其他 | BA22: 0 | BB22: 0 | BC22: 0 | BD22: 0 | BE22: 0 | BF22: 0 | BG22: 0 | BH22: 3 | BI22: 3 | BJ22: 是 | BK22: 非主城区 | BL22: 街边店
A23: 海南省 | B23: 东方市 | C23: 东方市 | D23: 感城镇 | E23: 已存在 | F23: CNSCN110791 | G23: 东方感城卫飞手机专营店 | H23: 55014112 | I23: CNSQCN00054160 | J23: 综合卖场 | K23: =SUM(T23:AI23) -> 151 | M23: 营业中 | N23: 排它-移动 | O23: 苏定卫 | P23: 13976878008 | Q23: 东方市感城镇河堤路5号 | R23: 100046483001 | S23: 东方感城定卫手机店 | T23: 52 | U23: 20 | V23: 3 | W23: 7 | X23: 0 | Y23: 10 | Z23: 24 | AA23: 0 | AB23: 35 | AC23: 0 | AD23: 0 | AE23: 0 | AF23: 0 | AG23: 0 | AH23: 0 | AI23: 0 | AJ23: 1 | AK23: 其他 | AL23: 0 | AM23: 1 | AN23: TOP2 | AO23: 0 | AP23: 1 | AQ23: 其他 | AR23: 0 | AS23: 1 | AT23: 其他 | AU23: 0 | AV23: 0 | AW23: 其他 | AX23: 0 | AY23: 0 | AZ23: 其他 | BA23: 0 | BB23: 0 | BC23: 0 | BD23: 0 | BE23: 1 | BF23: 0 | BG23: 1 | BH23: 4 | BI23: 6 | BJ23: 是 | BK23: 非主城区 | BL23: 街边店
A24: 海南省 | B24: 东方市 | C24: 东方市 | D24: 八所镇 | E24: 已存在 | F24: CNSCN110785 | G24: 东方东海惠中手机店 | H24: 55014109 | I24: CNSQCN00054839 | J24: 综合卖场 | K24: =SUM(T24:AI24) -> 143 | M24: 营业中 | N24: 排它-移动 | O24: 苏塔 | P24: 13198958799 | Q24: 东方市金岛大厦一楼9号铺面 | R24: 100032170201 | S24: 东方八所兴达数码城 | T24: 50 | U24: 18 | V24: 3 | W24: 10 | X24: 7 | Y24: 16 | Z24: 10 | AA24: 2 | AB24: 27 | AC24: 0 | AD24: 0 | AE24: 0 | AF24: 0 | AG24: 0 | AH24: 0 | AI24: 0 | AJ24: 1 | AK24: 其他 | AL24: 0 | AM24: 0 | AN24: 其他 | AO24: 0 | AP24: 1 | AQ24: 其他 | AR24: 0 | AS24: 1 | AT24: 其他 | AU24: 0 | AV24: 0 | AW24: 其他 | AX24: 0 | AY24: 0 | AZ24: 其他 | BA24: 0 | BB24: 0 | BC24: 0 | BD24: 0 | BE24: 0 | BF24: 0 | BG24: 0 | BH24: 3 | BI24: 3 | BJ24: 是 | BK24: 主城区 | BL24: 街边店
A25: 海南省 | B25: 东方市 | C25: 东方市 | D25: 感城镇 | E25: 已存在 | F25: CNSCN131205 | G25: 东方感城玉心移动营业厅 | H25: 55014112 | I25: CNSQCN00054160 | J25: 综合卖场 | K25: =SUM(T25:AI25) -> 145 | M25: 营业中 | N25: 排它-移动 | O25: 苏杰雄 | P25: 13976136788 | Q25: 海南省东方市感城镇河堤路右侧95号 | R25: 100073941801 | S25: 东方感城玉心手机店 | T25: 59 | U25: 14 | V25: 0 | W25: 18 | X25: 0 | Y25: 7 | Z25: 17 | AA25: 0 | AB25: 30 | AC25: 0 | AD25: 0 | AE25: 0 | AF25: 0 | AG25: 0 | AH25: 0 | AI25: 0 | AJ25: 1 | AK25: TOP3 | AL25: 0 | AM25: 1 | AN25: TOP1 | AO25: 0 | AP25: 1 | AQ25: 其他 | AR25: 0 | AS25: 1 | AT25: TOP1 | AU25: 0 | AV25: 0 | AW25: 其他 | AX25: 0 | AY25: 0 | AZ25: 其他 | BA25: 0 | BB25: 0 | BC25: 0 | BD25: 0 | BE25: 0 | BF25: 0 | BG25: 0 | BH25: 2 | BI25: 2 | BJ25: 是 | BK25: 非主城区 | BL25: 街边店
A26: 海南省 | B26: 东方市 | C26: 东方市 | D26: 感城镇 | E26: 已存在 | F26: RYCU08980019 | G26: 东方感城感恩大道星豪联通营业厅 | H26: 55014112 | I26: CNSQCN00054160 | J26: 综合卖场 | K26: =SUM(T26:AI26) -> 155 | M26: 营业中 | N26: 排它-电信 | O26: 林宝 | P26: 18689951685 | Q26: 海南省东方市感城镇感恩大道17号 | R26: 100049753101 | S26: 东方感城星豪手机广场 | T26: 48 | U26: 27 | V26: 3 | W26: 25 | X26: 0 | Y26: 2 | Z26: 22 | AA26: 0 | AB26: 28 | AC26: 0 | AD26: 0 | AE26: 0 | AF26: 0 | AG26: 0 | AH26: 0 | AI26: 0 | AJ26: 1 | AK26: TOP3 | AL26: 0 | AM26: 1 | AN26: 其他 | AO26: 0 | AP26: 1 | AQ26: 其他 | AR26: 0 | AS26: 0 | AT26: 其他 | AU26: 0 | AV26: 0 | AW26: 其他 | AX26: 0 | AY26: 0 | AZ26: 其他 | BA26: 0 | BB26: 0 | BC26: 0 | BD26: 0 | BE26: 1 | BF26: 0 | BG26: 0 | BH26: 3 | BI26: 4 | BJ26: 是 | BK26: 非主城区 | BL26: 街边店
A27: 海南省 | B27: 东方市 | C27: 东方市 | D27: 新龙镇 | E27: 已存在 | F27: CNSCN284742 | G27: 东方新龙镇灵霄移动专营店 | H27: 55014116 | I27: CNSQCN00054161 | J27: 综合卖场 | K27: =SUM(T27:AI27) -> 109 | M27: 营业中 | N27: 排它-移动 | O27: 符邦敏 | P27: 15008977420 | Q27: 海南省东方市新龙镇龙佑村33号 | R27: 200003605001 | S27: 东方新龙镇灵霄手机专营店 | T27: 37 | U27: 13 | V27: 2 | W27: 15 | X27: 2 | Y27: 2 | Z27: 17 | AA27: 1 | AB27: 15 | AC27: 0 | AD27: 0 | AE27: 1 | AF27: 1 | AG27: 1 | AH27: 1 | AI27: 1 | AJ27: 1 | AK27: TOP1 | AL27: 0 | AM27: 0 | AN27: 其他 | AO27: 0 | AP27: 0 | AQ27: 其他 | AR27: 0 | AS27: 0 | AT27: 其他 | AU27: 0 | AV27: 0 | AW27: 其他 | AX27: 0 | AY27: 0 | AZ27: 其他 | BA27: 0 | BB27: 0 | BC27: 0 | BD27: 0 | BE27: 0 | BF27: 0 | BG27: 0 | BH27: 2 | BI27: 2 | BJ27: 是 | BK27: 非主城区 | BL27: 街边店
A28: 海南省 | B28: 东方市 | C28: 东方市 | D28: 八所镇 | E28: 已存在 | F28: CNSCN284741 | G28: 东方八所解放路南海移动营业厅 | H28: 55014109 | I28: CNSQCN00054157 | J28: 综合卖场 | K28: =SUM(T28:AI28) -> 75 | M28: 装修中 | N28: 排它-移动 | O28: 陈春蕊 | P28: 13876000364 | Q28: 海南省东方市八所镇解放西路南海宾馆1楼 | R28: 200018267701 | S28: 海南高乐电讯设备有限公司 | T28: 32 | U28: 6 | V28: 0 | W28: 8 | X28: 0 | Y28: 3 | Z28: 11 | AA28: 0 | AB28: 15 | AC28: 0 | AD28: 0 | AE28: 0 | AF28: 0 | AG28: 0 | AH28: 0 | AI28: 0 | AJ28: 1 | AK28: TOP2 | AL28: 0 | AM28: 1 | AN28: 其他 | AO28: 0 | AP28: 1 | AQ28: 其他 | AR28: 0 | AS28: 1 | AT28: 其他 | AU28: 0 | AV28: 0 | AW28: 其他 | AX28: 0 | AY28: 0 | AZ28: 其他 | BA28: 0 | BB28: 0 | BC28: 0 | BD28: 0 | BE28: 0 | BF28: 0 | BG28: 1 | BH28: 5 | BI28: 6 | BJ28: 是 | BK28: 主城区 | BL28: 街边店
A29: 海南省 | B29: 东方市 | C29: 东方市 | D29: 八所镇 | E29: 已存在 | F29: CNSCN301738 | G29: 东方八所华人国际移动营业厅 | H29: 55014109 | I29: CNSQCN00054157 | J29: 运营商厅店 | K29: =SUM(T29:AI29) -> 89 | M29: 营业中 | N29: 排它-移动 | O29: 陈春蕊 | P29: 13876000364 | Q29: 东方市八所镇解放中路华人国际电影城一楼商铺 | R29: 200018267701 | S29: 海南高乐电讯设备有限公司 | T29: 38 | U29: 7 | V29: 0 | W29: 8 | X29: 0 | Y29: 4 | Z29: 11 | AA29: 3 | AB29: 18 | AC29: 0 | AD29: 0 | AE29: 0 | AF29: 0 | AG29: 0 | AH29: 0 | AI29: 0 | AJ29: 1 | AK29: 其他 | AL29: 0 | AM29: 1 | AN29: 其他 | AO29: 0 | AP29: 1 | AQ29: 其他 | AR29: 0 | AS29: 0 | AT29: 其他 | AU29: 0 | AV29: 0 | AW29: 其他 | AX29: 0 | AY29: 0 | AZ29: 其他 | BA29: 0 | BB29: 0 | BC29: 0 | BD29: 0 | BE29: 1 | BF29: 0 | BG29: 0 | BH29: 2 | BI29: 3 | BJ29: 是 | BK29: 主城区 | BL29: 街边店
A30: 海南省 | B30: 东方市 | C30: 东方市 | D30: 八所镇 | E30: 已存在 | F30: RYRA08980220 | G30: 东方八所海升东海路手机店 | H30: 55014109 | I30: CNSQCN00054839 | J30: 综合卖场 | K30: =SUM(T30:AI30) -> 154 | M30: 营业中 | N30: 排它-移动 | O30: 高美美 | P30: 18889200520 | Q30: 东方市东海路云天酒店旁 | R30: 100051972901 | S30: 东方东海乐信手机店 | T30: 46 | U30: 30 | V30: 1 | W30: 7 | X30: 0 | Y30: 10 | Z30: 32 | AA30: 3 | AB30: 25 | AC30: 0 | AD30: 0 | AE30: 0 | AF30: 0 | AG30: 0 | AH30: 0 | AI30: 0 | AJ30: 1 | AK30: TOP2 | AL30: 0 | AM30: 1 | AN30: TOP3 | AO30: 0 | AP30: 1 | AQ30: 其他 | AR30: 0 | AS30: 1 | AT30: 其他 | AU30: 1 | AV30: 0 | AW30: 其他 | AX30: 0 | AY30: 0 | AZ30: 其他 | BA30: 0 | BB30: 0 | BC30: 0 | BD30: 0 | BE30: 1 | BF30: 0 | BG30: 1 | BH30: 3 | BI30: 5 | BJ30: 是 | BK30: 主城区 | BL30: 街边店
A31: 海南省 | B31: 东方市 | C31: 东方市 | D31: 八所镇 | E31: 已存在 | F31: CNSCN222546 | G31: 东方东海大有领界电信店 | H31: 55014109 | I31: CNSQCN00054839 | J31: 综合卖场 | K31: =SUM(T31:AI31) -> 125 | M31: 营业中 | N31: 排它-电信 | O31: 李燕琼 | P31: 18976129991 | Q31: 海南省东方市八所镇东海路57号东海加油站旁1楼 | R31: 100036112401 | S31: 东方八所大有通讯店 | T31: 44 | U31: 17 | V31: 2 | W31: 8 | X31: 0 | Y31: 9 | Z31: 25 | AA31: 0 | AB31: 20 | AC31: 0 | AD31: 0 | AE31: 0 | AF31: 0 | AG31: 0 | AH31: 0 | AI31: 0 | AJ31: 1 | AK31: TOP3 | AL31: 0 | AM31: 1 | AN31: TOP3 | AO31: 0 | AP31: 1 | AQ31: 其他 | AR31: 0 | AS31: 1 | AT31: 其他 | AU31: 1 | AV31: 0 | AW31: 其他 | AX31: 0 | AY31: 0 | AZ31: 其他 | BA31: 0 | BB31: 0 | BC31: 0 | BD31: 0 | BE31: 1 | BF31: 0 | BG31: 0 | BH31: 3 | BI31: 4 | BJ31: 是 | BK31: 主城区 | BL31: 街边店
A32: 海南省 | B32: 东方市 | C32: 东方市 | D32: 八所镇 | F32: SCN272996 | G32: 东方华商万达广场店-老店帐号 | H32: 55014109 | I32: CNSQCN00054154 | K32: =SUM(T32:AI32) -> 0 | M32: 闭店 | O32: 林昌睿 | P32: 18876836788 | Q32: 海南东⽅市八所镇解放东路与感恩南路交汇处万达⼴场1楼1031 | R32: 100013317601 | S32: 海南鸿运四海电子科技有限公司
A33: 海南省 | B33: 东方市 | C33: 东方市 | D33: 八所镇 | F33: CNSCN300143 | G33: 东方市东海路联通营业厅 | H33: 55014109 | I33: CNSQCN00054158 | K33: =SUM(T33:AI33) -> 0 | M33: 闭店 | O33: 杨江浪 | P33: 18608959300 | Q33: 海南省东方市东海路联通营业厅（树宝宾馆旁） | R33: 100015014301 | S33: 联通华盛通信有限公司海南分公司
A34: 海南省 | B34: 东方市 | C34: 东方市 | D34: 四更镇 | E34: 已存在 | F34: CNSCN128707 | G34: 东方四更金菊全网通手机卖场 | H34: 55014115 | I34: CNSQCN00054163 | J34: 综合卖场 | K34: =SUM(T34:AI34) -> 68 | M34: 营业中 | N34: 排它-电信 | O34: 符金菊 | P34: 18117720757 | Q34: 海南省东方市四更镇镇政府北商品房 | R34: 100079112301 | S34: 东方市四更电信代理服务点 | T34: 34 | U34: 1 | V34: 0 | W34: 5 | X34: 0 | Y34: 5 | Z34: 8 | AA34: 0 | AB34: 15 | AC34: 0 | AD34: 0 | AE34: 0 | AF34: 0 | AG34: 0 | AH34: 0 | AI34: 0 | AJ34: 1 | AK34: 其他 | AL34: 0 | AM34: 1 | AN34: 其他 | AO34: 0 | AP34: 1 | AQ34: 其他 | AR34: 0 | AS34: 0 | AT34: 其他 | AU34: 0 | AV34: 0 | AW34: 其他 | AX34: 0 | AY34: 0 | AZ34: 其他 | BA34: 0 | BB34: 0 | BC34: 0 | BD34: 0 | BE34: 0 | BF34: 0 | BG34: 0 | BH34: 1 | BI34: 1 | BJ34: 是 | BK34: 非主城区 | BL34: 街边店
A35: 海南省 | B35: 东方市 | C35: 东方市 | D35: 大田镇 | E35: 已存在 | F35: CNSCN128704 | G35: 东方大田杰兰手机卖场 | H35: 55014111 | I35: CNSQCN00054156 | J35: 综合卖场 | K35: =SUM(T35:AI35) -> 75 | M35: 营业中 | N35: 排它-电信 | O35: 李杰兰 | P35: 13307543003 | Q35: 海南省东方市大田镇零公里猕猴岭林场一巷11号 | R35: 100073941901 | S35: 东方大田杰兰手机卖场 | T35: 36 | U35: 2 | V35: 0 | W35: 5 | X35: 0 | Y35: 7 | Z35: 12 | AA35: 0 | AB35: 13 | AC35: 0 | AD35: 0 | AE35: 0 | AF35: 0 | AG35: 0 | AH35: 0 | AI35: 0 | AJ35: 1 | AK35: 其他 | AL35: 0 | AM35: 0 | AN35: 其他 | AO35: 0 | AP35: 0 | AQ35: 其他 | AR35: 0 | AS35: 1 | AT35: TOP1 | AU35: 1 | AV35: 0 | AW35: 其他 | AX35: 0 | AY35: 1 | AZ35: TOP2 | BA35: 1 | BB35: 0 | BC35: 0 | BD35: 0 | BE35: 1 | BF35: 0 | BG35: 1 | BH35: 1 | BI35: 3 | BJ35: 是 | BK35: 非主城区 | BL35: 街边店
A36: 海南省 | B36: 东方市 | C36: 东方市 | D36: 大田镇 | E36: 已存在 | F36: CNSCN128701 | G36: 东方大田辰意电信专营店 | H36: 55014111 | I36: CNSQCN00054156 | J36: 综合卖场 | K36: =SUM(T36:AI36) -> 55 | M36: 营业中 | N36: 排它-电信 | O36: 纪定勇 | P36: 17396466123 | Q36: 海南省万宁市万城镇红荣村委会砚田村11队 | R36: 100080562601 | S36: 东方大田辰意电信专营店 | T36: 25 | U36: 3 | V36: 0 | W36: 2 | X36: 0 | Y36: 3 | Z36: 9 | AA36: 0 | AB36: 13 | AC36: 0 | AD36: 0 | AE36: 0 | AF36: 0 | AG36: 0 | AH36: 0 | AI36: 0 | AJ36: 1 | AK36: 其他 | AL36: 0 | AM36: 1 | AN36: 其他 | AO36: 0 | AP36: 1 | AQ36: 其他 | AR36: 0 | AS36: 0 | AT36: 其他 | AU36: 0 | AV36: 0 | AW36: 其他 | AX36: 0 | AY36: 0 | AZ36: 其他 | BA36: 0 | BB36: 0 | BC36: 0 | BD36: 0 | BE36: 0 | BF36: 0 | BG36: 0 | BH36: 1 | BI36: 1 | BJ36: 是 | BK36: 非主城区 | BL36: 街边店
A37: 海南省 | B37: 东方市 | C37: 东方市 | D37: 新龙镇 | E37: 洽谈中 | F37: CNSCN128672 | G37: 东方华侨中国移动东侨达壮营业厅 | H37: 55014116 | I37: CNSQCN00054161 | J37: 综合卖场 | K37: =SUM(T37:AI37) -> 71 | M37: 营业中 | N37: 排它-移动 | O37: 黄硕 | P37: 13976138622 | Q37: 海南省东方市华侨农场 | R37: 200001146301 | S37: 东方华侨经济区侨达手机通讯店 | T37: 33 | U37: 4 | V37: 0 | W37: 2 | X37: 0 | Y37: 10 | Z37: 12 | AA37: 0 | AB37: 10 | AC37: 0 | AD37: 0 | AE37: 0 | AF37: 0 | AG37: 0 | AH37: 0 | AI37: 0 | AJ37: 1 | AK37: 其他 | AL37: 0 | AM37: 1 | AN37: 其他 | AO37: 1 | AP37: 1 | AQ37: 其他 | AR37: 0 | AS37: 0 | AT37: 其他 | AU37: 0 | AV37: 0 | AW37: 其他 | AX37: 0 | AY37: 0 | AZ37: 其他 | BA37: 0 | BB37: 0 | BC37: 0 | BD37: 0 | BE37: 0 | BF37: 0 | BG37: 0 | BH37: 1 | BI37: 1 | BJ37: 是 | BK37: 非主城区 | BL37: 街边店
A38: 海南省 | B38: 东方市 | C38: 东方市 | D38: 八所镇 | E38: 已存在 | F38: CNSCN128670 | G38: 东方市江边移动手机专营店 | H38: 55014109 | I38: CNSQCN00054154 | J38: 综合卖场 | K38: =SUM(T38:AI38) -> 39 | M38: 营业中 | N38: 排它-移动 | O38: 符家政 | P38: 18898933308 | Q38: 海南省东方市江边乡医院旁边 | R38: 100044934901 | S38: 东方市江边移动手机专营店 | T38: 21 | U38: 1 | V38: 0 | W38: 4 | X38: 1 | Y38: 3 | Z38: 2 | AA38: 2 | AB38: 5 | AC38: 0 | AD38: 0 | AE38: 0 | AF38: 0 | AG38: 0 | AH38: 0 | AI38: 0 | AJ38: 1 | AK38: 其他 | AL38: 0 | AM38: 1 | AN38: 其他 | AO38: 0 | AP38: 1 | AQ38: 其他 | AR38: 0 | AS38: 0 | AT38: 其他 | AU38: 0 | AV38: 0 | AW38: 其他 | AX38: 0 | AY38: 0 | AZ38: 其他 | BA38: 0 | BB38: 0 | BC38: 0 | BD38: 0 | BE38: 0 | BF38: 0 | BG38: 0 | BH38: 1 | BI38: 1 | BJ38: 是 | BK38: 非主城区 | BL38: 街边店
A39: 海南省 | B39: 东方市 | C39: 东方市 | D39: 八所镇 | F39: CNSCN128669 | G39: 东方八所强国强正源移动专营店 | H39: 55014109 | I39: CNSQCN00054839 | K39: =SUM(T39:AI39) -> 0 | M39: 闭店 | O39: 谢飞 | P39: 18889498555 | Q39: 海南省东方市东海路三角公园对面正源手机店 | R39: 100024619501 | S39: 东方东海正源通讯店
A40: 海南省 | B40: 东方市 | C40: 东方市 | D40: 八所镇 | E40: 已存在 | F40: CNSCN128668 | G40: 东方八所东海路宏信店 | H40: 55014109 | I40: CNSQCN00054839 | J40: 综合卖场 | K40: =SUM(T40:AI40) -> 131 | M40: 营业中 | N40: 排它-电信 | O40: 曾祥维 | P40: 15091965551 | Q40: 海南省东方市东海路金岛大厦一楼东方八所东海路宏信店 | R40: 100022518601 | S40: 东方市东海高信手机卖场 | T40: 47 | U40: 18 | V40: 1 | W40: 5 | X40: 0 | Y40: 5 | Z40: 22 | AA40: 0 | AB40: 33 | AC40: 0 | AD40: 0 | AE40: 0 | AF40: 0 | AG40: 0 | AH40: 0 | AI40: 0 | AJ40: 1 | AK40: 其他 | AL40: 0 | AM40: 1 | AN40: 其他 | AO40: 0 | AP40: 1 | AQ40: 其他 | AR40: 0 | AS40: 0 | AT40: 其他 | AU40: 0 | AV40: 0 | AW40: 其他 | AX40: 0 | AY40: 0 | AZ40: 其他 | BA40: 0 | BB40: 0 | BC40: 0 | BD40: 0 | BE40: 1 | BF40: 0 | BG40: 1 | BH40: 2 | BI40: 3 | BJ40: 是 | BK40: 主城区 | BL40: 街边店
A41: 海南省 | B41: 东方市 | C41: 东方市 | D41: 八所镇 | E41: 已存在 | F41: CNSCN128666 | G41: 电信连锁-东方解放路营业厅(高信) | H41: 55014109 | I41: CNSQCN00054164 | J41: 运营商厅店 | K41: =SUM(T41:AI41) -> 0 | M41: 营业中 | N41: 排它-电信 | O41: 曾祥维 | P41: 15091965551 | Q41: 海南省东方市解放路万福隆商厦11号铺面手机卖场 | R41: 100022518601 | S41: 东方市东海高信手机卖场
A42: 海南省 | B42: 东方市 | C42: 东方市 | D42: 新龙镇 | E42: 已存在 | F42: CNSCN128665 | G42: 东方华侨经济区一铭手机专营店 | H42: 55014116 | I42: CNSQCN00054161 | J42: 综合卖场 | K42: =SUM(T42:AI42) -> 95 | M42: 营业中 | N42: 排它-电信 | O42: 邢孔强 | P42: 17776818868 | Q42: 海南省东方市东方华侨经济区华侨农场河边队北68号 | R42: 200024855601 | S42: 东方华侨经济区一铭手机专营店(个体工商户) | T42: 36 | U42: 12 | V42: 0 | W42: 10 | X42: 3 | Y42: 0 | Z42: 14 | AA42: 0 | AB42: 20 | AC42: 0 | AD42: 0 | AE42: 0 | AF42: 0 | AG42: 0 | AI42: 0 | AJ42: 1 | AK42: 其他 | AL42: 0 | AM42: 1 | AN42: TOP2 | AO42: 0 | AP42: 1 | AQ42: 其他 | AR42: 0 | AS42: 1 | AT42: 其他 | AU42: 0 | AV42: 0 | AW42: 其他 | AX42: 0 | AY42: 0 | AZ42: 其他 | BA42: 0 | BB42: 0 | BC42: 0 | BD42: 0 | BE42: 0 | BF42: 0 | BG42: 0 | BH42: 1 | BI42: 1 | BJ42: 是 | BK42: 主城区 | BL42: 街边店
A43: 海南省 | B43: 东方市 | C43: 东方市 | D43: 八所镇 | E43: 已存在 | F43: CNSCN128662 | G43: 东方八所乐信东海路移动营业厅 | H43: 55014109 | I43: CNSQCN00054839 | J43: 综合卖场 | K43: =SUM(T43:AI43) -> 261 | M43: 营业中 | N43: 排它-移动 | O43: 高美美 | P43: 18976121811 | Q43: 海南省东方市东海路市建筑公司办公楼一楼北起第3、4间商品房 | R43: 100051972901 | S43: 东方东海乐信手机店 | T43: 78 | U43: 43 | V43: 5 | W43: 20 | X43: 10 | Y43: 0 | Z43: 57 | AA43: 2 | AB43: 38 | AC43: 0 | AD43: 0 | AE43: 1 | AF43: 2 | AG43: 0 | AH43: 3 | AI43: 2 | AJ43: 1 | AK43: TOP2 | AL43: 0 | AM43: 1 | AN43: TOP2 | AO43: 0 | AP43: 1 | AQ43: 其他 | AR43: 0 | AS43: 1 | AT43: TOP1 | AU43: 0 | AV43: 0 | AW43: 其他 | AX43: 0 | AY43: 0 | AZ43: TOP1 | BA43: 0 | BB43: 1 | BC43: 1 | BD43: 0 | BE43: 1 | BF43: 0 | BG43: 1 | BH43: 3 | BI43: 4 | BJ43: 是 | BK43: 主城区 | BL43: 街边店
A44: 海南省 | B44: 东方市 | C44: 东方市 | D44: 大田镇 | E44: 已存在 | F44: CNSCN128660 | G44: 东方大田翰翰通讯店 | H44: 55014111 | I44: CNSQCN00054156 | J44: 综合卖场 | K44: =SUM(T44:AI44) -> 105 | M44: 营业中 | N44: 排它-移动 | O44: 杨泽康 | P44: 18789191851 | Q44: 海南省东方市大田镇零公里财政所西面 | R44: 200024928001 | S44: 东方大田翰翰通讯店（个体工商户） | T44: 43 | U44: 10 | V44: 0 | W44: 5 | X44: 1 | Y44: 5 | Z44: 17 | AA44: 0 | AB44: 24 | AC44: 0 | AD44: 0 | AE44: 0 | AF44: 0 | AG44: 0 | AH44: 0 | AI44: 0 | AJ44: 1 | AK44: 其他 | AL44: 0 | AM44: 1 | AN44: 其他 | AO44: 0 | AP44: 1 | AQ44: 其他 | AR44: 0 | AS44: 0 | AT44: 其他 | AU44: 0 | AV44: 0 | AW44: 其他 | AX44: 0 | AY44: 0 | AZ44: 其他 | BA44: 0 | BB44: 0 | BC44: 0 | BD44: 0 | BE44: 0 | BF44: 0 | BG44: 0 | BH44: 2 | BI44: 2 | BJ44: 是 | BK44: 主城区 | BL44: 街边店
A45: 海南省 | B45: 东方市 | C45: 东方市 | D45: 八所镇 | E45: 已存在 | F45: CNSCN128654 | G45: 东方八所迅达移动专营店 | H45: 55014109 | I45: CNSQCN00054154 | J45: 综合卖场 | K45: =SUM(T45:AI45) -> 49 | M45: 营业中 | N45: 排它-移动 | O45: 尹朝义 | P45: 18689933335 | Q45: 海南省东方市粤海铁路综合楼商品房8、9铺面 | R45: 100049753001 | S45: 东方八所迅达手机专营店 | T45: 23 | U45: 3 | V45: 0 | W45: 3 | X45: 0 | Y45: 2 | Z45: 7 | AA45: 0 | AB45: 11 | AC45: 0 | AD45: 0 | AE45: 0 | AF45: 0 | AG45: 0 | AH45: 0 | AI45: 0 | AJ45: 1 | AK45: 其他 | AL45: 0 | AM45: 0 | AN45: 其他 | AO45: 0 | AP45: 1 | AQ45: 其他 | AR45: 0 | AS45: 0 | AT45: 其他 | AU45: 0 | AV45: 0 | AW45: 其他 | AX45: 0 | AY45: 0 | AZ45: 其他 | BA45: 0 | BB45: 0 | BC45: 0 | BD45: 0 | BE45: 0 | BF45: 0 | BG45: 0 | BH45: 1 | BI45: 1 | BJ45: 是 | BK45: 主城区 | BL45: 街边店
A46: 海南省 | B46: 东方市 | C46: 东方市 | D46: 八所镇 | E46: 无规划 | F46: CNSCN128651 | G46: 东方八所正拓解放分店 | H46: 55014109 | I46: CNSQCN00054157 | J46: 综合卖场 | K46: =SUM(T46:AI46) -> 105 | M46: 营业中 | N46: 排它-移动 | O46: 文世加 | P46: 13976351588 | Q46: 海南省东方市八所镇解放西路惠香楼一楼靠楼梯第一间铺面 | R46: 100084347301 | S46: 东方八所正拓手机分店 | T46: 44 | U46: 8 | V46: 1 | W46: 3 | X46: 0 | Y46: 10 | Z46: 16 | AA46: 0 | AB46: 23 | AC46: 0 | AD46: 0 | AE46: 0 | AF46: 0 | AG46: 0 | AH46: 0 | AI46: 0 | AJ46: 1 | AK46: 其他 | AL46: 0 | AM46: 1 | AN46: 其他 | AO46: 0 | AP46: 1 | AQ46: 其他 | AR46: 0 | AS46: 0 | AT46: 其他 | AU46: 0 | AV46: 0 | AW46: 其他 | AX46: 0 | AY46: 0 | AZ46: 其他 | BA46: 0 | BB46: 0 | BC46: 0 | BD46: 0 | BE46: 0 | BF46: 0 | BG46: 0 | BH46: 2 | BI46: 2 | BJ46: 是 | BK46: 主城区 | BL46: 街边店
A47: 海南省 | B47: 东方市 | C47: 东方市 | D47: 三家镇 | E47: 已存在 | F47: CNSCN242415 | G47: 东方市三家镇电信专营店 | H47: 55014114 | I47: CNSQCN00054162 | J47: 综合卖场 | K47: =SUM(T47:AI47) -> 73 | M47: 营业中 | N47: 排它-电信 | O47: 吉训科 | P47: 18907626109 | Q47: 海南省东方市三家镇邮政旁电信店 | R47: 100080561101 | S47: 东方市三家镇电信特许代办 | T47: 35 | U47: 2 | V47: 0 | W47: 2 | X47: 0 | Y47: 10 | Z47: 9 | AA47: 0 | AB47: 15 | AC47: 0 | AD47: 0 | AE47: 0 | AF47: 0 | AG47: 0 | AH47: 0 | AI47: 0 | AJ47: 0 | AK47: 其他 | AL47: 0 | AM47: 1 | AN47: 其他 | AO47: 0 | AP47: 1 | AQ47: 其他 | AR47: 0 | AS47: 0 | AT47: 其他 | AU47: 0 | AV47: 0 | AW47: 其他 | AX47: 0 | AY47: 0 | AZ47: 其他 | BA47: 0 | BB47: 0 | BC47: 0 | BD47: 0 | BE47: 0 | BF47: 0 | BG47: 0 | BH47: 1 | BI47: 1 | BJ47: 是 | BK47: 主城区 | BL47: 街边店
A48: 海南省 | B48: 东方市 | C48: 东方市 | D48: 八所镇 | E48: 已存在 | F48: CNSCN242411 | G48: 东方八所兴达三角公园电信店 | H48: 55014109 | I48: CNSQCN00054839 | J48: 综合卖场 | K48: =SUM(T48:AI48) -> 128 | M48: 营业中 | N48: 排它-移动 | O48: 苏塔 | P48: 17776918333 | Q48: 海南省东方市八所镇东海路市建筑公司办公楼1楼第三第四间铺面 | R48: 100032170201 | S48: 东方八所兴达数码城 | T48: 38 | U48: 22 | V48: 2 | W48: 12 | X48: 3 | Y48: 2 | Z48: 20 | AA48: 0 | AB48: 25 | AC48: 0 | AD48: 0 | AE48: 1 | AF48: 1 | AG48: 0 | AH48: 2 | AI48: 0 | AJ48: 1 | AK48: TOP1 | AL48: 0 | AM48: 1 | AN48: 其他 | AO48: 0 | AP48: 1 | AQ48: 其他 | AR48: 0 | AS48: 1 | AT48: 其他 | AU48: 1 | AV48: 0 | AW48: 其他 | AX48: 0 | AY48: 0 | AZ48: TOP1 | BA48: 0 | BB48: 0 | BC48: 0 | BD48: 0 | BE48: 1 | BF48: 0 | BG48: 1 | BH48: 2 | BI48: 3 | BJ48: 是 | BK48: 主城区 | BL48: 街边店
A49: 海南省 | B49: 东方市 | C49: 东方市 | D49: 八所镇 | E49: 已存在 | F49: CNSCN304041 | G49: 东方八所园林路联通营业厅 | H49: 55014109 | I49: CNSQCN00054839 | J49: 运营商厅店 | K49: =SUM(T49:AI49) -> 143 | M49: 营业中 | N49: 排它-联通 | O49: 杨江浪 | P49: 18608959300 | Q49: 海南省东方市八所镇汇利大厦一楼联通营业厅 | R49: 100015014301 | S49: 联通华盛通信有限公司海南分公司 | T49: 50 | U49: 18 | V49: 3 | W49: 10 | X49: 7 | Y49: 16 | Z49: 10 | AA49: 2 | AB49: 27 | AC49: 0 | AD49: 0 | AE49: 0 | AF49: 0 | AG49: 0 | AH49: 0 | AI49: 0 | AJ49: 1 | AK49: TOP1 | AL49: 0 | AM49: 1 | AN49: 其他 | AO49: 1 | AP49: 1 | AQ49: 其他 | AR49: 0 | AS49: 0 | AT49: 其他 | AU49: 0 | AV49: 0 | AW49: 其他 | AX49: 0 | AY49: 0 | AZ49: 其他 | BA49: 0 | BB49: 0 | BC49: 0 | BD49: 0 | BE49: 0 | BF49: 0 | BG49: 0 | BH49: 3 | BI49: 3 | BJ49: 是 | BK49: 主城区 | BL49: 街边店
A50: 海南省 | B50: 东方市 | C50: 东方市 | D50: 东河镇 | E50: 已存在 | F50: RYCM08980064 | G50: 东方东河嘉城东风路移动营业厅 | H50: 55014110 | I50: CNSQCN00054159 | J50: 综合卖场 | K50: =SUM(T50:AI50) -> 229 | M50: 营业中 | N50: 排它-移动 | O50: 郭计梅 | P50: 13976528058 | Q50: 海南省东方市东河镇东风路7-7号八号九号商铺 | R50: 100046031901 | S50: 东方大田嘉铖通讯 | T50: 95 | U50: 19 | V50: 1 | W50: 35 | X50: 0 | Y50: 7 | Z50: 32 | AA50: 0 | AB50: 40 | AC50: 0 | AD50: 0 | AE50: 0 | AF50: 0 | AG50: 0 | AH50: 0 | AI50: 0 | AJ50: 1 | AK50: TOP1 | AL50: 0 | AM50: 1 | AN50: 其他 | AO50: 0 | AP50: 1 | AQ50: 其他 | AR50: 0 | AS50: 0 | AT50: 其他 | AU50: 0 | AV50: 0 | AW50: 其他 | AX50: 0 | AY50: 0 | AZ50: 其他 | BA50: 0 | BB50: 0 | BC50: 0 | BD50: 0 | BE50: 0 | BF50: 0 | BG50: 1 | BH50: 3 | BI50: 4 | BJ50: 是 | BK50: 非主城区 | BL50: 街边店
A51: 海南省 | B51: 东方市 | C51: 东方市 | D51: 八所镇 | E51: 已存在 | F51: RYCM08980030 | G51: 东方八所东海路高信旗舰店 | H51: 55014109 | I51: CNSQCN00054839 | J51: 综合卖场 | K51: =SUM(T51:AI51) -> 314 | M51: 营业中 | N51: 排它-电信 | O51: 童仕宁 | P51: 18789787878 | Q51: 海南省东方市八所镇东海路树宝宾馆旁 | R51: 100022518601 | S51: 东方市东海高信手机卖场 | T51: 85 | U51: 58 | V51: 8 | W51: 49 | X51: 0 | Y51: 6 | Z51: 40 | AA51: 2 | AB51: 55 | AC51: 1 | AD51: 0 | AE51: 3 | AF51: 1 | AG51: 1 | AH51: 4 | AI51: 1 | AJ51: 1 | AK51: TOP1 | AL51: 0 | AM51: 1 | AN51: TOP3 | AO51: 0 | AP51: 1 | AQ51: 其他 | AR51: 0 | AS51: 1 | AT51: 其他 | AU51: 1 | AV51: 0 | AW51: 其他 | AX51: 0 | AY51: 0 | AZ51: 其他 | BA51: 0 | BB51: 1 | BC51: 0 | BD51: 0 | BE51: 1 | BF51: 0 | BG51: 2 | BH51: 4 | BI51: 7 | BJ51: 是 | BK51: 主城区 | BL51: 街边店
A52: 海南省 | B52: 东方市 | C52: 东方市 | D52: 感城镇 | E52: 已存在 | F52: RYCT08980031 | G52: 东方感城腾龙河堤路电信营业厅 | H52: 55014112 | I52: CNSQCN00054160 | J52: 综合卖场 | K52: =SUM(T52:AI52) -> 135 | M52: 营业中 | N52: 排它-电信 | O52: 王健 | P52: 18976125399 | Q52: 海南省东方市感城镇河堤路18号 | R52: 100061969301 | S52: 东方感城腾龙手机专卖店 | T52: 43 | U52: 24 | V52: 1 | W52: 8 | X52: 0 | Y52: 11 | Z52: 23 | AA52: 0 | AB52: 25 | AC52: 0 | AD52: 0 | AE52: 0 | AF52: 0 | AG52: 0 | AH52: 0 | AI52: 0 | AJ52: 1 | AK52: TOP2 | AL52: 0 | AM52: 1 | AN52: 其他 | AO52: 0 | AP52: 1 | AQ52: 其他 | AR52: 0 | AS52: 1 | AT52: 其他 | AU52: 0 | AV52: 0 | AW52: 其他 | AX52: 0 | AY52: 0 | AZ52: 其他 | BA52: 0 | BB52: 0 | BC52: 0 | BD52: 0 | BE52: 0 | BF52: 0 | BG52: 1 | BH52: 4 | BI52: 5 | BJ52: 是 | BK52: 非主城区 | BL52: 街边店
A53: 海南省 | B53: 东方市 | C53: 东方市 | D53: 八所镇 | F53: CNSCN132727 | G53: 东方八所得源手机店 | H53: 55014109 | I53: CNSQCN00054839 | K53: =SUM(T53:AI53) -> 0 | M53: 闭店 | O53: 符俊强 | P53: 13111940222 | Q53: 海南省东方市八所镇东海路地道战综合楼一楼中国电信万信手机店 | R53: 100073664301 | S53: 东方八所万信手机店
A54: 海南省 | B54: 东方市 | C54: 东方市 | E54: 已存在 | F54: CNSCN380728 | G54: 东方八所东海路诗欣移动专营店 | H54: 45139021 | J54: 综合卖场 | K54: =SUM(T54:AI54) -> 66 | M54: 营业中 | N54: 排它-移动 | O54: 苏塔 | P54: 17776918333 | Q54: 海南省东方市八所镇东海路57号 | R54: 100032170201 | S54: 东方八所兴达数码城 | T54: 29 | U54: 4 | V54: 0 | W54: 9 | X54: 10 | Y54: 0 | Z54: 9 | AA54: 0 | AB54: 5 | AC54: 0 | AD54: 0 | AE54: 0 | AF54: 0 | AG54: 0 | AH54: 0 | AI54: 0 | AJ54: 1 | AK54: TOP1 | AL54: 0 | AM54: 0 | AN54: TOP2 | AO54: 0 | AP54: 0 | AQ54: 其他 | AR54: 0 | AS54: 0 | AT54: 其他 | AU54: 0 | AV54: 0 | AW54: 其他 | AX54: 0 | AY54: 0 | AZ54: 其他 | BA54: 0 | BB54: 0 | BC54: 0 | BD54: 0 | BE54: 0 | BF54: 0 | BG54: 0 | BH54: 2 | BI54: 2 | BJ54: 是 | BK54: 主城区 | BL54: 街边店
A55: 海南省 | B55: 东方市 | C55: 东方市 | D55: 八所镇 | E55: 已存在 | F55: CNSCN110782 | G55: 东方八所人民南路东智电信专营店 | H55: 55014109 | I55: CNSQCN00054154 | J55: 综合卖场 | K55: =SUM(T55:AI55) -> 0 | M55: 营业中 | N55: 排它-电信 | O55: 张业慧 | P55: 18976543282 | Q55: 人民南路梦之乡宾馆斜对面
A56: 海南省 | B56: 东方市 | C56: 东方市 | D56: 八所镇 | E56: 已存在 | F56: CNSCN350832 | G56: 东方八所琼西路巨为移动专营店-外场 | H56: 55014109 | I56: CNSQCN00054154 | J56: 综合卖场 | K56: =SUM(T56:AI56) -> 0 | M56: 营业中 | N56: 排它-移动 | O56: 符重鹏 | P56: 15109896206 | Q56: 东方市八所镇琼西路九巷1号 | R56: 200018297501 | S56: 东方八所巨为手机连锁店
A57: 海南省 | B57: 东方市 | C57: 东方市 | D57: 八所镇 | E57: 已存在 | F57: CNSCN364617 | G57: 东方东海八所乐信手机店 | H57: 55014109 | I57: CNSQCN00054865 | J57: 综合卖场 | K57: =SUM(T57:AI57) -> 158 | M57: 营业中 | N57: 排它-移动 | O57: 李达雄 | P57: 18789785851 | Q57: 海南省东方市八所镇东方市解放中路华人国际一楼A1008号 | R57: 100051972901 | S57: 东方东海乐信手机店 | T57: 53 | U57: 23 | V57: 5 | W57: 5 | X57: 2 | Y57: 13 | Z57: 30 | AA57: 2 | AB57: 25 | AC57: 0 | AD57: 0 | AE57: 0 | AF57: 0 | AG57: 0 | AH57: 0 | AI57: 0 | AJ57: 0 | AK57: 其他 | AL57: 0 | AM57: 1 | AN57: TOP3 | AO57: 0 | AP57: 1 | AQ57: 其他 | AR57: 0 | AS57: 1 | AT57: 其他 | AU57: 0 | AV57: 0 | AW57: 其他 | AX57: 0 | AY57: 0 | AZ57: 其他 | BA57: 0 | BB57: 0 | BC57: 0 | BD57: 0 | BE57: 1 | BF57: 0 | BG57: 1 | BH57: 3 | BI57: 5 | BJ57: 是 | BK57: 主城区 | BL57: 街边店
A58: 海南省 | B58: 东方市 | C58: 东方市 | D58: 八所镇 | E58: 已存在 | F58: CNSCN372720 | G58: 东方八所海港移动专营店 | H58: 55014109 | I58: CNSQCN00054154 | J58: 综合卖场 | K58: =SUM(T58:AI58) -> 0 | M58: 营业中 | N58: 排它-移动 | O58: 吉世喜 | P58: 18389629120 | Q58: 东方市八所镇友谊路外轮公司的商场 | R58: 100081825201 | S58: 东方八所海港中国移动通信指定专营店
A59: 海南省 | B59: 东方市 | C59: 东方市 | D59: 八所镇 | F59: CNSCN335924 | G59: 东方解放路兴达电信专营店 | H59: 55014109 | I59: CNSQCN00054157 | K59: 0 | M59: 闭店 | O59: 苏塔 | P59: 13198958799 | Q59: 东方市解放路17号（市一小旁） | R59: 100032170201 | S59: 东方八所兴达数码城
A60: 海南省 | B60: 东方市 | C60: 东方市 | D60: 八所镇 | F60: CNSCN128706 | G60: 东方琼西路电信专营店 | H60: 55014109 | I60: CNSQCN00054154 | K60: =SUM(T60:AI60) -> 0 | M60: 闭店 | O60: 翁其庆 | P60: 18089820168 | Q60: 海南省东方路八所镇琼西路49巷91-3（民中正对面）
A61: 海南省 | B61: 东方市 | C61: 东方市 | D61: 八所镇 | F61: CNSCN128705 | G61: 东方琼西路电信营业厅 | H61: 55014109 | I61: CNSQCN00054154 | K61: =SUM(T61:AI61) -> 0 | M61: 闭店 | O61: 彭凤美 | P61: 18976341890 | Q61: 海南省东方市琼西路西侧59巷巷口铺面
A62: 海南省 | B62: 东方市 | C62: 东方市 | D62: 八所镇 | E62: 已存在 | F62: CNSCN128697 | G62: 东方四更移动通讯专营店 | H62: 55014109 | I62: CNSQCN00054154 | J62: 综合卖场 | K62: =SUM(T62:AI62) -> 55 | M62: 营业中 | N62: 排它-移动 | O62: 吉家卓 | P62: 13976988658 | Q62: 海南省东方市四更镇中心小学门口右第二栋楼 | T62: 26 | U62: 2 | V62: 0 | W62: 2 | X62: 0 | Y62: 5 | Z62: 10 | AA62: 0 | AB62: 10 | AC62: 0 | AD62: 0 | AE62: 0 | AF62: 0 | AG62: 0 | AH62: 0 | AI62: 0 | AJ62: 0 | AK62: 其他 | AL62: 0 | AM62: 1 | AN62: 其他 | AO62: 0 | AP62: 1 | AQ62: 其他 | AR62: 0 | AS62: 0 | AT62: 其他 | AU62: 0 | AV62: 0 | AW62: 其他 | AX62: 0 | AY62: 0 | AZ62: 其他 | BA62: 0 | BB62: 0 | BC62: 0 | BD62: 0 | BE62: 0 | BF62: 0 | BG62: 0 | BH62: 1 | BI62: 1 | BJ62: 是 | BK62: 非主城区 | BL62: 街边店
A63: 海南省 | B63: 东方市 | C63: 东方市 | D63: 八所镇 | F63: CNSCN128679 | G63: 东方东海锐智移动专营店 | H63: 55014109 | I63: CNSQCN00054154 | K63: =SUM(T63:AI63) -> 0 | M63: 闭店 | O63: 周莲 | P63: 18876057073 | Q63: 海南省东方市八所镇琼西路民族中学大门南侧起第12，13间
A64: 海南省 | B64: 东方市 | C64: 东方市 | D64: 板桥镇 | E64: 已存在 | F64: CNSCN368165 | G64: 东方板桥荣泰手机店 | H64: 55014113 | I64: CNSQCN00054155 | J64: 综合卖场 | K64: =SUM(T64:AI64) -> 155 | M64: 营业中 | N64: 排它-移动 | O64: 符开芳 | P64: 136975831145 | Q64: 海南省东方市板桥镇复兴北路42号 | R64: 200025604301 | S64: 东方板桥荣泰手机店(个体工商户) | T64: 71 | U64: 7 | V64: 0 | W64: 22 | X64: 0 | Y64: 5 | Z64: 20 | AA64: 0 | AB64: 30 | AC64: 0 | AD64: 0 | AE64: 0 | AF64: 0 | AG64: 0 | AH64: 0 | AI64: 0 | AJ64: 0 | AK64: 其他 | AL64: 0 | AM64: 1 | AN64: 其他 | AO64: 0 | AP64: 1 | AQ64: 其他 | AR64: 0 | AS64: 0 | AT64: 其他 | AU64: 0 | AV64: 0 | AW64: 其他 | AX64: 0 | AY64: 0 | AZ64: 其他 | BA64: 0 | BB64: 0 | BC64: 0 | BD64: 0 | BE64: 0 | BF64: 0 | BG64: 0 | BH64: 2 | BI64: 2 | BJ64: 是 | BK64: 非主城区 | BL64: 街边店
A65: 海南省 | B65: 东方市 | C65: 东方市 | D65: 八所镇 | E65: 已存在 | F65: CNSCN367796 | G65: 东方八所兴达东海路移动店 | H65: 55014109 | I65: CNSQCN00054158 | J65: 综合卖场 | K65: =SUM(T65:AI65) -> 128 | M65: 营业中 | N65: 排它-移动 | O65: 苏塔 | P65: 17776918333 | Q65: 海南省东方市八所镇东海路金岛大厦一二层103-105商铺 | R65: 100032170201 | S65: 东方八所兴达数码城 | T65: 38 | U65: 22 | V65: 2 | W65: 25 | X65: 3 | Y65: 2 | Z65: 12 | AA65: 0 | AB65: 20 | AC65: 0 | AD65: 0 | AE65: 1 | AF65: 1 | AG65: 0 | AH65: 2 | AI65: 0 | AJ65: 1 | AK65: TOP1 | AL65: 0 | AM65: 1 | AN65: 其他 | AO65: 0 | AP65: 1 | AQ65: 其他 | AR65: 0 | AS65: 1 | AT65: 其他 | AU65: 1 | AV65: 0 | AW65: 其他 | AX65: 0 | AY65: 0 | AZ65: TOP1 | BA65: 0 | BB65: 0 | BC65: 0 | BD65: 0 | BE65: 1 | BF65: 0 | BG65: 1 | BH65: 2 | BI65: 3 | BJ65: 是 | BK65: 主城区 | BL65: 街边店
A66: 海南省 | B66: 东方市 | C66: 东方市 | D66: 八所镇 | E66: 无规划 | F66: 469000232 | G66: 东方华商万达广场VIVO专卖店店 | J66: VIVO体验店 | K66: =SUM(T66:AI66) -> 10 | M66: 不合作 | N66: 公开 | T66: 5 | U66: 0 | V66: 0 | W66: 2 | X66: 0 | Y66: 0 | Z66: 3 | AA66: 0 | AB66: 0 | AC66: 0 | AD66: 0 | AE66: 0 | AF66: 0 | AG66: 0 | AH66: 0 | AI66: 0 | AJ66: 0 | AK66: 其他 | AL66: 0 | AM66: 0 | AN66: 其他 | AO66: 0 | AP66: 0 | AQ66: 其他 | AR66: 0 | AS66: 1 | AT66: TOP1 | AU66: 1 | AV66: 0 | AW66: 其他 | AX66: 0 | AY66: 0 | AZ66: 其他 | BA66: 0 | BB66: 0 | BC66: 0 | BD66: 0 | BE66: 1 | BF66: 0 | BG66: 0 | BH66: 3 | BI66: 4 | BJ66: 是 | BK66: 主城区 | BL66: MALL店
A67: 海南省 | B67: 东方市 | C67: 东方市 | D67: 八所镇 | F67: 469000471 | G67: 东方八所琼西创城手机店 | K67: =SUM(T67:AI67) -> 0 | M67: 闭店
A68: 海南省 | B68: 东方市 | C68: 东方市 | D68: 八所镇 | E68: 无规划 | F68: 469000470 | G68: 东方万达新燕海苹果体验店 | J68: 苹果体验店 | K68: =SUM(T68:AI68) -> 15 | M68: 不合作 | T68: 8 | U68: 0 | V68: 0 | W68: 0 | X68: 0 | Y68: 0 | Z68: 2 | AA68: 0 | AB68: 5 | AC68: 0 | AD68: 0 | AE68: 0 | AF68: 0 | AG68: 0 | AH68: 0 | AI68: 0 | AJ68: 0 | AK68: 其他 | AL68: 0 | AM68: 0 | AN68: 其他 | AO68: 0 | AP68: 0 | AQ68: 其他 | AR68: 0 | AS68: 0 | AT68: 其他 | AU68: 0 | AV68: 1 | AW68: TOP1 | AX68: 1 | AY68: 0 | AZ68: 其他 | BA68: 0 | BB68: 0 | BC68: 0 | BD68: 0 | BE68: 0 | BF68: 0 | BG68: 0 | BH68: 4 | BI68: 4 | BJ68: 否 | BK68: 主城区 | BL68: MALL店
A69: 海南省 | B69: 东方市 | C69: 东方市 | F69: 469000071 | G69: 东方大田宏生移动专营店 | K69: =SUM(T69:AI69) -> 0 | M69: 闭店
A70: 海南省 | B70: 东方市 | C70: 东方市 | F70: 469000431 | G70: 东方市城东移动专营店 | K70: =SUM(T70:AI70) -> 0 | M70: 闭店
A71: 海南省 | B71: 东方市 | C71: 东方市 | D71: 八所镇 | F71: RYCM08980066 | G71: 东方八所王者天创东海路旗舰店 | K71: =SUM(T71:AI71) -> 0 | M71: 闭店
A72: 海南省 | B72: 东方市 | C72: 东方市 | D72: 八所镇 | F72: CNSCN299923 | G72: 东方八所乐信万福隆移动专营店 | K72: =SUM(T72:AI72) -> 0 | M72: 闭店
A73: 海南省 | B73: 东方市 | C73: 东方市 | F73: 469000074 | G73: 东方大田抱板电信营业厅 | K73: =SUM(T73:AI73) -> 0 | M73: 闭店
A74: 海南省 | B74: 东方市 | C74: 东方市 | F74: 469000396 | G74: 东方八所启翔手机店 | K74: =SUM(T74:AI74) -> 0 | M74: 闭店
A75: 海南省 | B75: 东方市 | C75: 东方市 | F75: 469000398 | G75: 东方四更嘉信移动专营店 | K75: =SUM(T75:AI75) -> 0 | M75: 闭店
A76: 海南省 | B76: 东方市 | C76: 东方市 | D76: 八所镇 | F76: CNSCN128667 | G76: 东方板桥高信手机店 | K76: =SUM(T76:AI76) -> 0 | M76: 闭店
A77: 海南省 | B77: 东方市 | C77: 东方市 | D77: 板桥镇 | F77: CNSCN110793 | G77: 东方板桥浍信移动通信专营店 | K77: =SUM(T77:AI77) -> 0 | M77: 闭店
A78: 海南省 | B78: 东方市 | C78: 东方市 | F78: 469000205 | G78: 东方板桥森威通讯店 | K78: =SUM(T78:AI78) -> 0 | M78: 闭店
A79: 海南省 | B79: 东方市 | C79: 东方市 | D79: 板桥镇 | F79: CNSCN284845 | G79: 东方市板桥新创移动专营店 | K79: =SUM(T79:AI79) -> 0 | M79: 闭店
A80: 海南省 | B80: 东方市 | C80: 东方市 | D80: 板桥镇 | F80: 469000206 | G80: 东方板桥嘉一通信店 | K80: =SUM(T80:AI80) -> 0 | M80: 闭店
A81: 海南省 | B81: 东方市 | C81: 东方市 | D81: 大田镇 | F81: 469000430 | G81: 东方大田锐博移动营业厅 | K81: =SUM(T81:AI81) -> 0 | M81: 闭店
A82: 海南省 | B82: 东方市 | C82: 东方市 | D82: 八所镇 | E82: 已存在 | F82: 469000429 | G82: 东方八所永飞移动专营店 | J82: 综合卖场 | K82: =SUM(T82:AI82) -> 53 | M82: 营业中 | N82: 排它-移动 | T82: 21 | U82: 4 | V82: 2 | W82: 5 | X82: 0 | Y82: 2 | Z82: 7 | AA82: 0 | AB82: 12 | AC82: 0 | AD82: 0 | AE82: 0 | AF82: 0 | AG82: 0 | AH82: 0 | AI82: 0 | AJ82: 0 | AK82: 其他 | AL82: 0 | AM82: 1 | AN82: 其他 | AO82: 0 | AP82: 1 | AQ82: 其他 | AR82: 0 | AS82: 0 | AT82: 其他 | AU82: 0 | AV82: 0 | AW82: 其他 | AX82: 0 | AY82: 0 | AZ82: 其他 | BA82: 0 | BB82: 0 | BC82: 0 | BD82: 0 | BE82: 0 | BF82: 0 | BG82: 0 | BH82: 2 | BI82: 2 | BJ82: 是 | BK82: 主城区 | BL82: 街边店
A83: 海南省 | B83: 东方市 | C83: 东方市 | D83: 感城镇 | E83: 无规划 | F83: CNSCN242413 | G83: 东方市感城镇华为授权体验店 | J83: 华为堡垒店 | K83: =SUM(T83:AI83) -> 66 | M83: 不合作 | N83: 排它-电信 | T83: 27 | U83: 4 | V83: 2 | W83: 0 | X83: 33 | Y83: 0 | Z83: 0 | AA83: 0 | AB83: 0 | AC83: 0 | AD83: 0 | AE83: 0 | AG83: 0 | AI83: 0 | AJ83: 0 | AK83: 其他 | AL83: 0 | AM83: 1 | AN83: TOP1 | AO83: 1 | AP83: 0 | AQ83: 其他 | AR83: 0 | AS83: 0 | AT83: 其他 | AU83: 0 | AV83: 0 | AW83: 其他 | AX83: 0 | AY83: 0 | AZ83: 其他 | BA83: 0 | BB83: 0 | BC83: 0 | BD83: 0 | BE83: 0 | BF83: 0 | BG83: 0 | BH83: 2 | BI83: 2 | BJ83: 是 | BK83: 非主城区 | BL83: 街边店
A84: 海南省 | B84: 东方市 | C84: 东方市 | D84: 八所镇 | F84: 469000466 | G84: 东方八所张创叶手机店 | K84: =SUM(T84:AI84) -> 0 | M84: 闭店
A85: 海南省 | B85: 东方市 | C85: 东方市 | D85: 八所镇 | E85: 无规划 | F85: CNSCN226572 | G85: 东方八所东海路OPPO专卖2店 | J85: OPPO体验店 | K85: =SUM(T85:AI85) -> 59 | M85: 不合作 | N85: 排它-电信 | T85: 27 | U85: 3 | V85: 0 | W85: 3 | X85: 10 | Y85: 13 | Z85: 2 | AA85: 1 | AB85: 0 | AC85: 0 | AD85: 0 | AE85: 0 | AF85: 0 | AG85: 0 | AH85: 0 | AI85: 0 | AJ85: 1 | AK85: 其他 | AL85: 1 | AM85: 0 | AN85: 其他 | AO85: 0 | AP85: 1 | AQ85: 其他 | AR85: 0 | AS85: 0 | AT85: 其他 | AU85: 0 | AV85: 0 | AW85: 其他 | AX85: 0 | AY85: 0 | AZ85: 其他 | BA85: 0 | BB85: 0 | BC85: 0 | BD85: 0 | BE85: 0 | BF85: 0 | BG85: 3 | BH85: 0 | BI85: 3 | BJ85: 是 | BK85: 主城区 | BL85: 街边店
A86: 海南省 | B86: 东方市 | C86: 东方市 | D86: 八所镇 | F86: 469000465 | G86: 东方八所琼西锐新手机店 | K86: =SUM(T86:AI86) -> 0 | M86: 闭店
A87: 海南省 | B87: 东方市 | C87: 东方市 | D87: 八所镇 | F87: CNSCN128661 | G87: 东方东海华鑫电信专营店 | K87: =SUM(T87:AI87) -> 0 | M87: 闭店
A88: 海南省 | B88: 东方市 | C88: 东方市 | D88: 八所镇 | E88: 无规划 | F88: CNSCN317587 | G88: 东方顺万达兴华为体验店 | J88: 华为授权体验店 | K88: =SUM(T88:AI88) -> 116 | M88: 不合作 | N88: 公开 | T88: 31 | U88: 15 | V88: 0 | W88: 10 | X88: 8 | Y88: 5 | Z88: 5 | AA88: 0 | AB88: 17 | AC88: 0 | AD88: 4 | AE88: 0 | AF88: 6 | AG88: 4 | AH88: 6 | AI88: 5 | AJ88: 0 | AK88: 其他 | AL88: 0 | AM88: 1 | AN88: TOP1 | AO88: 1 | AP88: 0 | AQ88: 其他 | AR88: 0 | AS88: 0 | AT88: 其他 | AU88: 0 | AV88: 0 | AW88: 其他 | AX88: 0 | AY88: 0 | AZ88: 其他 | BA88: 0 | BB88: 0 | BC88: 1 | BD88: 0 | BE88: 0 | BF88: 0 | BG88: 0 | BH88: 3 | BI88: 3 | BJ88: 是 | BK88: 主城区 | BL88: MALL店
A89: 海南省 | B89: 东方市 | C89: 东方市 | D89: 八所镇 | E89: 已存在 | F89: 469000467 | G89: 东方城东荣泰手机专营店 | J89: 综合卖场 | K89: =SUM(T89:AI89) -> 59 | M89: 营业中 | N89: 排它-移动 | T89: 27 | U89: 3 | V89: 0 | W89: 3 | X89: 8 | Y89: 13 | Z89: 0 | AA89: 5 | AB89: 0 | AC89: 0 | AD89: 0 | AE89: 0 | AF89: 0 | AG89: 0 | AH89: 0 | AI89: 0 | AJ89: 0 | AK89: 其他 | AL89: 0 | AM89: 0 | AN89: 其他 | AO89: 0 | AP89: 0 | AQ89: 其他 | AR89: 0 | AS89: 1 | AT89: 其他 | AU89: 0 | AV89: 0 | AW89: 其他 | AX89: 0 | AY89: 1 | AZ89: TOP2 | BA89: 0 | BB89: 0 | BC89: 0 | BD89: 0 | BE89: 0 | BF89: 0 | BG89: 0 | BH89: 2 | BI89: 2 | BJ89: 是 | BK89: 非主城区 | BL89: 街边店
A90: 海南省 | B90: 东方市 | F90: CNSCN128653 | G90: 东方八所新一佳联通营业厅 | K90: =SUM(T90:AI90) -> 0 | M90: 闭店
A91: 海南省 | B91: 东方市 | E91: 无规划 | F91: 469000231 | G91: 东方金鹏万达OPPO体验店 | J91: OPPO体验店 | K91: =SUM(T91:AI91) -> 56 | M91: 不合作 | N91: 公开 | T91: 27 | U91: 1 | V91: 0 | W91: 0 | X91: 0 | Y91: 0 | Z91: 0 | AA91: 0 | AB91: 28 | AC91: 0 | AD91: 0 | AE91: 0 | AF91: 0 | AG91: 0 | AH91: 0 | AI91: 0 | AJ91: 0 | AK91: 其他 | AL91: 0 | AM91: 0 | AN91: 其他 | AO91: 0 | AP91: 0 | AQ91: 其他 | AR91: 0 | AS91: 0 | AT91: 其他 | AU91: 1 | AV91: 0 | AW91: 其他 | AX91: 0 | AY91: 1 | AZ91: TOP1 | BA91: 0 | BB91: 0 | BC91: 0 | BD91: 0 | BE91: 0 | BF91: 0 | BG91: 0 | BH91: 2 | BI91: 2 | BJ91: 是 | BK91: 主城区 | BL91: MALL店
A92: 海南省 | B92: 东方市 | F92: 469000257 | G92: 东方八所东海路OPPO专卖 | K92: =SUM(T92:AI92) -> 0 | M92: 闭店
A93: 海南省 | B93: 东方市 | F93: 469000399 | G93: 东方八所加一移动专营店 | K93: =SUM(T93:AI93) -> 0 | M93: 闭店
A94: 海南省 | B94: 东方市 | F94: 469000397 | G94: 东方东海世纪移动专营店 | K94: =SUM(T94:AI94) -> 0 | M94: 闭店
A95: 海南省 | B95: 东方市 | E95: 无规划 | F95: RYCM08980031 | G95: 东方八所顺兴东海路旗舰店 | J95: 华为堡垒店 | K95: =SUM(T95:AI95) -> 72 | M95: 不合作 | N95: 公开 | T95: 23 | U95: 3 | V95: 3 | W95: 5 | X95: 5 | Y95: 6 | Z95: 3 | AA95: 5 | AB95: 0 | AC95: 0 | AD95: 2 | AE95: 0 | AF95: 5 | AG95: 2 | AH95: 5 | AI95: 5 | AJ95: 0 | AK95: 其他 | AL95: 0 | AM95: 1 | AN95: TOP1 | AO95: 1 | AP95: 0 | AQ95: 其他 | AR95: 0 | AS95: 0 | AT95: 其他 | AU95: 0 | AV95: 0 | AW95: 其他 | AX95: 0 | AY95: 0 | AZ95: 其他 | BA95: 0 | BB95: 0 | BC95: 0 | BD95: 0 | BE95: 0 | BF95: 0 | BG95: 0 | BH95: 4 | BI95: 4 | BJ95: 是 | BK95: 主城区 | BL95: 街边店
A96: 海南省 | B96: 东方市 | E96: 已存在 | F96: CNSCN242414 | G96: 东方市板桥镇华为授权体验店 | K96: =SUM(T96:AI96) -> 0 | M96: 闭店
A97: 海南省 | B97: 东方市 | E97: 已存在 | F97: CNSCN317553 | G97: 东方城东鑫飞强电信手机卖场 | K97: =SUM(T97:AI97) -> 0 | M97: 闭店
A98: 海南省 | B98: 东方市 | E98: 已存在 | F98: 469000079 | G98: 东方东河南清电信专营店 | K98: =SUM(T98:AI98) -> 0 | M98: 闭店
A99: 海南省 | B99: 东方市 | E99: 已存在 | F99: 469000395 | G99: 东方大田零公里服务点 | K99: =SUM(T99:AI99) -> 0 | M99: 闭店
A100: 海南省 | B100: 东方市 | E100: 已存在 | F100: CNSCN128658 | G100: 东方城东达达移动专营店 | K100: =SUM(T100:AI100) -> 0 | M100: 闭店
...

Sheet 通讯客户沙盘
A1: 位置信息 | E1: 客户基础信息 | U1: 客户门店信息/个 （只填数字即可，不加单位） | AF1: 客户促销员信息/个 （只填数字即可，不加单位） | AO1: 客户手机销量/台 （只填数字即可，不加单位） | BJ1: 客户全场景销量/台 （只填数字即可，不加单位） | BQ1: 其他信息
A2: 省份 | B2: 地市 | C2: 县区 | D2: 乡镇 | E2: 是否跨省份 | F2: 是否跨地市 | G2: Account Name(R) | H2: 渠道编码Channel ID(R) | I2: 客户圈层 | J2: 华为客户属性 | K2: OPPO客户层级 | L2: vivo客户层级 | M2: 小米客户层级 | N2: 运营商属性 | O2: 是否为友商代理商 | P2: 是否有小米/华为车授权 | Q2: 老板姓名 | R2: 老板联系电话 | S2: 操盘手姓名 | T2: 操盘手联系电话 | U2: 客户门店总数量 | V2: 综合门店数 | W2: 有荣耀形象的综合门店数 | X2: 专卖店总数 | Y2: 客户荣耀专卖店总数 | Z2: 客户VIVO专卖店总数 | AA2: 客户OPPO专卖店总数 | AB2: 客户华为专卖店总数 | AC2: 客户小米专卖店总数 | AD2: 客户苹果专卖店总数 | AE2: 客户其他品牌店专卖店总数 | AF2: 促销员总数 | AG2: 自有店员数 | AH2: 厂家促销员 | AI2: 荣耀厂家促销员 | AJ2: VIVO厂家促销员 | AK2: OPPO厂家促销员 | AL2: 华为厂家促销员 | AM2: 小米厂家促销员 | AN2: apple厂家促销员 | AO2: 月均CAPA（总体） | AP2: 月均CAPA（零售） | AQ2: 月均CAPA（分销） | AR2: 0-2500元档位零售容量 | AS2: 2500-4000元档位零售容量 | AT2: >4000元档位零售容量 | AU2: 客户荣耀总体月均零售容量 | AV2: 客户VIVO总体月均零售容量 | AW2: 客户OPPO总体月均零售容量 | AX2: 客户华为总体月均零售容量 | AY2: 客户小米总体月均零售容量 | AZ2: 客户苹果总体月均零售容量 | BA2: 月均CAPA(综合店) | BB2: 月均CAPA(专卖店) | BC2: 荣耀专卖店月均零售容量 | BD2: VIVO专卖店月均零售容量 | BE2: OPPO专卖店月均零售容量 | BF2: 华为专卖店月均零售容量 | BG2: 小米专卖店月均零售容量 | BH2: 苹果专卖店月均零售容量 | BI2: 其他专卖店月均零售容量 | BJ2: 荣耀PC销量 | BK2: 华为PC销量 | BL2: 荣耀平板销量 | BM2: 华为平板销量 | BN2: PC销量 | BO2: 平板销量 | BP2: 手表销量 | BQ2: 当前客户使用何种系统（例如九讯云、管家婆等）
A3: 门店沙盘卷积 | B3: 门店沙盘卷积 | C3: 门店沙盘卷积 | D3: 门店沙盘卷积 | E3: 手工录入 | F3: 手工录入 | G3: 门店沙盘卷积（自动卷积） | H3: 门店沙盘卷积 | I3: 手工录入 | J3: 手工录入 | K3: 手工录入 | L3: 手工录入 | M3: 手工录入 | N3: 手工录入 | O3: 手工录入 | P3: 手工录入 | Q3: 手工录入 | R3: 手工录入 | S3: 手工录入 | T3: 手工录入 | U3: 门店沙盘卷积 | V3: 门店沙盘卷积 | W3: 门店沙盘卷积 | X3: 门店沙盘卷积 | Y3: 门店沙盘卷积 | Z3: 门店沙盘卷积 | AA3: 门店沙盘卷积 | AB3: 门店沙盘卷积 | AC3: 门店沙盘卷积 | AD3: 门店沙盘卷积 | AE3: 门店沙盘卷积 | AF3: 门店沙盘卷积 | AG3: 门店沙盘卷积 | AH3: 门店沙盘卷积 | AI3: 门店沙盘卷积 | AJ3: 门店沙盘卷积 | AK3: 门店沙盘卷积 | AL3: 门店沙盘卷积 | AM3: 门店沙盘卷积 | AN3: 门店沙盘卷积 | AO3: 手工录入 | AP3: 门店沙盘卷积 | AQ3: 手工录入 | AR3: 门店沙盘卷积 | AS3: 门店沙盘卷积 | AT3: 门店沙盘卷积 | AU3: 门店沙盘卷积 | AV3: 门店沙盘卷积 | AW3: 门店沙盘卷积 | AX3: 门店沙盘卷积 | AY3: 门店沙盘卷积 | AZ3: 门店沙盘卷积 | BA3: 门店沙盘卷积 | BB3: 门店沙盘卷积 | BC3: 门店沙盘卷积 | BD3: 门店沙盘卷积 | BE3: 门店沙盘卷积 | BF3: 门店沙盘卷积 | BG3: 门店沙盘卷积 | BH3: 门店沙盘卷积 | BI3: 门店沙盘卷积 | BJ3: 门店沙盘卷积 | BK3: 门店沙盘卷积 | BL3: 门店沙盘卷积 | BM3: 门店沙盘卷积 | BN3: 门店沙盘卷积 | BO3: 门店沙盘卷积 | BP3: 门店沙盘卷积 | BQ3: 手工录入
A4: =IFERROR(_xlfn.XLOOKUP($G4,通讯通路门店!$S$4:$S$993931,通讯通路门店!$A$4:$A$993931,0,0),"") -> 海南省 | B4: =IFERROR(_xlfn.XLOOKUP($G4,通讯通路门店!$S$4:$S$993931,通讯通路门店!$B$4:$B$993931,0,0),"") -> 东方市 | C4: =IFERROR(_xlfn.XLOOKUP($G4,通讯通路门店!$S$4:$S$993931,通讯通路门店!$C$4:$C$993931,0,0),"") -> 东方市 | D4: =IFERROR(_xlfn.XLOOKUP($G4,通讯通路门店!$S$4:$S$993931,通讯通路门店!$D$4:$D$993931,0,0),"") -> 大田镇 | G4: {=_xlfn.UNIQUE(通讯通路门店!S4:S993931)} -> 东方八所巨为手机连锁店 | H4: =IFERROR(_xlfn.XLOOKUP($G4,通讯通路门店!$S$4:$S$993931,通讯通路门店!$R$4:$R$993931,0,0),"") -> 200018297501 | U4: =COUNTIF(通讯通路门店!$S:$S,$G4) -> 3 | V4: =COUNTIFS(通讯通路门店!$S:$S,$G4,通讯通路门店!$J:$J,"综合卖场") -> 3 | W4: =SUMIFS(通讯通路门店!$AJ:$AJ,通讯通路门店!$S:$S,通讯客户沙盘!$G4) -> 2 | X4: =Y4+Z4+AA4+AB4+AC4+AD4+AE4 -> 0 | Y4: =COUNTIFS(通讯通路门店!$S:$S,$G4,通讯通路门店!$J:$J,"荣耀体验店")+COUNTIFS(通讯通路门店!$S:$S,$G4,通讯通路门店!$J:$J,"荣耀授权专卖店") -> 0 | Z4: =COUNTIFS(通讯通路门店!$S:$S,$G4,通讯通路门店!$J:$J,"VIVO体验店") -> 0 | AA4: =COUNTIFS(通讯通路门店!$S:$S,$G4,通讯通路门店!$J:$J,"OPPO体验店") -> 0 | AB4: =COUNTIFS(通讯通路门店!$S:$S,$G4,通讯通路门店!$J:$J,"华为授权体验店")+COUNTIFS(通讯通路门店!$S:$S,$G4,通讯通路门店!$J:$J,"华为堡垒店") -> 0 | AC4: =COUNTIFS(通讯通路门店!$S:$S,$G4,通讯通路门店!$J:$J,"小米体验店") -> 0 | AD4: =COUNTIFS(通讯通路门店!$S:$S,$G4,通讯通路门店!$J:$J,"苹果体验店") -> 0 | AE4: =COUNTIFS(通讯通路门店!$S:$S,$G4,通讯通路门店!$J:$J,"其他品牌专卖店") -> 0 | AF4: =SUMIFS(通讯通路门店!$BI:$BI,通讯通路门店!$S:$S,$G4) -> 5 | AG4: =SUMIFS(通讯通路门店!$BH:$BH,通讯通路门店!$S:$S,$G4) -> 4 | AH4: =AI4+AJ4+AK4+AL4+AM4+AN4 -> 1 | AI4: =SUMIFS(通讯通路门店!$BB:$BB,通讯通路门店!$S:$S,$G4) -> 0 | AJ4: =SUMIFS(通讯通路门店!$BE:$BE,通讯通路门店!$S:$S,$G4) -> 1 | AK4: =SUMIFS(通讯通路门店!$BG:$BG,通讯通路门店!$S:$S,$G4) -> 0 | AL4: =SUMIFS(通讯通路门店!$BC:$BC,通讯通路门店!$S:$S,$G4) -> 0 | AM4: =SUMIFS(通讯通路门店!$BD:$BD,通讯通路门店!$S:$S,$G4) -> 0 | AN4: =SUMIFS(通讯通路门店!$BF:$BF,通讯通路门店!$S:$S,$G4) -> 0 | AO4: =AP4+AQ4 -> 545 | AP4: =SUMIFS(通讯通路门店!$K:$K,通讯通路门店!$S:$S,$G4) -> 545 | AR4: =SUMIFS(通讯通路门店!$T:$T,通讯通路门店!$S:$S,$G4) -> 258 | AS4: =SUMIFS(通讯通路门店!$U:$U,通讯通路门店!$S:$S,$G4) -> 15 | AT4: =SUMIFS(通讯通路门店!$V:$V,通讯通路门店!$S:$S,$G4) -> 0 | AU4: =SUMIFS(通讯通路门店!$W:$W,通讯通路门店!$S:$S,$G4) -> 62 | AV4: =SUMIFS(通讯通路门店!$Z:$Z,通讯通路门店!$S:$S,$G4) -> 122 | AW4: =SUMIFS(通讯通路门店!$AB:$AB,通讯通路门店!$S:$S,$G4) -> 75 | AX4: =SUMIFS(通讯通路门店!$X:$X,通讯通路门店!$S:$S,$G4) -> 0 | AY4: =SUMIFS(通讯通路门店!$Y:$Y,通讯通路门店!$S:$S,$G4) -> 13 | AZ4: =SUMIFS(通讯通路门店!$AA:$AA,通讯通路门店!$S:$S,$G4) -> 0 | BA4: =AP4-BB4 -> 545 | BB4: =BC4+BD4+BE4+BF4+BG4+BH4 -> 0 | BC4: =SUMIFS(通讯通路门店!$W:$W,通讯通路门店!$S:$S,$G4,通讯通路门店!$J:$J,"荣耀体验店")+SUMIFS(通讯通路门店!$W:$W,通讯通路门店!$S:$S,$G4,通讯通路门店!$J:$J,"荣耀授权专卖店") -> 0 | BD4: =SUMIFS(通讯通路门店!$Z:$Z,通讯通路门店!$S:$S,$G4,通讯通路门店!$J:$J,"VIVO体验店") -> 0 | BE4: =SUMIFS(通讯通路门店!$AB:$AB,通讯通路门店!$S:$S,$G4,通讯通路门店!$J:$J,"OPPO体验店") -> 0 | BF4: =SUMIFS(通讯通路门店!$X:$X,通讯通路门店!$S:$S,$G4,通讯通路门店!$J:$J,"华为授权体验店")+SUMIFS(通讯通路门店!$AA:$AA,通讯通路门店!$S:$S,$G4,通讯通路门店!$J:$J,"华为堡垒店") -> 0 | BG4: =SUMIFS(通讯通路门店!$Y:$Y,通讯通路门店!$S:$S,$G4,通讯通路门店!$J:$J,"小米体验店") -> 0 | BH4: =SUMIFS(通讯通路门店!$AA:$AA,通讯通路门店!$S:$S,$G4,通讯通路门店!$J:$J,"苹果体验店") -> 0 | BI4: =SUMIFS(通讯通路门店!$K:$K,通讯通路门店!$S:$S,$G4,通讯通路门店!$J:$J,"其他品牌专卖店") -> 0 | BJ4: =SUMIFS(通讯通路门店!$AC:$AC,通讯通路门店!$S:$S,$G4) -> 0 | BK4: =SUMIFS(通讯通路门店!$AD:$AD,通讯通路门店!$S:$S,$G4) -> 0 | BL4: =SUMIFS(通讯通路门店!$AE:$AE,通讯通路门店!$S:$S,$G4) -> 0 | BM4: =SUMIFS(通讯通路门店!$AF:$AF,通讯通路门店!$S:$S,$G4) -> 0 | BN4: =SUMIFS(通讯通路门店!$AG:$AG,通讯通路门店!$S:$S,$G4) -> 0 | BO4: =SUMIFS(通讯通路门店!$AH:$AH,通讯通路门店!$S:$S,$G4) -> 0 | BP4: =SUMIFS(通讯通路门店!$AI:$AI,通讯通路门店!$S:$S,$G4) -> 0
A5: =IFERROR(_xlfn.XLOOKUP($G5,通讯通路门店!$S$4:$S$993931,通讯通路门店!$A$4:$A$993931,0,0),"") -> 海南省 | B5: =IFERROR(_xlfn.XLOOKUP($G5,通讯通路门店!$S$4:$S$993931,通讯通路门店!$B$4:$B$993931,0,0),"") -> 东方市 | C5: =IFERROR(_xlfn.XLOOKUP($G5,通讯通路门店!$S$4:$S$993931,通讯通路门店!$C$4:$C$993931,0,0),"") -> 东方市 | D5: =IFERROR(_xlfn.XLOOKUP($G5,通讯通路门店!$S$4:$S$993931,通讯通路门店!$D$4:$D$993931,0,0),"") -> 八所镇 | G5: 海南华商智能科技有限公司 | H5: =IFERROR(_xlfn.XLOOKUP($G5,通讯通路门店!$S$4:$S$993931,通讯通路门店!$R$4:$R$993931,0,0),"") -> 200002521201 | U5: =COUNTIF(通讯通路门店!$S:$S,$G5) -> 1 | V5: =COUNTIFS(通讯通路门店!$S:$S,$G5,通讯通路门店!$J:$J,"综合卖场") -> 0 | W5: =SUMIFS(通讯通路门店!$AJ:$AJ,通讯通路门店!$S:$S,通讯客户沙盘!$G5) -> 1 | X5: =Y5+Z5+AA5+AB5+AC5+AD5+AE5 -> 1 | Y5: =COUNTIFS(通讯通路门店!$S:$S,$G5,通讯通路门店!$J:$J,"荣耀体验店")+COUNTIFS(通讯通路门店!$S:$S,$G5,通讯通路门店!$J:$J,"荣耀授权专卖店") -> 1 | Z5: =COUNTIFS(通讯通路门店!$S:$S,$G5,通讯通路门店!$J:$J,"VIVO体验店") -> 0 | AA5: =COUNTIFS(通讯通路门店!$S:$S,$G5,通讯通路门店!$J:$J,"OPPO体验店") -> 0 | AB5: =COUNTIFS(通讯通路门店!$S:$S,$G5,通讯通路门店!$J:$J,"华为授权体验店")+COUNTIFS(通讯通路门店!$S:$S,$G5,通讯通路门店!$J:$J,"华为堡垒店") -> 0 | AC5: =COUNTIFS(通讯通路门店!$S:$S,$G5,通讯通路门店!$J:$J,"小米体验店") -> 0 | AD5: =COUNTIFS(通讯通路门店!$S:$S,$G5,通讯通路门店!$J:$J,"苹果体验店") -> 0 | AE5: =COUNTIFS(通讯通路门店!$S:$S,$G5,通讯通路门店!$J:$J,"其他品牌专卖店") -> 0 | AF5: =SUMIFS(通讯通路门店!$BI:$BI,通讯通路门店!$S:$S,$G5) -> 3 | AG5: =SUMIFS(通讯通路门店!$BH:$BH,通讯通路门店!$S:$S,$G5) -> 3 | AH5: =AI5+AJ5+AK5+AL5+AM5+AN5 -> 0 | AI5: =SUMIFS(通讯通路门店!$BB:$BB,通讯通路门店!$S:$S,$G5) -> 0 | AJ5: =SUMIFS(通讯通路门店!$BE:$BE,通讯通路门店!$S:$S,$G5) -> 0 | AK5: =SUMIFS(通讯通路门店!$BG:$BG,通讯通路门店!$S:$S,$G5) -> 0 | AL5: =SUMIFS(通讯通路门店!$BC:$BC,通讯通路门店!$S:$S,$G5) -> 0 | AM5: =SUMIFS(通讯通路门店!$BD:$BD,通讯通路门店!$S:$S,$G5) -> 0 | AN5: =SUMIFS(通讯通路门店!$BF:$BF,通讯通路门店!$S:$S,$G5) -> 0 | AO5: =AP5+AQ5 -> 145 | AP5: =SUMIFS(通讯通路门店!$K:$K,通讯通路门店!$S:$S,$G5) -> 145 | AR5: =SUMIFS(通讯通路门店!$T:$T,通讯通路门店!$S:$S,$G5) -> 12 | AS5: =SUMIFS(通讯通路门店!$U:$U,通讯通路门店!$S:$S,$G5) -> 35 | AT5: =SUMIFS(通讯通路门店!$V:$V,通讯通路门店!$S:$S,$G5) -> 20 | AU5: =SUMIFS(通讯通路门店!$W:$W,通讯通路门店!$S:$S,$G5) -> 67 | AV5: =SUMIFS(通讯通路门店!$Z:$Z,通讯通路门店!$S:$S,$G5) -> 0 | AW5: =SUMIFS(通讯通路门店!$AB:$AB,通讯通路门店!$S:$S,$G5) -> 0 | AX5: =SUMIFS(通讯通路门店!$X:$X,通讯通路门店!$S:$S,$G5) -> 0 | AY5: =SUMIFS(通讯通路门店!$Y:$Y,通讯通路门店!$S:$S,$G5) -> 0 | AZ5: =SUMIFS(通讯通路门店!$AA:$AA,通讯通路门店!$S:$S,$G5) -> 0 | BA5: =AP5-BB5 -> 78 | BB5: =BC5+BD5+BE5+BF5+BG5+BH5 -> 67 | BC5: =SUMIFS(通讯通路门店!$W:$W,通讯通路门店!$S:$S,$G5,通讯通路门店!$J:$J,"荣耀体验店")+SUMIFS(通讯通路门店!$W:$W,通讯通路门店!$S:$S,$G5,通讯通路门店!$J:$J,"荣耀授权专卖店") -> 67 | BD5: =SUMIFS(通讯通路门店!$Z:$Z,通讯通路门店!$S:$S,$G5,通讯通路门店!$J:$J,"VIVO体验店") -> 0 | BE5: =SUMIFS(通讯通路门店!$AB:$AB,通讯通路门店!$S:$S,$G5,通讯通路门店!$J:$J,"OPPO体验店") -> 0 | BF5: =SUMIFS(通讯通路门店!$X:$X,通讯通路门店!$S:$S,$G5,通讯通路门店!$J:$J,"华为授权体验店")+SUMIFS(通讯通路门店!$AA:$AA,通讯通路门店!$S:$S,$G5,通讯通路门店!$J:$J,"华为堡垒店") -> 0 | BG5: =SUMIFS(通讯通路门店!$Y:$Y,通讯通路门店!$S:$S,$G5,通讯通路门店!$J:$J,"小米体验店") -> 0 | BH5: =SUMIFS(通讯通路门店!$AA:$AA,通讯通路门店!$S:$S,$G5,通讯通路门店!$J:$J,"苹果体验店") -> 0 | BI5: =SUMIFS(通讯通路门店!$K:$K,通讯通路门店!$S:$S,$G5,通讯通路门店!$J:$J,"其他品牌专卖店") -> 0 | BJ5: =SUMIFS(通讯通路门店!$AC:$AC,通讯通路门店!$S:$S,$G5) -> 1 | BK5: =SUMIFS(通讯通路门店!$AD:$AD,通讯通路门店!$S:$S,$G5) -> 0 | BL5: =SUMIFS(通讯通路门店!$AE:$AE,通讯通路门店!$S:$S,$G5) -> 3 | BM5: =SUMIFS(通讯通路门店!$AF:$AF,通讯通路门店!$S:$S,$G5) -> 0 | BN5: =SUMIFS(通讯通路门店!$AG:$AG,通讯通路门店!$S:$S,$G5) -> 1 | BO5: =SUMIFS(通讯通路门店!$AH:$AH,通讯通路门店!$S:$S,$G5) -> 3 | BP5: =SUMIFS(通讯通路门店!$AI:$AI,通讯通路门店!$S:$S,$G5) -> 3
A6: =IFERROR(_xlfn.XLOOKUP($G6,通讯通路门店!$S$4:$S$993931,通讯通路门店!$A$4:$A$993931,0,0),"") -> 海南省 | B6: =IFERROR(_xlfn.XLOOKUP($G6,通讯通路门店!$S$4:$S$993931,通讯通路门店!$B$4:$B$993931,0,0),"") -> 东方市 | C6: =IFERROR(_xlfn.XLOOKUP($G6,通讯通路门店!$S$4:$S$993931,通讯通路门店!$C$4:$C$993931,0,0),"") -> 东方市 | D6: =IFERROR(_xlfn.XLOOKUP($G6,通讯通路门店!$S$4:$S$993931,通讯通路门店!$D$4:$D$993931,0,0),"") -> 东河镇 | G6: 东方东河东信翼电信专营店 | H6: =IFERROR(_xlfn.XLOOKUP($G6,通讯通路门店!$S$4:$S$993931,通讯通路门店!$R$4:$R$993931,0,0),"") -> 100073133701 | U6: =COUNTIF(通讯通路门店!$S:$S,$G6) -> 1 | V6: =COUNTIFS(通讯通路门店!$S:$S,$G6,通讯通路门店!$J:$J,"综合卖场") -> 1 | W6: =SUMIFS(通讯通路门店!$AJ:$AJ,通讯通路门店!$S:$S,通讯客户沙盘!$G6) -> 0 | X6: =Y6+Z6+AA6+AB6+AC6+AD6+AE6 -> 0 | Y6: =COUNTIFS(通讯通路门店!$S:$S,$G6,通讯通路门店!$J:$J,"荣耀体验店")+COUNTIFS(通讯通路门店!$S:$S,$G6,通讯通路门店!$J:$J,"荣耀授权专卖店") -> 0 | Z6: =COUNTIFS(通讯通路门店!$S:$S,$G6,通讯通路门店!$J:$J,"VIVO体验店") -> 0 | AA6: =COUNTIFS(通讯通路门店!$S:$S,$G6,通讯通路门店!$J:$J,"OPPO体验店") -> 0 | AB6: =COUNTIFS(通讯通路门店!$S:$S,$G6,通讯通路门店!$J:$J,"华为授权体验店")+COUNTIFS(通讯通路门店!$S:$S,$G6,通讯通路门店!$J:$J,"华为堡垒店") -> 0 | AC6: =COUNTIFS(通讯通路门店!$S:$S,$G6,通讯通路门店!$J:$J,"小米体验店") -> 0 | AD6: =COUNTIFS(通讯通路门店!$S:$S,$G6,通讯通路门店!$J:$J,"苹果体验店") -> 0 | AE6: =COUNTIFS(通讯通路门店!$S:$S,$G6,通讯通路门店!$J:$J,"其他品牌专卖店") -> 0 | AF6: =SUMIFS(通讯通路门店!$BI:$BI,通讯通路门店!$S:$S,$G6) -> 2 | AG6: =SUMIFS(通讯通路门店!$BH:$BH,通讯通路门店!$S:$S,$G6) -> 2 | AH6: =AI6+AJ6+AK6+AL6+AM6+AN6 -> 0 | AI6: =SUMIFS(通讯通路门店!$BB:$BB,通讯通路门店!$S:$S,$G6) -> 0 | AJ6: =SUMIFS(通讯通路门店!$BE:$BE,通讯通路门店!$S:$S,$G6) -> 0 | AK6: =SUMIFS(通讯通路门店!$BG:$BG,通讯通路门店!$S:$S,$G6) -> 0 | AL6: =SUMIFS(通讯通路门店!$BC:$BC,通讯通路门店!$S:$S,$G6) -> 0 | AM6: =SUMIFS(通讯通路门店!$BD:$BD,通讯通路门店!$S:$S,$G6) -> 0 | AN6: =SUMIFS(通讯通路门店!$BF:$BF,通讯通路门店!$S:$S,$G6) -> 0 | AO6: =AP6+AQ6 -> 59 | AP6: =SUMIFS(通讯通路门店!$K:$K,通讯通路门店!$S:$S,$G6) -> 59 | AR6: =SUMIFS(通讯通路门店!$T:$T,通讯通路门店!$S:$S,$G6) -> 28 | AS6: =SUMIFS(通讯通路门店!$U:$U,通讯通路门店!$S:$S,$G6) -> 2 | AT6: =SUMIFS(通讯通路门店!$V:$V,通讯通路门店!$S:$S,$G6) -> 0 | AU6: =SUMIFS(通讯通路门店!$W:$W,通讯通路门店!$S:$S,$G6) -> 5 | AV6: =SUMIFS(通讯通路门店!$Z:$Z,通讯通路门店!$S:$S,$G6) -> 6 | AW6: =SUMIFS(通讯通路门店!$AB:$AB,通讯通路门店!$S:$S,$G6) -> 15 | AX6: =SUMIFS(通讯通路门店!$X:$X,通讯通路门店!$S:$S,$G6) -> 0 | AY6: =SUMIFS(通讯通路门店!$Y:$Y,通讯通路门店!$S:$S,$G6) -> 3 | AZ6: =SUMIFS(通讯通路门店!$AA:$AA,通讯通路门店!$S:$S,$G6) -> 0 | BA6: =AP6-BB6 -> 59 | BB6: =BC6+BD6+BE6+BF6+BG6+BH6 -> 0 | BC6: =SUMIFS(通讯通路门店!$W:$W,通讯通路门店!$S:$S,$G6,通讯通路门店!$J:$J,"荣耀体验店")+SUMIFS(通讯通路门店!$W:$W,通讯通路门店!$S:$S,$G6,通讯通路门店!$J:$J,"荣耀授权专卖店") -> 0 | BD6: =SUMIFS(通讯通路门店!$Z:$Z,通讯通路门店!$S:$S,$G6,通讯通路门店!$J:$J,"VIVO体验店") -> 0 | BE6: =SUMIFS(通讯通路门店!$AB:$AB,通讯通路门店!$S:$S,$G6,通讯通路门店!$J:$J,"OPPO体验店") -> 0 | BF6: =SUMIFS(通讯通路门店!$X:$X,通讯通路门店!$S:$S,$G6,通讯通路门店!$J:$J,"华为授权体验店")+SUMIFS(通讯通路门店!$AA:$AA,通讯通路门店!$S:$S,$G6,通讯通路门店!$J:$J,"华为堡垒店") -> 0 | BG6: =SUMIFS(通讯通路门店!$Y:$Y,通讯通路门店!$S:$S,$G6,通讯通路门店!$J:$J,"小米体验店") -> 0 | BH6: =SUMIFS(通讯通路门店!$AA:$AA,通讯通路门店!$S:$S,$G6,通讯通路门店!$J:$J,"苹果体验店") -> 0 | BI6: =SUMIFS(通讯通路门店!$K:$K,通讯通路门店!$S:$S,$G6,通讯通路门店!$J:$J,"其他品牌专卖店") -> 0 | BJ6: =SUMIFS(通讯通路门店!$AC:$AC,通讯通路门店!$S:$S,$G6) -> 0 | BK6: =SUMIFS(通讯通路门店!$AD:$AD,通讯通路门店!$S:$S,$G6) -> 0 | BL6: =SUMIFS(通讯通路门店!$AE:$AE,通讯通路门店!$S:$S,$G6) -> 0 | BM6: =SUMIFS(通讯通路门店!$AF:$AF,通讯通路门店!$S:$S,$G6) -> 0 | BN6: =SUMIFS(通讯通路门店!$AG:$AG,通讯通路门店!$S:$S,$G6) -> 0 | BO6: =SUMIFS(通讯通路门店!$AH:$AH,通讯通路门店!$S:$S,$G6) -> 0 | BP6: =SUMIFS(通讯通路门店!$AI:$AI,通讯通路门店!$S:$S,$G6) -> 0
A7: =IFERROR(_xlfn.XLOOKUP($G7,通讯通路门店!$S$4:$S$993931,通讯通路门店!$A$4:$A$993931,0,0),"") -> 海南省 | B7: =IFERROR(_xlfn.XLOOKUP($G7,通讯通路门店!$S$4:$S$993931,通讯通路门店!$B$4:$B$993931,0,0),"") -> 东方市 | C7: =IFERROR(_xlfn.XLOOKUP($G7,通讯通路门店!$S$4:$S$993931,通讯通路门店!$C$4:$C$993931,0,0),"") -> 东方市 | D7: =IFERROR(_xlfn.XLOOKUP($G7,通讯通路门店!$S$4:$S$993931,通讯通路门店!$D$4:$D$993931,0,0),"") -> 八所镇 | G7: 海南金鹏东宜通信工程有限公司 | H7: =IFERROR(_xlfn.XLOOKUP($G7,通讯通路门店!$S$4:$S$993931,通讯通路门店!$R$4:$R$993931,0,0),"") -> 100029648601 | U7: =COUNTIF(通讯通路门店!$S:$S,$G7) -> 1 | V7: =COUNTIFS(通讯通路门店!$S:$S,$G7,通讯通路门店!$J:$J,"综合卖场") -> 0 | W7: =SUMIFS(通讯通路门店!$AJ:$AJ,通讯通路门店!$S:$S,通讯客户沙盘!$G7) -> 1 | X7: =Y7+Z7+AA7+AB7+AC7+AD7+AE7 -> 0 | Y7: =COUNTIFS(通讯通路门店!$S:$S,$G7,通讯通路门店!$J:$J,"荣耀体验店")+COUNTIFS(通讯通路门店!$S:$S,$G7,通讯通路门店!$J:$J,"荣耀授权专卖店") -> 0 | Z7: =COUNTIFS(通讯通路门店!$S:$S,$G7,通讯通路门店!$J:$J,"VIVO体验店") -> 0 | AA7: =COUNTIFS(通讯通路门店!$S:$S,$G7,通讯通路门店!$J:$J,"OPPO体验店") -> 0 | AB7: =COUNTIFS(通讯通路门店!$S:$S,$G7,通讯通路门店!$J:$J,"华为授权体验店")+COUNTIFS(通讯通路门店!$S:$S,$G7,通讯通路门店!$J:$J,"华为堡垒店") -> 0 | AC7: =COUNTIFS(通讯通路门店!$S:$S,$G7,通讯通路门店!$J:$J,"小米体验店") -> 0 | AD7: =COUNTIFS(通讯通路门店!$S:$S,$G7,通讯通路门店!$J:$J,"苹果体验店") -> 0 | AE7: =COUNTIFS(通讯通路门店!$S:$S,$G7,通讯通路门店!$J:$J,"其他品牌专卖店") -> 0 | AF7: =SUMIFS(通讯通路门店!$BI:$BI,通讯通路门店!$S:$S,$G7) -> 7 | AG7: =SUMIFS(通讯通路门店!$BH:$BH,通讯通路门店!$S:$S,$G7) -> 6 | AH7: =AI7+AJ7+AK7+AL7+AM7+AN7 -> 1 | AI7: =SUMIFS(通讯通路门店!$BB:$BB,通讯通路门店!$S:$S,$G7) -> 0 | AJ7: =SUMIFS(通讯通路门店!$BE:$BE,通讯通路门店!$S:$S,$G7) -> 0 | AK7: =SUMIFS(通讯通路门店!$BG:$BG,通讯通路门店!$S:$S,$G7) -> 1 | AL7: =SUMIFS(通讯通路门店!$BC:$BC,通讯通路门店!$S:$S,$G7) -> 0 | AM7: =SUMIFS(通讯通路门店!$BD:$BD,通讯通路门店!$S:$S,$G7) -> 0 | AN7: =SUMIFS(通讯通路门店!$BF:$BF,通讯通路门店!$S:$S,$G7) -> 0 | AO7: =AP7+AQ7 -> 248 | AP7: =SUMIFS(通讯通路门店!$K:$K,通讯通路门店!$S:$S,$G7) -> 248 | AR7: =SUMIFS(通讯通路门店!$T:$T,通讯通路门店!$S:$S,$G7) -> 60 | AS7: =SUMIFS(通讯通路门店!$U:$U,通讯通路门店!$S:$S,$G7) -> 76 | AT7: =SUMIFS(通讯通路门店!$V:$V,通讯通路门店!$S:$S,$G7) -> 5 | AU7: =SUMIFS(通讯通路门店!$W:$W,通讯通路门店!$S:$S,$G7) -> 53 | AV7: =SUMIFS(通讯通路门店!$Z:$Z,通讯通路门店!$S:$S,$G7) -> 12 | AW7: =SUMIFS(通讯通路门店!$AB:$AB,通讯通路门店!$S:$S,$G7) -> 7 | AX7: =SUMIFS(通讯通路门店!$X:$X,通讯通路门店!$S:$S,$G7) -> 35 | AY7: =SUMIFS(通讯通路门店!$Y:$Y,通讯通路门店!$S:$S,$G7) -> 0 | AZ7: =SUMIFS(通讯通路门店!$AA:$AA,通讯通路门店!$S:$S,$G7) -> 0 | BA7: =AP7-BB7 -> 248 | BB7: =BC7+BD7+BE7+BF7+BG7+BH7 -> 0 | BC7: =SUMIFS(通讯通路门店!$W:$W,通讯通路门店!$S:$S,$G7,通讯通路门店!$J:$J,"荣耀体验店")+SUMIFS(通讯通路门店!$W:$W,通讯通路门店!$S:$S,$G7,通讯通路门店!$J:$J,"荣耀授权专卖店") -> 0 | BD7: =SUMIFS(通讯通路门店!$Z:$Z,通讯通路门店!$S:$S,$G7,通讯通路门店!$J:$J,"VIVO体验店") -> 0 | BE7: =SUMIFS(通讯通路门店!$AB:$AB,通讯通路门店!$S:$S,$G7,通讯通路门店!$J:$J,"OPPO体验店") -> 0 | BF7: =SUMIFS(通讯通路门店!$X:$X,通讯通路门店!$S:$S,$G7,通讯通路门店!$J:$J,"华为授权体验店")+SUMIFS(通讯通路门店!$AA:$AA,通讯通路门店!$S:$S,$G7,通讯通路门店!$J:$J,"华为堡垒店") -> 0 | BG7: =SUMIFS(通讯通路门店!$Y:$Y,通讯通路门店!$S:$S,$G7,通讯通路门店!$J:$J,"小米体验店") -> 0 | BH7: =SUMIFS(通讯通路门店!$AA:$AA,通讯通路门店!$S:$S,$G7,通讯通路门店!$J:$J,"苹果体验店") -> 0 | BI7: =SUMIFS(通讯通路门店!$K:$K,通讯通路门店!$S:$S,$G7,通讯通路门店!$J:$J,"其他品牌专卖店") -> 0 | BJ7: =SUMIFS(通讯通路门店!$AC:$AC,通讯通路门店!$S:$S,$G7) -> 0 | BK7: =SUMIFS(通讯通路门店!$AD:$AD,通讯通路门店!$S:$S,$G7) -> 0 | BL7: =SUMIFS(通讯通路门店!$AE:$AE,通讯通路门店!$S:$S,$G7) -> 0 | BM7: =SUMIFS(通讯通路门店!$AF:$AF,通讯通路门店!$S:$S,$G7) -> 0 | BN7: =SUMIFS(通讯通路门店!$AG:$AG,通讯通路门店!$S:$S,$G7) -> 0 | BO7: =SUMIFS(通讯通路门店!$AH:$AH,通讯通路门店!$S:$S,$G7) -> 0 | BP7: =SUMIFS(通讯通路门店!$AI:$AI,通讯通路门店!$S:$S,$G7) -> 0
A8: =IFERROR(_xlfn.XLOOKUP($G8,通讯通路门店!$S$4:$S$993931,通讯通路门店!$A$4:$A$993931,0,0),"") -> 海南省 | B8: =IFERROR(_xlfn.XLOOKUP($G8,通讯通路门店!$S$4:$S$993931,通讯通路门店!$B$4:$B$993931,0,0),"") -> 东方市 | C8: =IFERROR(_xlfn.XLOOKUP($G8,通讯通路门店!$S$4:$S$993931,通讯通路门店!$C$4:$C$993931,0,0),"") -> 东方市 | D8: =IFERROR(_xlfn.XLOOKUP($G8,通讯通路门店!$S$4:$S$993931,通讯通路门店!$D$4:$D$993931,0,0),"") -> 八所镇 | G8: 东方八所快捷通信店 | H8: =IFERROR(_xlfn.XLOOKUP($G8,通讯通路门店!$S$4:$S$993931,通讯通路门店!$R$4:$R$993931,0,0),"") -> 100060492301 | U8: =COUNTIF(通讯通路门店!$S:$S,$G8) -> 1 | V8: =COUNTIFS(通讯通路门店!$S:$S,$G8,通讯通路门店!$J:$J,"综合卖场") -> 0 | W8: =SUMIFS(通讯通路门店!$AJ:$AJ,通讯通路门店!$S:$S,通讯客户沙盘!$G8) -> 1 | X8: =Y8+Z8+AA8+AB8+AC8+AD8+AE8 -> 0 | Y8: =COUNTIFS(通讯通路门店!$S:$S,$G8,通讯通路门店!$J:$J,"荣耀体验店")+COUNTIFS(通讯通路门店!$S:$S,$G8,通讯通路门店!$J:$J,"荣耀授权专卖店") -> 0 | Z8: =COUNTIFS(通讯通路门店!$S:$S,$G8,通讯通路门店!$J:$J,"VIVO体验店") -> 0 | AA8: =COUNTIFS(通讯通路门店!$S:$S,$G8,通讯通路门店!$J:$J,"OPPO体验店") -> 0 | AB8: =COUNTIFS(通讯通路门店!$S:$S,$G8,通讯通路门店!$J:$J,"华为授权体验店")+COUNTIFS(通讯通路门店!$S:$S,$G8,通讯通路门店!$J:$J,"华为堡垒店") -> 0 | AC8: =COUNTIFS(通讯通路门店!$S:$S,$G8,通讯通路门店!$J:$J,"小米体验店") -> 0 | AD8: =COUNTIFS(通讯通路门店!$S:$S,$G8,通讯通路门店!$J:$J,"苹果体验店") -> 0 | AE8: =COUNTIFS(通讯通路门店!$S:$S,$G8,通讯通路门店!$J:$J,"其他品牌专卖店") -> 0 | AF8: =SUMIFS(通讯通路门店!$BI:$BI,通讯通路门店!$S:$S,$G8) -> 4 | AG8: =SUMIFS(通讯通路门店!$BH:$BH,通讯通路门店!$S:$S,$G8) -> 3 | AH8: =AI8+AJ8+AK8+AL8+AM8+AN8 -> 1 | AI8: =SUMIFS(通讯通路门店!$BB:$BB,通讯通路门店!$S:$S,$G8) -> 0 | AJ8: =SUMIFS(通讯通路门店!$BE:$BE,通讯通路门店!$S:$S,$G8) -> 1 | AK8: =SUMIFS(通讯通路门店!$BG:$BG,通讯通路门店!$S:$S,$G8) -> 0 | AL8: =SUMIFS(通讯通路门店!$BC:$BC,通讯通路门店!$S:$S,$G8) -> 0 | AM8: =SUMIFS(通讯通路门店!$BD:$BD,通讯通路门店!$S:$S,$G8) -> 0 | AN8: =SUMIFS(通讯通路门店!$BF:$BF,通讯通路门店!$S:$S,$G8) -> 0 | AO8: =AP8+AQ8 -> 104 | AP8: =SUMIFS(通讯通路门店!$K:$K,通讯通路门店!$S:$S,$G8) -> 104 | AR8: =SUMIFS(通讯通路门店!$T:$T,通讯通路门店!$S:$S,$G8) -> 34 | AS8: =SUMIFS(通讯通路门店!$U:$U,通讯通路门店!$S:$S,$G8) -> 17 | AT8: =SUMIFS(通讯通路门店!$V:$V,通讯通路门店!$S:$S,$G8) -> 1 | AU8: =SUMIFS(通讯通路门店!$W:$W,通讯通路门店!$S:$S,$G8) -> 5 | AV8: =SUMIFS(通讯通路门店!$Z:$Z,通讯通路门店!$S:$S,$G8) -> 25 | AW8: =SUMIFS(通讯通路门店!$AB:$AB,通讯通路门店!$S:$S,$G8) -> 20 | AX8: =SUMIFS(通讯通路门店!$X:$X,通讯通路门店!$S:$S,$G8) -> 0 | AY8: =SUMIFS(通讯通路门店!$Y:$Y,通讯通路门店!$S:$S,$G8) -> 0 | AZ8: =SUMIFS(通讯通路门店!$AA:$AA,通讯通路门店!$S:$S,$G8) -> 2 | BA8: =AP8-BB8 -> 104 | BB8: =BC8+BD8+BE8+BF8+BG8+BH8 -> 0 | BC8: =SUMIFS(通讯通路门店!$W:$W,通讯通路门店!$S:$S,$G8,通讯通路门店!$J:$J,"荣耀体验店")+SUMIFS(通讯通路门店!$W:$W,通讯通路门店!$S:$S,$G8,通讯通路门店!$J:$J,"荣耀授权专卖店") -> 0 | BD8: =SUMIFS(通讯通路门店!$Z:$Z,通讯通路门店!$S:$S,$G8,通讯通路门店!$J:$J,"VIVO体验店") -> 0 | BE8: =SUMIFS(通讯通路门店!$AB:$AB,通讯通路门店!$S:$S,$G8,通讯通路门店!$J:$J,"OPPO体验店") -> 0 | BF8: =SUMIFS(通讯通路门店!$X:$X,通讯通路门店!$S:$S,$G8,通讯通路门店!$J:$J,"华为授权体验店")+SUMIFS(通讯通路门店!$AA:$AA,通讯通路门店!$S:$S,$G8,通讯通路门店!$J:$J,"华为堡垒店") -> 0 | BG8: =SUMIFS(通讯通路门店!$Y:$Y,通讯通路门店!$S:$S,$G8,通讯通路门店!$J:$J,"小米体验店") -> 0 | BH8: =SUMIFS(通讯通路门店!$AA:$AA,通讯通路门店!$S:$S,$G8,通讯通路门店!$J:$J,"苹果体验店") -> 0 | BI8: =SUMIFS(通讯通路门店!$K:$K,通讯通路门店!$S:$S,$G8,通讯通路门店!$J:$J,"其他品牌专卖店") -> 0 | BJ8: =SUMIFS(通讯通路门店!$AC:$AC,通讯通路门店!$S:$S,$G8) -> 0 | BK8: =SUMIFS(通讯通路门店!$AD:$AD,通讯通路门店!$S:$S,$G8) -> 0 | BL8: =SUMIFS(通讯通路门店!$AE:$AE,通讯通路门店!$S:$S,$G8) -> 0 | BM8: =SUMIFS(通讯通路门店!$AF:$AF,通讯通路门店!$S:$S,$G8) -> 0 | BN8: =SUMIFS(通讯通路门店!$AG:$AG,通讯通路门店!$S:$S,$G8) -> 0 | BO8: =SUMIFS(通讯通路门店!$AH:$AH,通讯通路门店!$S:$S,$G8) -> 0 | BP8: =SUMIFS(通讯通路门店!$AI:$AI,通讯通路门店!$S:$S,$G8) -> 0
A9: =IFERROR(_xlfn.XLOOKUP($G9,通讯通路门店!$S$4:$S$993931,通讯通路门店!$A$4:$A$993931,0,0),"") -> 海南省 | B9: =IFERROR(_xlfn.XLOOKUP($G9,通讯通路门店!$S$4:$S$993931,通讯通路门店!$B$4:$B$993931,0,0),"") -> 东方市 | C9: =IFERROR(_xlfn.XLOOKUP($G9,通讯通路门店!$S$4:$S$993931,通讯通路门店!$C$4:$C$993931,0,0),"") -> 东方市 | D9: =IFERROR(_xlfn.XLOOKUP($G9,通讯通路门店!$S$4:$S$993931,通讯通路门店!$D$4:$D$993931,0,0),"") -> 八所镇 | G9: 东方八所兴达数码城 | H9: =IFERROR(_xlfn.XLOOKUP($G9,通讯通路门店!$S$4:$S$993931,通讯通路门店!$R$4:$R$993931,0,0),"") -> 100032170201 | U9: =COUNTIF(通讯通路门店!$S:$S,$G9) -> 7 | V9: =COUNTIFS(通讯通路门店!$S:$S,$G9,通讯通路门店!$J:$J,"综合卖场") -> 5 | W9: =SUMIFS(通讯通路门店!$AJ:$AJ,通讯通路门店!$S:$S,通讯客户沙盘!$G9) -> 5 | X9: =Y9+Z9+AA9+AB9+AC9+AD9+AE9 -> 0 | Y9: =COUNTIFS(通讯通路门店!$S:$S,$G9,通讯通路门店!$J:$J,"荣耀体验店")+COUNTIFS(通讯通路门店!$S:$S,$G9,通讯通路门店!$J:$J,"荣耀授权专卖店") -> 0 | Z9: =COUNTIFS(通讯通路门店!$S:$S,$G9,通讯通路门店!$J:$J,"VIVO体验店") -> 0 | AA9: =COUNTIFS(通讯通路门店!$S:$S,$G9,通讯通路门店!$J:$J,"OPPO体验店") -> 0 | AB9: =COUNTIFS(通讯通路门店!$S:$S,$G9,通讯通路门店!$J:$J,"华为授权体验店")+COUNTIFS(通讯通路门店!$S:$S,$G9,通讯通路门店!$J:$J,"华为堡垒店") -> 0 | AC9: =COUNTIFS(通讯通路门店!$S:$S,$G9,通讯通路门店!$J:$J,"小米体验店") -> 0 | AD9: =COUNTIFS(通讯通路门店!$S:$S,$G9,通讯通路门店!$J:$J,"苹果体验店") -> 0 | AE9: =COUNTIFS(通讯通路门店!$S:$S,$G9,通讯通路门店!$J:$J,"其他品牌专卖店") -> 0 | AF9: =SUMIFS(通讯通路门店!$BI:$BI,通讯通路门店!$S:$S,$G9) -> 19 | AG9: =SUMIFS(通讯通路门店!$BH:$BH,通讯通路门店!$S:$S,$G9) -> 14 | AH9: =AI9+AJ9+AK9+AL9+AM9+AN9 -> 7 | AI9: =SUMIFS(通讯通路门店!$BB:$BB,通讯通路门店!$S:$S,$G9) -> 0 | AJ9: =SUMIFS(通讯通路门店!$BE:$BE,通讯通路门店!$S:$S,$G9) -> 3 | AK9: =SUMIFS(通讯通路门店!$BG:$BG,通讯通路门店!$S:$S,$G9) -> 3 | AL9: =SUMIFS(通讯通路门店!$BC:$BC,通讯通路门店!$S:$S,$G9) -> 1 | AM9: =SUMIFS(通讯通路门店!$BD:$BD,通讯通路门店!$S:$S,$G9) -> 0 | AN9: =SUMIFS(通讯通路门店!$BF:$BF,通讯通路门店!$S:$S,$G9) -> 0 | AO9: =AP9+AQ9 -> 674 | AP9: =SUMIFS(通讯通路门店!$K:$K,通讯通路门店!$S:$S,$G9) -> 674 | AR9: =SUMIFS(通讯通路门店!$T:$T,通讯通路门店!$S:$S,$G9) -> 209 | AS9: =SUMIFS(通讯通路门店!$U:$U,通讯通路门店!$S:$S,$G9) -> 106 | AT9: =SUMIFS(通讯通路门店!$V:$V,通讯通路门店!$S:$S,$G9) -> 11 | AU9: =SUMIFS(通讯通路门店!$W:$W,通讯通路门店!$S:$S,$G9) -> 71 | AV9: =SUMIFS(通讯通路门店!$Z:$Z,通讯通路门店!$S:$S,$G9) -> 83 | AW9: =SUMIFS(通讯通路门店!$AB:$AB,通讯通路门店!$S:$S,$G9) -> 117 | AX9: =SUMIFS(通讯通路门店!$X:$X,通讯通路门店!$S:$S,$G9) -> 33 | AY9: =SUMIFS(通讯通路门店!$Y:$Y,通讯通路门店!$S:$S,$G9) -> 20 | AZ9: =SUMIFS(通讯通路门店!$AA:$AA,通讯通路门店!$S:$S,$G9) -> 7 | BA9: =AP9-BB9 -> 674 | BB9: =BC9+BD9+BE9+BF9+BG9+BH9 -> 0 | BC9: =SUMIFS(通讯通路门店!$W:$W,通讯通路门店!$S:$S,$G9,通讯通路门店!$J:$J,"荣耀体验店")+SUMIFS(通讯通路门店!$W:$W,通讯通路门店!$S:$S,$G9,通讯通路门店!$J:$J,"荣耀授权专卖店") -> 0 | BD9: =SUMIFS(通讯通路门店!$Z:$Z,通讯通路门店!$S:$S,$G9,通讯通路门店!$J:$J,"VIVO体验店") -> 0 | BE9: =SUMIFS(通讯通路门店!$AB:$AB,通讯通路门店!$S:$S,$G9,通讯通路门店!$J:$J,"OPPO体验店") -> 0 | BF9: =SUMIFS(通讯通路门店!$X:$X,通讯通路门店!$S:$S,$G9,通讯通路门店!$J:$J,"华为授权体验店")+SUMIFS(通讯通路门店!$AA:$AA,通讯通路门店!$S:$S,$G9,通讯通路门店!$J:$J,"华为堡垒店") -> 0 | BG9: =SUMIFS(通讯通路门店!$Y:$Y,通讯通路门店!$S:$S,$G9,通讯通路门店!$J:$J,"小米体验店") -> 0 | BH9: =SUMIFS(通讯通路门店!$AA:$AA,通讯通路门店!$S:$S,$G9,通讯通路门店!$J:$J,"苹果体验店") -> 0 | BI9: =SUMIFS(通讯通路门店!$K:$K,通讯通路门店!$S:$S,$G9,通讯通路门店!$J:$J,"其他品牌专卖店") -> 0 | BJ9: =SUMIFS(通讯通路门店!$AC:$AC,通讯通路门店!$S:$S,$G9) -> 0 | BK9: =SUMIFS(通讯通路门店!$AD:$AD,通讯通路门店!$S:$S,$G9) -> 1 | BL9: =SUMIFS(通讯通路门店!$AE:$AE,通讯通路门店!$S:$S,$G9) -> 3 | BM9: =SUMIFS(通讯通路门店!$AF:$AF,通讯通路门店!$S:$S,$G9) -> 4 | BN9: =SUMIFS(通讯通路门店!$AG:$AG,通讯通路门店!$S:$S,$G9) -> 1 | BO9: =SUMIFS(通讯通路门店!$AH:$AH,通讯通路门店!$S:$S,$G9) -> 7 | BP9: =SUMIFS(通讯通路门店!$AI:$AI,通讯通路门店!$S:$S,$G9) -> 1
A10: =IFERROR(_xlfn.XLOOKUP($G10,通讯通路门店!$S$4:$S$993931,通讯通路门店!$A$4:$A$993931,0,0),"") -> 海南省 | B10: =IFERROR(_xlfn.XLOOKUP($G10,通讯通路门店!$S$4:$S$993931,通讯通路门店!$B$4:$B$993931,0,0),"") -> 东方市 | C10: =IFERROR(_xlfn.XLOOKUP($G10,通讯通路门店!$S$4:$S$993931,通讯通路门店!$C$4:$C$993931,0,0),"") -> 东方市 | D10: =IFERROR(_xlfn.XLOOKUP($G10,通讯通路门店!$S$4:$S$993931,通讯通路门店!$D$4:$D$993931,0,0),"") -> 八所镇 | G10: 东方八所老客数码产品店 | H10: =IFERROR(_xlfn.XLOOKUP($G10,通讯通路门店!$S$4:$S$993931,通讯通路门店!$R$4:$R$993931,0,0),"") -> 200020610801 | U10: =COUNTIF(通讯通路门店!$S:$S,$G10) -> 1 | V10: =COUNTIFS(通讯通路门店!$S:$S,$G10,通讯通路门店!$J:$J,"综合卖场") -> 1 | W10: =SUMIFS(通讯通路门店!$AJ:$AJ,通讯通路门店!$S:$S,通讯客户沙盘!$G10) -> 1 | X10: =Y10+Z10+AA10+AB10+AC10+AD10+AE10 -> 0 | Y10: =COUNTIFS(通讯通路门店!$S:$S,$G10,通讯通路门店!$J:$J,"荣耀体验店")+COUNTIFS(通讯通路门店!$S:$S,$G10,通讯通路门店!$J:$J,"荣耀授权专卖店") -> 0 | Z10: =COUNTIFS(通讯通路门店!$S:$S,$G10,通讯通路门店!$J:$J,"VIVO体验店") -> 0 | AA10: =COUNTIFS(通讯通路门店!$S:$S,$G10,通讯通路门店!$J:$J,"OPPO体验店") -> 0 | AB10: =COUNTIFS(通讯通路门店!$S:$S,$G10,通讯通路门店!$J:$J,"华为授权体验店")+COUNTIFS(通讯通路门店!$S:$S,$G10,通讯通路门店!$J:$J,"华为堡垒店") -> 0 | AC10: =COUNTIFS(通讯通路门店!$S:$S,$G10,通讯通路门店!$J:$J,"小米体验店") -> 0 | AD10: =COUNTIFS(通讯通路门店!$S:$S,$G10,通讯通路门店!$J:$J,"苹果体验店") -> 0 | AE10: =COUNTIFS(通讯通路门店!$S:$S,$G10,通讯通路门店!$J:$J,"其他品牌专卖店") -> 0 | AF10: =SUMIFS(通讯通路门店!$BI:$BI,通讯通路门店!$S:$S,$G10) -> 3 | AG10: =SUMIFS(通讯通路门店!$BH:$BH,通讯通路门店!$S:$S,$G10) -> 3 | AH10: =AI10+AJ10+AK10+AL10+AM10+AN10 -> 0 | AI10: =SUMIFS(通讯通路门店!$BB:$BB,通讯通路门店!$S:$S,$G10) -> 0 | AJ10: =SUMIFS(通讯通路门店!$BE:$BE,通讯通路门店!$S:$S,$G10) -> 0 | AK10: =SUMIFS(通讯通路门店!$BG:$BG,通讯通路门店!$S:$S,$G10) -> 0 | AL10: =SUMIFS(通讯通路门店!$BC:$BC,通讯通路门店!$S:$S,$G10) -> 0 | AM10: =SUMIFS(通讯通路门店!$BD:$BD,通讯通路门店!$S:$S,$G10) -> 0 | AN10: =SUMIFS(通讯通路门店!$BF:$BF,通讯通路门店!$S:$S,$G10) -> 0 | AO10: =AP10+AQ10 -> 112 | AP10: =SUMIFS(通讯通路门店!$K:$K,通讯通路门店!$S:$S,$G10) -> 112 | AR10: =SUMIFS(通讯通路门店!$T:$T,通讯通路门店!$S:$S,$G10) -> 35 | AS10: =SUMIFS(通讯通路门店!$U:$U,通讯通路门店!$S:$S,$G10) -> 24 | AT10: =SUMIFS(通讯通路门店!$V:$V,通讯通路门店!$S:$S,$G10) -> 0 | AU10: =SUMIFS(通讯通路门店!$W:$W,通讯通路门店!$S:$S,$G10) -> 16 | AV10: =SUMIFS(通讯通路门店!$Z:$Z,通讯通路门店!$S:$S,$G10) -> 11 | AW10: =SUMIFS(通讯通路门店!$AB:$AB,通讯通路门店!$S:$S,$G10) -> 0 | AX10: =SUMIFS(通讯通路门店!$X:$X,通讯通路门店!$S:$S,$G10) -> 9 | AY10: =SUMIFS(通讯通路门店!$Y:$Y,通讯通路门店!$S:$S,$G10) -> 15 | AZ10: =SUMIFS(通讯通路门店!$AA:$AA,通讯通路门店!$S:$S,$G10) -> 2 | BA10: =AP10-BB10 -> 112 | BB10: =BC10+BD10+BE10+BF10+BG10+BH10 -> 0 | BC10: =SUMIFS(通讯通路门店!$W:$W,通讯通路门店!$S:$S,$G10,通讯通路门店!$J:$J,"荣耀体验店")+SUMIFS(通讯通路门店!$W:$W,通讯通路门店!$S:$S,$G10,通讯通路门店!$J:$J,"荣耀授权专卖店") -> 0 | BD10: =SUMIFS(通讯通路门店!$Z:$Z,通讯通路门店!$S:$S,$G10,通讯通路门店!$J:$J,"VIVO体验店") -> 0 | BE10: =SUMIFS(通讯通路门店!$AB:$AB,通讯通路门店!$S:$S,$G10,通讯通路门店!$J:$J,"OPPO体验店") -> 0 | BF10: =SUMIFS(通讯通路门店!$X:$X,通讯通路门店!$S:$S,$G10,通讯通路门店!$J:$J,"华为授权体验店")+SUMIFS(通讯通路门店!$AA:$AA,通讯通路门店!$S:$S,$G10,通讯通路门店!$J:$J,"华为堡垒店") -> 0 | BG10: =SUMIFS(通讯通路门店!$Y:$Y,通讯通路门店!$S:$S,$G10,通讯通路门店!$J:$J,"小米体验店") -> 0 | BH10: =SUMIFS(通讯通路门店!$AA:$AA,通讯通路门店!$S:$S,$G10,通讯通路门店!$J:$J,"苹果体验店") -> 0 | BI10: =SUMIFS(通讯通路门店!$K:$K,通讯通路门店!$S:$S,$G10,通讯通路门店!$J:$J,"其他品牌专卖店") -> 0 | BJ10: =SUMIFS(通讯通路门店!$AC:$AC,通讯通路门店!$S:$S,$G10) -> 0 | BK10: =SUMIFS(通讯通路门店!$AD:$AD,通讯通路门店!$S:$S,$G10) -> 0 | BL10: =SUMIFS(通讯通路门店!$AE:$AE,通讯通路门店!$S:$S,$G10) -> 0 | BM10: =SUMIFS(通讯通路门店!$AF:$AF,通讯通路门店!$S:$S,$G10) -> 0 | BN10: =SUMIFS(通讯通路门店!$AG:$AG,通讯通路门店!$S:$S,$G10) -> 0 | BO10: =SUMIFS(通讯通路门店!$AH:$AH,通讯通路门店!$S:$S,$G10) -> 0 | BP10: =SUMIFS(通讯通路门店!$AI:$AI,通讯通路门店!$S:$S,$G10) -> 0
A11: =IFERROR(_xlfn.XLOOKUP($G11,通讯通路门店!$S$4:$S$993931,通讯通路门店!$A$4:$A$993931,0,0),"") -> 海南省 | B11: =IFERROR(_xlfn.XLOOKUP($G11,通讯通路门店!$S$4:$S$993931,通讯通路门店!$B$4:$B$993931,0,0),"") -> 东方市 | C11: =IFERROR(_xlfn.XLOOKUP($G11,通讯通路门店!$S$4:$S$993931,通讯通路门店!$C$4:$C$993931,0,0),"") -> 东方市 | D11: =IFERROR(_xlfn.XLOOKUP($G11,通讯通路门店!$S$4:$S$993931,通讯通路门店!$D$4:$D$993931,0,0),"") -> 八所镇 | G11: 儋州恒雁通信有限公司 | H11: =IFERROR(_xlfn.XLOOKUP($G11,通讯通路门店!$S$4:$S$993931,通讯通路门店!$R$4:$R$993931,0,0),"") -> 100084347601 | U11: =COUNTIF(通讯通路门店!$S:$S,$G11) -> 1 | V11: =COUNTIFS(通讯通路门店!$S:$S,$G11,通讯通路门店!$J:$J,"综合卖场") -> 1 | W11: =SUMIFS(通讯通路门店!$AJ:$AJ,通讯通路门店!$S:$S,通讯客户沙盘!$G11) -> 1 | X11: =Y11+Z11+AA11+AB11+AC11+AD11+AE11 -> 0 | Y11: =COUNTIFS(通讯通路门店!$S:$S,$G11,通讯通路门店!$J:$J,"荣耀体验店")+COUNTIFS(通讯通路门店!$S:$S,$G11,通讯通路门店!$J:$J,"荣耀授权专卖店") -> 0 | Z11: =COUNTIFS(通讯通路门店!$S:$S,$G11,通讯通路门店!$J:$J,"VIVO体验店") -> 0 | AA11: =COUNTIFS(通讯通路门店!$S:$S,$G11,通讯通路门店!$J:$J,"OPPO体验店") -> 0 | AB11: =COUNTIFS(通讯通路门店!$S:$S,$G11,通讯通路门店!$J:$J,"华为授权体验店")+COUNTIFS(通讯通路门店!$S:$S,$G11,通讯通路门店!$J:$J,"华为堡垒店") -> 0 | AC11: =COUNTIFS(通讯通路门店!$S:$S,$G11,通讯通路门店!$J:$J,"小米体验店") -> 0 | AD11: =COUNTIFS(通讯通路门店!$S:$S,$G11,通讯通路门店!$J:$J,"苹果体验店") -> 0 | AE11: =COUNTIFS(通讯通路门店!$S:$S,$G11,通讯通路门店!$J:$J,"其他品牌专卖店") -> 0 | AF11: =SUMIFS(通讯通路门店!$BI:$BI,通讯通路门店!$S:$S,$G11) -> 4 | AG11: =SUMIFS(通讯通路门店!$BH:$BH,通讯通路门店!$S:$S,$G11) -> 4 | AH11: =AI11+AJ11+AK11+AL11+AM11+AN11 -> 0 | AI11: =SUMIFS(通讯通路门店!$BB:$BB,通讯通路门店!$S:$S,$G11) -> 0 | AJ11: =SUMIFS(通讯通路门店!$BE:$BE,通讯通路门店!$S:$S,$G11) -> 0 | AK11: =SUMIFS(通讯通路门店!$BG:$BG,通讯通路门店!$S:$S,$G11) -> 0 | AL11: =SUMIFS(通讯通路门店!$BC:$BC,通讯通路门店!$S:$S,$G11) -> 0 | AM11: =SUMIFS(通讯通路门店!$BD:$BD,通讯通路门店!$S:$S,$G11) -> 0 | AN11: =SUMIFS(通讯通路门店!$BF:$BF,通讯通路门店!$S:$S,$G11) -> 0 | AO11: =AP11+AQ11 -> 104 | AP11: =SUMIFS(通讯通路门店!$K:$K,通讯通路门店!$S:$S,$G11) -> 104 | AR11: =SUMIFS(通讯通路门店!$T:$T,通讯通路门店!$S:$S,$G11) -> 51 | AS11: =SUMIFS(通讯通路门店!$U:$U,通讯通路门店!$S:$S,$G11) -> 4 | AT11: =SUMIFS(通讯通路门店!$V:$V,通讯通路门店!$S:$S,$G11) -> 0 | AU11: =SUMIFS(通讯通路门店!$W:$W,通讯通路门店!$S:$S,$G11) -> 5 | AV11: =SUMIFS(通讯通路门店!$Z:$Z,通讯通路门店!$S:$S,$G11) -> 12 | AW11: =SUMIFS(通讯通路门店!$AB:$AB,通讯通路门店!$S:$S,$G11) -> 22 | AX11: =SUMIFS(通讯通路门店!$X:$X,通讯通路门店!$S:$S,$G11) -> 0 | AY11: =SUMIFS(通讯通路门店!$Y:$Y,通讯通路门店!$S:$S,$G11) -> 10 | AZ11: =SUMIFS(通讯通路门店!$AA:$AA,通讯通路门店!$S:$S,$G11) -> 0 | BA11: =AP11-BB11 -> 104 | BB11: =BC11+BD11+BE11+BF11+BG11+BH11 -> 0 | BC11: =SUMIFS(通讯通路门店!$W:$W,通讯通路门店!$S:$S,$G11,通讯通路门店!$J:$J,"荣耀体验店")+SUMIFS(通讯通路门店!$W:$W,通讯通路门店!$S:$S,$G11,通讯通路门店!$J:$J,"荣耀授权专卖店") -> 0 | BD11: =SUMIFS(通讯通路门店!$Z:$Z,通讯通路门店!$S:$S,$G11,通讯通路门店!$J:$J,"VIVO体验店") -> 0 | BE11: =SUMIFS(通讯通路门店!$AB:$AB,通讯通路门店!$S:$S,$G11,通讯通路门店!$J:$J,"OPPO体验店") -> 0 | BF11: =SUMIFS(通讯通路门店!$X:$X,通讯通路门店!$S:$S,$G11,通讯通路门店!$J:$J,"华为授权体验店")+SUMIFS(通讯通路门店!$AA:$AA,通讯通路门店!$S:$S,$G11,通讯通路门店!$J:$J,"华为堡垒店") -> 0 | BG11: =SUMIFS(通讯通路门店!$Y:$Y,通讯通路门店!$S:$S,$G11,通讯通路门店!$J:$J,"小米体验店") -> 0 | BH11: =SUMIFS(通讯通路门店!$AA:$AA,通讯通路门店!$S:$S,$G11,通讯通路门店!$J:$J,"苹果体验店") -> 0 | BI11: =SUMIFS(通讯通路门店!$K:$K,通讯通路门店!$S:$S,$G11,通讯通路门店!$J:$J,"其他品牌专卖店") -> 0 | BJ11: =SUMIFS(通讯通路门店!$AC:$AC,通讯通路门店!$S:$S,$G11) -> 0 | BK11: =SUMIFS(通讯通路门店!$AD:$AD,通讯通路门店!$S:$S,$G11) -> 0 | BL11: =SUMIFS(通讯通路门店!$AE:$AE,通讯通路门店!$S:$S,$G11) -> 0 | BM11: =SUMIFS(通讯通路门店!$AF:$AF,通讯通路门店!$S:$S,$G11) -> 0 | BN11: =SUMIFS(通讯通路门店!$AG:$AG,通讯通路门店!$S:$S,$G11) -> 0 | BO11: =SUMIFS(通讯通路门店!$AH:$AH,通讯通路门店!$S:$S,$G11) -> 0 | BP11: =SUMIFS(通讯通路门店!$AI:$AI,通讯通路门店!$S:$S,$G11) -> 0
A12: =IFERROR(_xlfn.XLOOKUP($G12,通讯通路门店!$S$4:$S$993931,通讯通路门店!$A$4:$A$993931,0,0),"") -> 海南省 | B12: =IFERROR(_xlfn.XLOOKUP($G12,通讯通路门店!$S$4:$S$993931,通讯通路门店!$B$4:$B$993931,0,0),"") -> 东方市 | C12: =IFERROR(_xlfn.XLOOKUP($G12,通讯通路门店!$S$4:$S$993931,通讯通路门店!$C$4:$C$993931,0,0),"") -> 东方市 | D12: =IFERROR(_xlfn.XLOOKUP($G12,通讯通路门店!$S$4:$S$993931,通讯通路门店!$D$4:$D$993931,0,0),"") -> 八所镇 | G12: 东方东海喜爱数码手机专卖店 | H12: =IFERROR(_xlfn.XLOOKUP($G12,通讯通路门店!$S$4:$S$993931,通讯通路门店!$R$4:$R$993931,0,0),"") -> 100063737601 | U12: =COUNTIF(通讯通路门店!$S:$S,$G12) -> 1 | V12: =COUNTIFS(通讯通路门店!$S:$S,$G12,通讯通路门店!$J:$J,"综合卖场") -> 1 | W12: =SUMIFS(通讯通路门店!$AJ:$AJ,通讯通路门店!$S:$S,通讯客户沙盘!$G12) -> 0 | X12: =Y12+Z12+AA12+AB12+AC12+AD12+AE12 -> 0 | Y12: =COUNTIFS(通讯通路门店!$S:$S,$G12,通讯通路门店!$J:$J,"荣耀体验店")+COUNTIFS(通讯通路门店!$S:$S,$G12,通讯通路门店!$J:$J,"荣耀授权专卖店") -> 0 | Z12: =COUNTIFS(通讯通路门店!$S:$S,$G12,通讯通路门店!$J:$J,"VIVO体验店") -> 0 | AA12: =COUNTIFS(通讯通路门店!$S:$S,$G12,通讯通路门店!$J:$J,"OPPO体验店") -> 0 | AB12: =COUNTIFS(通讯通路门店!$S:$S,$G12,通讯通路门店!$J:$J,"华为授权体验店")+COUNTIFS(通讯通路门店!$S:$S,$G12,通讯通路门店!$J:$J,"华为堡垒店") -> 0 | AC12: =COUNTIFS(通讯通路门店!$S:$S,$G12,通讯通路门店!$J:$J,"小米体验店") -> 0 | AD12: =COUNTIFS(通讯通路门店!$S:$S,$G12,通讯通路门店!$J:$J,"苹果体验店") -> 0 | AE12: =COUNTIFS(通讯通路门店!$S:$S,$G12,通讯通路门店!$J:$J,"其他品牌专卖店") -> 0 | AF12: =SUMIFS(通讯通路门店!$BI:$BI,通讯通路门店!$S:$S,$G12) -> 1 | AG12: =SUMIFS(通讯通路门店!$BH:$BH,通讯通路门店!$S:$S,$G12) -> 1 | AH12: =AI12+AJ12+AK12+AL12+AM12+AN12 -> 0 | AI12: =SUMIFS(通讯通路门店!$BB:$BB,通讯通路门店!$S:$S,$G12) -> 0 | AJ12: =SUMIFS(通讯通路门店!$BE:$BE,通讯通路门店!$S:$S,$G12) -> 0 | AK12: =SUMIFS(通讯通路门店!$BG:$BG,通讯通路门店!$S:$S,$G12) -> 0 | AL12: =SUMIFS(通讯通路门店!$BC:$BC,通讯通路门店!$S:$S,$G12) -> 0 | AM12: =SUMIFS(通讯通路门店!$BD:$BD,通讯通路门店!$S:$S,$G12) -> 0 | AN12: =SUMIFS(通讯通路门店!$BF:$BF,通讯通路门店!$S:$S,$G12) -> 0 | AO12: =AP12+AQ12 -> 75 | AP12: =SUMIFS(通讯通路门店!$K:$K,通讯通路门店!$S:$S,$G12) -> 75 | AR12: =SUMIFS(通讯通路门店!$T:$T,通讯通路门店!$S:$S,$G12) -> 35 | AS12: =SUMIFS(通讯通路门店!$U:$U,通讯通路门店!$S:$S,$G12) -> 3 | AT12: =SUMIFS(通讯通路门店!$V:$V,通讯通路门店!$S:$S,$G12) -> 0 | AU12: =SUMIFS(通讯通路门店!$W:$W,通讯通路门店!$S:$S,$G12) -> 8 | AV12: =SUMIFS(通讯通路门店!$Z:$Z,通讯通路门店!$S:$S,$G12) -> 12 | AW12: =SUMIFS(通讯通路门店!$AB:$AB,通讯通路门店!$S:$S,$G12) -> 15 | AX12: =SUMIFS(通讯通路门店!$X:$X,通讯通路门店!$S:$S,$G12) -> 0 | AY12: =SUMIFS(通讯通路门店!$Y:$Y,通讯通路门店!$S:$S,$G12) -> 2 | AZ12: =SUMIFS(通讯通路门店!$AA:$AA,通讯通路门店!$S:$S,$G12) -> 0 | BA12: =AP12-BB12 -> 75 | BB12: =BC12+BD12+BE12+BF12+BG12+BH12 -> 0 | BC12: =SUMIFS(通讯通路门店!$W:$W,通讯通路门店!$S:$S,$G12,通讯通路门店!$J:$J,"荣耀体验店")+SUMIFS(通讯通路门店!$W:$W,通讯通路门店!$S:$S,$G12,通讯通路门店!$J:$J,"荣耀授权专卖店") -> 0 | BD12: =SUMIFS(通讯通路门店!$Z:$Z,通讯通路门店!$S:$S,$G12,通讯通路门店!$J:$J,"VIVO体验店") -> 0 | BE12: =SUMIFS(通讯通路门店!$AB:$AB,通讯通路门店!$S:$S,$G12,通讯通路门店!$J:$J,"OPPO体验店") -> 0 | BF12: =SUMIFS(通讯通路门店!$X:$X,通讯通路门店!$S:$S,$G12,通讯通路门店!$J:$J,"华为授权体验店")+SUMIFS(通讯通路门店!$AA:$AA,通讯通路门店!$S:$S,$G12,通讯通路门店!$J:$J,"华为堡垒店") -> 0 | BG12: =SUMIFS(通讯通路门店!$Y:$Y,通讯通路门店!$S:$S,$G12,通讯通路门店!$J:$J,"小米体验店") -> 0 | BH12: =SUMIFS(通讯通路门店!$AA:$AA,通讯通路门店!$S:$S,$G12,通讯通路门店!$J:$J,"苹果体验店") -> 0 | BI12: =SUMIFS(通讯通路门店!$K:$K,通讯通路门店!$S:$S,$G12,通讯通路门店!$J:$J,"其他品牌专卖店") -> 0 | BJ12: =SUMIFS(通讯通路门店!$AC:$AC,通讯通路门店!$S:$S,$G12) -> 0 | BK12: =SUMIFS(通讯通路门店!$AD:$AD,通讯通路门店!$S:$S,$G12) -> 0 | BL12: =SUMIFS(通讯通路门店!$AE:$AE,通讯通路门店!$S:$S,$G12) -> 0 | BM12: =SUMIFS(通讯通路门店!$AF:$AF,通讯通路门店!$S:$S,$G12) -> 0 | BN12: =SUMIFS(通讯通路门店!$AG:$AG,通讯通路门店!$S:$S,$G12) -> 0 | BO12: =SUMIFS(通讯通路门店!$AH:$AH,通讯通路门店!$S:$S,$G12) -> 0 | BP12: =SUMIFS(通讯通路门店!$AI:$AI,通讯通路门店!$S:$S,$G12) -> 0
A13: =IFERROR(_xlfn.XLOOKUP($G13,通讯通路门店!$S$4:$S$993931,通讯通路门店!$A$4:$A$993931,0,0),"") -> 海南省 | B13: =IFERROR(_xlfn.XLOOKUP($G13,通讯通路门店!$S$4:$S$993931,通讯通路门店!$B$4:$B$993931,0,0),"") -> 东方市 | C13: =IFERROR(_xlfn.XLOOKUP($G13,通讯通路门店!$S$4:$S$993931,通讯通路门店!$C$4:$C$993931,0,0),"") -> 东方市 | D13: =IFERROR(_xlfn.XLOOKUP($G13,通讯通路门店!$S$4:$S$993931,通讯通路门店!$D$4:$D$993931,0,0),"") -> 八所镇 | G13: 联通华盛通信有限公司海南分公司 | H13: =IFERROR(_xlfn.XLOOKUP($G13,通讯通路门店!$S$4:$S$993931,通讯通路门店!$R$4:$R$993931,0,0),"") -> 100015014301 | U13: =COUNTIF(通讯通路门店!$S:$S,$G13) -> 3 | V13: =COUNTIFS(通讯通路门店!$S:$S,$G13,通讯通路门店!$J:$J,"综合卖场") -> 0 | W13: =SUMIFS(通讯通路门店!$AJ:$AJ,通讯通路门店!$S:$S,通讯客户沙盘!$G13) -> 1 | X13: =Y13+Z13+AA13+AB13+AC13+AD13+AE13 -> 0 | Y13: =COUNTIFS(通讯通路门店!$S:$S,$G13,通讯通路门店!$J:$J,"荣耀体验店")+COUNTIFS(通讯通路门店!$S:$S,$G13,通讯通路门店!$J:$J,"荣耀授权专卖店") -> 0 | Z13: =COUNTIFS(通讯通路门店!$S:$S,$G13,通讯通路门店!$J:$J,"VIVO体验店") -> 0 | AA13: =COUNTIFS(通讯通路门店!$S:$S,$G13,通讯通路门店!$J:$J,"OPPO体验店") -> 0 | AB13: =COUNTIFS(通讯通路门店!$S:$S,$G13,通讯通路门店!$J:$J,"华为授权体验店")+COUNTIFS(通讯通路门店!$S:$S,$G13,通讯通路门店!$J:$J,"华为堡垒店") -> 0 | AC13: =COUNTIFS(通讯通路门店!$S:$S,$G13,通讯通路门店!$J:$J,"小米体验店") -> 0 | AD13: =COUNTIFS(通讯通路门店!$S:$S,$G13,通讯通路门店!$J:$J,"苹果体验店") -> 0 | AE13: =COUNTIFS(通讯通路门店!$S:$S,$G13,通讯通路门店!$J:$J,"其他品牌专卖店") -> 0 | AF13: =SUMIFS(通讯通路门店!$BI:$BI,通讯通路门店!$S:$S,$G13) -> 7 | AG13: =SUMIFS(通讯通路门店!$BH:$BH,通讯通路门店!$S:$S,$G13) -> 7 | AH13: =AI13+AJ13+AK13+AL13+AM13+AN13 -> 0 | AI13: =SUMIFS(通讯通路门店!$BB:$BB,通讯通路门店!$S:$S,$G13) -> 0 | AJ13: =SUMIFS(通讯通路门店!$BE:$BE,通讯通路门店!$S:$S,$G13) -> 0 | AK13: =SUMIFS(通讯通路门店!$BG:$BG,通讯通路门店!$S:$S,$G13) -> 0 | AL13: =SUMIFS(通讯通路门店!$BC:$BC,通讯通路门店!$S:$S,$G13) -> 0 | AM13: =SUMIFS(通讯通路门店!$BD:$BD,通讯通路门店!$S:$S,$G13) -> 0 | AN13: =SUMIFS(通讯通路门店!$BF:$BF,通讯通路门店!$S:$S,$G13) -> 0 | AO13: =AP13+AQ13 -> 190 | AP13: =SUMIFS(通讯通路门店!$K:$K,通讯通路门店!$S:$S,$G13) -> 190 | AR13: =SUMIFS(通讯通路门店!$T:$T,通讯通路门店!$S:$S,$G13) -> 73 | AS13: =SUMIFS(通讯通路门店!$U:$U,通讯通路门店!$S:$S,$G13) -> 19 | AT13: =SUMIFS(通讯通路门店!$V:$V,通讯通路门店!$S:$S,$G13) -> 3 | AU13: =SUMIFS(通讯通路门店!$W:$W,通讯通路门店!$S:$S,$G13) -> 14 | AV13: =SUMIFS(通讯通路门店!$Z:$Z,通讯通路门店!$S:$S,$G13) -> 18 | AW13: =SUMIFS(通讯通路门店!$AB:$AB,通讯通路门店!$S:$S,$G13) -> 37 | AX13: =SUMIFS(通讯通路门店!$X:$X,通讯通路门店!$S:$S,$G13) -> 7 | AY13: =SUMIFS(通讯通路门店!$Y:$Y,通讯通路门店!$S:$S,$G13) -> 17 | AZ13: =SUMIFS(通讯通路门店!$AA:$AA,通讯通路门店!$S:$S,$G13) -> 2 | BA13: =AP13-BB13 -> 190 | BB13: =BC13+BD13+BE13+BF13+BG13+BH13 -> 0 | BC13: =SUMIFS(通讯通路门店!$W:$W,通讯通路门店!$S:$S,$G13,通讯通路门店!$J:$J,"荣耀体验店")+SUMIFS(通讯通路门店!$W:$W,通讯通路门店!$S:$S,$G13,通讯通路门店!$J:$J,"荣耀授权专卖店") -> 0 | BD13: =SUMIFS(通讯通路门店!$Z:$Z,通讯通路门店!$S:$S,$G13,通讯通路门店!$J:$J,"VIVO体验店") -> 0 | BE13: =SUMIFS(通讯通路门店!$AB:$AB,通讯通路门店!$S:$S,$G13,通讯通路门店!$J:$J,"OPPO体验店") -> 0 | BF13: =SUMIFS(通讯通路门店!$X:$X,通讯通路门店!$S:$S,$G13,通讯通路门店!$J:$J,"华为授权体验店")+SUMIFS(通讯通路门店!$AA:$AA,通讯通路门店!$S:$S,$G13,通讯通路门店!$J:$J,"华为堡垒店") -> 0 | BG13: =SUMIFS(通讯通路门店!$Y:$Y,通讯通路门店!$S:$S,$G13,通讯通路门店!$J:$J,"小米体验店") -> 0 | BH13: =SUMIFS(通讯通路门店!$AA:$AA,通讯通路门店!$S:$S,$G13,通讯通路门店!$J:$J,"苹果体验店") -> 0 | BI13: =SUMIFS(通讯通路门店!$K:$K,通讯通路门店!$S:$S,$G13,通讯通路门店!$J:$J,"其他品牌专卖店") -> 0 | BJ13: =SUMIFS(通讯通路门店!$AC:$AC,通讯通路门店!$S:$S,$G13) -> 0 | BK13: =SUMIFS(通讯通路门店!$AD:$AD,通讯通路门店!$S:$S,$G13) -> 0 | BL13: =SUMIFS(通讯通路门店!$AE:$AE,通讯通路门店!$S:$S,$G13) -> 0 | BM13: =SUMIFS(通讯通路门店!$AF:$AF,通讯通路门店!$S:$S,$G13) -> 0 | BN13: =SUMIFS(通讯通路门店!$AG:$AG,通讯通路门店!$S:$S,$G13) -> 0 | BO13: =SUMIFS(通讯通路门店!$AH:$AH,通讯通路门店!$S:$S,$G13) -> 0 | BP13: =SUMIFS(通讯通路门店!$AI:$AI,通讯通路门店!$S:$S,$G13) -> 0
A14: =IFERROR(_xlfn.XLOOKUP($G14,通讯通路门店!$S$4:$S$993931,通讯通路门店!$A$4:$A$993931,0,0),"") -> 海南省 | B14: =IFERROR(_xlfn.XLOOKUP($G14,通讯通路门店!$S$4:$S$993931,通讯通路门店!$B$4:$B$993931,0,0),"") -> 东方市 | C14: =IFERROR(_xlfn.XLOOKUP($G14,通讯通路门店!$S$4:$S$993931,通讯通路门店!$C$4:$C$993931,0,0),"") -> 东方市 | D14: =IFERROR(_xlfn.XLOOKUP($G14,通讯通路门店!$S$4:$S$993931,通讯通路门店!$D$4:$D$993931,0,0),"") -> 东河镇 | G14: 东方东河颖武电讯专营店 | H14: =IFERROR(_xlfn.XLOOKUP($G14,通讯通路门店!$S$4:$S$993931,通讯通路门店!$R$4:$R$993931,0,0),"") -> 100080560401 | U14: =COUNTIF(通讯通路门店!$S:$S,$G14) -> 1 | V14: =COUNTIFS(通讯通路门店!$S:$S,$G14,通讯通路门店!$J:$J,"综合卖场") -> 1 | W14: =SUMIFS(通讯通路门店!$AJ:$AJ,通讯通路门店!$S:$S,通讯客户沙盘!$G14) -> 1 | X14: =Y14+Z14+AA14+AB14+AC14+AD14+AE14 -> 0 | Y14: =COUNTIFS(通讯通路门店!$S:$S,$G14,通讯通路门店!$J:$J,"荣耀体验店")+COUNTIFS(通讯通路门店!$S:$S,$G14,通讯通路门店!$J:$J,"荣耀授权专卖店") -> 0 | Z14: =COUNTIFS(通讯通路门店!$S:$S,$G14,通讯通路门店!$J:$J,"VIVO体验店") -> 0 | AA14: =COUNTIFS(通讯通路门店!$S:$S,$G14,通讯通路门店!$J:$J,"OPPO体验店") -> 0 | AB14: =COUNTIFS(通讯通路门店!$S:$S,$G14,通讯通路门店!$J:$J,"华为授权体验店")+COUNTIFS(通讯通路门店!$S:$S,$G14,通讯通路门店!$J:$J,"华为堡垒店") -> 0 | AC14: =COUNTIFS(通讯通路门店!$S:$S,$G14,通讯通路门店!$J:$J,"小米体验店") -> 0 | AD14: =COUNTIFS(通讯通路门店!$S:$S,$G14,通讯通路门店!$J:$J,"苹果体验店") -> 0 | AE14: =COUNTIFS(通讯通路门店!$S:$S,$G14,通讯通路门店!$J:$J,"其他品牌专卖店") -> 0 | AF14: =SUMIFS(通讯通路门店!$BI:$BI,通讯通路门店!$S:$S,$G14) -> 1 | AG14: =SUMIFS(通讯通路门店!$BH:$BH,通讯通路门店!$S:$S,$G14) -> 1 | AH14: =AI14+AJ14+AK14+AL14+AM14+AN14 -> 0 | AI14: =SUMIFS(通讯通路门店!$BB:$BB,通讯通路门店!$S:$S,$G14) -> 0 | AJ14: =SUMIFS(通讯通路门店!$BE:$BE,通讯通路门店!$S:$S,$G14) -> 0 | AK14: =SUMIFS(通讯通路门店!$BG:$BG,通讯通路门店!$S:$S,$G14) -> 0 | AL14: =SUMIFS(通讯通路门店!$BC:$BC,通讯通路门店!$S:$S,$G14) -> 0 | AM14: =SUMIFS(通讯通路门店!$BD:$BD,通讯通路门店!$S:$S,$G14) -> 0 | AN14: =SUMIFS(通讯通路门店!$BF:$BF,通讯通路门店!$S:$S,$G14) -> 0 | AO14: =AP14+AQ14 -> 87 | AP14: =SUMIFS(通讯通路门店!$K:$K,通讯通路门店!$S:$S,$G14) -> 87 | AR14: =SUMIFS(通讯通路门店!$T:$T,通讯通路门店!$S:$S,$G14) -> 39 | AS14: =SUMIFS(通讯通路门店!$U:$U,通讯通路门店!$S:$S,$G14) -> 5 | AT14: =SUMIFS(通讯通路门店!$V:$V,通讯通路门店!$S:$S,$G14) -> 0 | AU14: =SUMIFS(通讯通路门店!$W:$W,通讯通路门店!$S:$S,$G14) -> 13 | AV14: =SUMIFS(通讯通路门店!$Z:$Z,通讯通路门店!$S:$S,$G14) -> 10 | AW14: =SUMIFS(通讯通路门店!$AB:$AB,通讯通路门店!$S:$S,$G14) -> 15 | AX14: =SUMIFS(通讯通路门店!$X:$X,通讯通路门店!$S:$S,$G14) -> 0 | AY14: =SUMIFS(通讯通路门店!$Y:$Y,通讯通路门店!$S:$S,$G14) -> 5 | AZ14: =SUMIFS(通讯通路门店!$AA:$AA,通讯通路门店!$S:$S,$G14) -> 0 | BA14: =AP14-BB14 -> 87 | BB14: =BC14+BD14+BE14+BF14+BG14+BH14 -> 0 | BC14: =SUMIFS(通讯通路门店!$W:$W,通讯通路门店!$S:$S,$G14,通讯通路门店!$J:$J,"荣耀体验店")+SUMIFS(通讯通路门店!$W:$W,通讯通路门店!$S:$S,$G14,通讯通路门店!$J:$J,"荣耀授权专卖店") -> 0 | BD14: =SUMIFS(通讯通路门店!$Z:$Z,通讯通路门店!$S:$S,$G14,通讯通路门店!$J:$J,"VIVO体验店") -> 0 | BE14: =SUMIFS(通讯通路门店!$AB:$AB,通讯通路门店!$S:$S,$G14,通讯通路门店!$J:$J,"OPPO体验店") -> 0 | BF14: =SUMIFS(通讯通路门店!$X:$X,通讯通路门店!$S:$S,$G14,通讯通路门店!$J:$J,"华为授权体验店")+SUMIFS(通讯通路门店!$AA:$AA,通讯通路门店!$S:$S,$G14,通讯通路门店!$J:$J,"华为堡垒店") -> 0 | BG14: =SUMIFS(通讯通路门店!$Y:$Y,通讯通路门店!$S:$S,$G14,通讯通路门店!$J:$J,"小米体验店") -> 0 | BH14: =SUMIFS(通讯通路门店!$AA:$AA,通讯通路门店!$S:$S,$G14,通讯通路门店!$J:$J,"苹果体验店") -> 0 | BI14: =SUMIFS(通讯通路门店!$K:$K,通讯通路门店!$S:$S,$G14,通讯通路门店!$J:$J,"其他品牌专卖店") -> 0 | BJ14: =SUMIFS(通讯通路门店!$AC:$AC,通讯通路门店!$S:$S,$G14) -> 0 | BK14: =SUMIFS(通讯通路门店!$AD:$AD,通讯通路门店!$S:$S,$G14) -> 0 | BL14: =SUMIFS(通讯通路门店!$AE:$AE,通讯通路门店!$S:$S,$G14) -> 0 | BM14: =SUMIFS(通讯通路门店!$AF:$AF,通讯通路门店!$S:$S,$G14) -> 0 | BN14: =SUMIFS(通讯通路门店!$AG:$AG,通讯通路门店!$S:$S,$G14) -> 0 | BO14: =SUMIFS(通讯通路门店!$AH:$AH,通讯通路门店!$S:$S,$G14) -> 0 | BP14: =SUMIFS(通讯通路门店!$AI:$AI,通讯通路门店!$S:$S,$G14) -> 0
A15: =IFERROR(_xlfn.XLOOKUP($G15,通讯通路门店!$S$4:$S$993931,通讯通路门店!$A$4:$A$993931,0,0),"") -> 海南省 | B15: =IFERROR(_xlfn.XLOOKUP($G15,通讯通路门店!$S$4:$S$993931,通讯通路门店!$B$4:$B$993931,0,0),"") -> 东方市 | C15: =IFERROR(_xlfn.XLOOKUP($G15,通讯通路门店!$S$4:$S$993931,通讯通路门店!$C$4:$C$993931,0,0),"") -> 东方市 | D15: =IFERROR(_xlfn.XLOOKUP($G15,通讯通路门店!$S$4:$S$993931,通讯通路门店!$D$4:$D$993931,0,0),"") -> 八所镇 | G15: 海口翼讯达通讯器材有限公司 | H15: =IFERROR(_xlfn.XLOOKUP($G15,通讯通路门店!$S$4:$S$993931,通讯通路门店!$R$4:$R$993931,0,0),"") -> 100013317301 | U15: =COUNTIF(通讯通路门店!$S:$S,$G15) -> 1 | V15: =COUNTIFS(通讯通路门店!$S:$S,$G15,通讯通路门店!$J:$J,"综合卖场") -> 0 | W15: =SUMIFS(通讯通路门店!$AJ:$AJ,通讯通路门店!$S:$S,通讯客户沙盘!$G15) -> 1 | X15: =Y15+Z15+AA15+AB15+AC15+AD15+AE15 -> 0 | Y15: =COUNTIFS(通讯通路门店!$S:$S,$G15,通讯通路门店!$J:$J,"荣耀体验店")+COUNTIFS(通讯通路门店!$S:$S,$G15,通讯通路门店!$J:$J,"荣耀授权专卖店") -> 0 | Z15: =COUNTIFS(通讯通路门店!$S:$S,$G15,通讯通路门店!$J:$J,"VIVO体验店") -> 0 | AA15: =COUNTIFS(通讯通路门店!$S:$S,$G15,通讯通路门店!$J:$J,"OPPO体验店") -> 0 | AB15: =COUNTIFS(通讯通路门店!$S:$S,$G15,通讯通路门店!$J:$J,"华为授权体验店")+COUNTIFS(通讯通路门店!$S:$S,$G15,通讯通路门店!$J:$J,"华为堡垒店") -> 0 | AC15: =COUNTIFS(通讯通路门店!$S:$S,$G15,通讯通路门店!$J:$J,"小米体验店") -> 0 | AD15: =COUNTIFS(通讯通路门店!$S:$S,$G15,通讯通路门店!$J:$J,"苹果体验店") -> 0 | AE15: =COUNTIFS(通讯通路门店!$S:$S,$G15,通讯通路门店!$J:$J,"其他品牌专卖店") -> 0 | AF15: =SUMIFS(通讯通路门店!$BI:$BI,通讯通路门店!$S:$S,$G15) -> 6 | AG15: =SUMIFS(通讯通路门店!$BH:$BH,通讯通路门店!$S:$S,$G15) -> 6 | AH15: =AI15+AJ15+AK15+AL15+AM15+AN15 -> 0 | AI15: =SUMIFS(通讯通路门店!$BB:$BB,通讯通路门店!$S:$S,$G15) -> 0 | AJ15: =SUMIFS(通讯通路门店!$BE:$BE,通讯通路门店!$S:$S,$G15) -> 0 | AK15: =SUMIFS(通讯通路门店!$BG:$BG,通讯通路门店!$S:$S,$G15) -> 0 | AL15: =SUMIFS(通讯通路门店!$BC:$BC,通讯通路门店!$S:$S,$G15) -> 0 | AM15: =SUMIFS(通讯通路门店!$BD:$BD,通讯通路门店!$S:$S,$G15) -> 0 | AN15: =SUMIFS(通讯通路门店!$BF:$BF,通讯通路门店!$S:$S,$G15) -> 0 | AO15: =AP15+AQ15 -> 215 | AP15: =SUMIFS(通讯通路门店!$K:$K,通讯通路门店!$S:$S,$G15) -> 215 | AR15: =SUMIFS(通讯通路门店!$T:$T,通讯通路门店!$S:$S,$G15) -> 88 | AS15: =SUMIFS(通讯通路门店!$U:$U,通讯通路门店!$S:$S,$G15) -> 20 | AT15: =SUMIFS(通讯通路门店!$V:$V,通讯通路门店!$S:$S,$G15) -> 0 | AU15: =SUMIFS(通讯通路门店!$W:$W,通讯通路门店!$S:$S,$G15) -> 40 | AV15: =SUMIFS(通讯通路门店!$Z:$Z,通讯通路门店!$S:$S,$G15) -> 32 | AW15: =SUMIFS(通讯通路门店!$AB:$AB,通讯通路门店!$S:$S,$G15) -> 25 | AX15: =SUMIFS(通讯通路门店!$X:$X,通讯通路门店!$S:$S,$G15) -> 0 | AY15: =SUMIFS(通讯通路门店!$Y:$Y,通讯通路门店!$S:$S,$G15) -> 5 | AZ15: =SUMIFS(通讯通路门店!$AA:$AA,通讯通路门店!$S:$S,$G15) -> 5 | BA15: =AP15-BB15 -> 215 | BB15: =BC15+BD15+BE15+BF15+BG15+BH15 -> 0 | BC15: =SUMIFS(通讯通路门店!$W:$W,通讯通路门店!$S:$S,$G15,通讯通路门店!$J:$J,"荣耀体验店")+SUMIFS(通讯通路门店!$W:$W,通讯通路门店!$S:$S,$G15,通讯通路门店!$J:$J,"荣耀授权专卖店") -> 0 | BD15: =SUMIFS(通讯通路门店!$Z:$Z,通讯通路门店!$S:$S,$G15,通讯通路门店!$J:$J,"VIVO体验店") -> 0 | BE15: =SUMIFS(通讯通路门店!$AB:$AB,通讯通路门店!$S:$S,$G15,通讯通路门店!$J:$J,"OPPO体验店") -> 0 | BF15: =SUMIFS(通讯通路门店!$X:$X,通讯通路门店!$S:$S,$G15,通讯通路门店!$J:$J,"华为授权体验店")+SUMIFS(通讯通路门店!$AA:$AA,通讯通路门店!$S:$S,$G15,通讯通路门店!$J:$J,"华为堡垒店") -> 0 | BG15: =SUMIFS(通讯通路门店!$Y:$Y,通讯通路门店!$S:$S,$G15,通讯通路门店!$J:$J,"小米体验店") -> 0 | BH15: =SUMIFS(通讯通路门店!$AA:$AA,通讯通路门店!$S:$S,$G15,通讯通路门店!$J:$J,"苹果体验店") -> 0 | BI15: =SUMIFS(通讯通路门店!$K:$K,通讯通路门店!$S:$S,$G15,通讯通路门店!$J:$J,"其他品牌专卖店") -> 0 | BJ15: =SUMIFS(通讯通路门店!$AC:$AC,通讯通路门店!$S:$S,$G15) -> 0 | BK15: =SUMIFS(通讯通路门店!$AD:$AD,通讯通路门店!$S:$S,$G15) -> 0 | BL15: =SUMIFS(通讯通路门店!$AE:$AE,通讯通路门店!$S:$S,$G15) -> 0 | BM15: =SUMIFS(通讯通路门店!$AF:$AF,通讯通路门店!$S:$S,$G15) -> 0 | BN15: =SUMIFS(通讯通路门店!$AG:$AG,通讯通路门店!$S:$S,$G15) -> 0 | BO15: =SUMIFS(通讯通路门店!$AH:$AH,通讯通路门店!$S:$S,$G15) -> 0 | BP15: =SUMIFS(通讯通路门店!$AI:$AI,通讯通路门店!$S:$S,$G15) -> 0
A16: =IFERROR(_xlfn.XLOOKUP($G16,通讯通路门店!$S$4:$S$993931,通讯通路门店!$A$4:$A$993931,0,0),"") -> 海南省 | B16: =IFERROR(_xlfn.XLOOKUP($G16,通讯通路门店!$S$4:$S$993931,通讯通路门店!$B$4:$B$993931,0,0),"") -> 东方市 | C16: =IFERROR(_xlfn.XLOOKUP($G16,通讯通路门店!$S$4:$S$993931,通讯通路门店!$C$4:$C$993931,0,0),"") -> 东方市 | D16: =IFERROR(_xlfn.XLOOKUP($G16,通讯通路门店!$S$4:$S$993931,通讯通路门店!$D$4:$D$993931,0,0),"") -> 八所镇 | G16: 东方市东海九龙通讯手机店 | H16: =IFERROR(_xlfn.XLOOKUP($G16,通讯通路门店!$S$4:$S$993931,通讯通路门店!$R$4:$R$993931,0,0),"") -> 100046478701 | U16: =COUNTIF(通讯通路门店!$S:$S,$G16) -> 1 | V16: =COUNTIFS(通讯通路门店!$S:$S,$G16,通讯通路门店!$J:$J,"综合卖场") -> 1 | W16: =SUMIFS(通讯通路门店!$AJ:$AJ,通讯通路门店!$S:$S,通讯客户沙盘!$G16) -> 1 | X16: =Y16+Z16+AA16+AB16+AC16+AD16+AE16 -> 0 | Y16: =COUNTIFS(通讯通路门店!$S:$S,$G16,通讯通路门店!$J:$J,"荣耀体验店")+COUNTIFS(通讯通路门店!$S:$S,$G16,通讯通路门店!$J:$J,"荣耀授权专卖店") -> 0 | Z16: =COUNTIFS(通讯通路门店!$S:$S,$G16,通讯通路门店!$J:$J,"VIVO体验店") -> 0 | AA16: =COUNTIFS(通讯通路门店!$S:$S,$G16,通讯通路门店!$J:$J,"OPPO体验店") -> 0 | AB16: =COUNTIFS(通讯通路门店!$S:$S,$G16,通讯通路门店!$J:$J,"华为授权体验店")+COUNTIFS(通讯通路门店!$S:$S,$G16,通讯通路门店!$J:$J,"华为堡垒店") -> 0 | AC16: =COUNTIFS(通讯通路门店!$S:$S,$G16,通讯通路门店!$J:$J,"小米体验店") -> 0 | AD16: =COUNTIFS(通讯通路门店!$S:$S,$G16,通讯通路门店!$J:$J,"苹果体验店") -> 0 | AE16: =COUNTIFS(通讯通路门店!$S:$S,$G16,通讯通路门店!$J:$J,"其他品牌专卖店") -> 0 | AF16: =SUMIFS(通讯通路门店!$BI:$BI,通讯通路门店!$S:$S,$G16) -> 5 | AG16: =SUMIFS(通讯通路门店!$BH:$BH,通讯通路门店!$S:$S,$G16) -> 5 | AH16: =AI16+AJ16+AK16+AL16+AM16+AN16 -> 0 | AI16: =SUMIFS(通讯通路门店!$BB:$BB,通讯通路门店!$S:$S,$G16) -> 0 | AJ16: =SUMIFS(通讯通路门店!$BE:$BE,通讯通路门店!$S:$S,$G16) -> 0 | AK16: =SUMIFS(通讯通路门店!$BG:$BG,通讯通路门店!$S:$S,$G16) -> 0 | AL16: =SUMIFS(通讯通路门店!$BC:$BC,通讯通路门店!$S:$S,$G16) -> 0 | AM16: =SUMIFS(通讯通路门店!$BD:$BD,通讯通路门店!$S:$S,$G16) -> 0 | AN16: =SUMIFS(通讯通路门店!$BF:$BF,通讯通路门店!$S:$S,$G16) -> 0 | AO16: =AP16+AQ16 -> 101 | AP16: =SUMIFS(通讯通路门店!$K:$K,通讯通路门店!$S:$S,$G16) -> 101 | AR16: =SUMIFS(通讯通路门店!$T:$T,通讯通路门店!$S:$S,$G16) -> 33 | AS16: =SUMIFS(通讯通路门店!$U:$U,通讯通路门店!$S:$S,$G16) -> 15 | AT16: =SUMIFS(通讯通路门店!$V:$V,通讯通路门店!$S:$S,$G16) -> 3 | AU16: =SUMIFS(通讯通路门店!$W:$W,通讯通路门店!$S:$S,$G16) -> 12 | AV16: =SUMIFS(通讯通路门店!$Z:$Z,通讯通路门店!$S:$S,$G16) -> 6 | AW16: =SUMIFS(通讯通路门店!$AB:$AB,通讯通路门店!$S:$S,$G16) -> 21 | AX16: =SUMIFS(通讯通路门店!$X:$X,通讯通路门店!$S:$S,$G16) -> 0 | AY16: =SUMIFS(通讯通路门店!$Y:$Y,通讯通路门店!$S:$S,$G16) -> 7 | AZ16: =SUMIFS(通讯通路门店!$AA:$AA,通讯通路门店!$S:$S,$G16) -> 4 | BA16: =AP16-BB16 -> 101 | BB16: =BC16+BD16+BE16+BF16+BG16+BH16 -> 0 | BC16: =SUMIFS(通讯通路门店!$W:$W,通讯通路门店!$S:$S,$G16,通讯通路门店!$J:$J,"荣耀体验店")+SUMIFS(通讯通路门店!$W:$W,通讯通路门店!$S:$S,$G16,通讯通路门店!$J:$J,"荣耀授权专卖店") -> 0 | BD16: =SUMIFS(通讯通路门店!$Z:$Z,通讯通路门店!$S:$S,$G16,通讯通路门店!$J:$J,"VIVO体验店") -> 0 | BE16: =SUMIFS(通讯通路门店!$AB:$AB,通讯通路门店!$S:$S,$G16,通讯通路门店!$J:$J,"OPPO体验店") -> 0 | BF16: =SUMIFS(通讯通路门店!$X:$X,通讯通路门店!$S:$S,$G16,通讯通路门店!$J:$J,"华为授权体验店")+SUMIFS(通讯通路门店!$AA:$AA,通讯通路门店!$S:$S,$G16,通讯通路门店!$J:$J,"华为堡垒店") -> 0 | BG16: =SUMIFS(通讯通路门店!$Y:$Y,通讯通路门店!$S:$S,$G16,通讯通路门店!$J:$J,"小米体验店") -> 0 | BH16: =SUMIFS(通讯通路门店!$AA:$AA,通讯通路门店!$S:$S,$G16,通讯通路门店!$J:$J,"苹果体验店") -> 0 | BI16: =SUMIFS(通讯通路门店!$K:$K,通讯通路门店!$S:$S,$G16,通讯通路门店!$J:$J,"其他品牌专卖店") -> 0 | BJ16: =SUMIFS(通讯通路门店!$AC:$AC,通讯通路门店!$S:$S,$G16) -> 0 | BK16: =SUMIFS(通讯通路门店!$AD:$AD,通讯通路门店!$S:$S,$G16) -> 0 | BL16: =SUMIFS(通讯通路门店!$AE:$AE,通讯通路门店!$S:$S,$G16) -> 0 | BM16: =SUMIFS(通讯通路门店!$AF:$AF,通讯通路门店!$S:$S,$G16) -> 0 | BN16: =SUMIFS(通讯通路门店!$AG:$AG,通讯通路门店!$S:$S,$G16) -> 0 | BO16: =SUMIFS(通讯通路门店!$AH:$AH,通讯通路门店!$S:$S,$G16) -> 0 | BP16: =SUMIFS(通讯通路门店!$AI:$AI,通讯通路门店!$S:$S,$G16) -> 0
... A41: =IFERROR(_xlfn.XLOOKUP($G41,通讯通路门店!$S$4:$S$993931,通讯通路门店!$A$4:$A$993931,0,0),"") -> 海南省 | B41: =IFERROR(_xlfn.XLOOKUP($G41,通讯通路门店!$S$4:$S$993931,通讯通路门店!$B$4:$B$993931,0,0),"") -> 东方市 | C41: =IFERROR(_xlfn.XLOOKUP($G41,通讯通路门店!$S$4:$S$993931,通讯通路门店!$C$4:$C$993931,0,0),"") -> 东方市 | D41: =IFERROR(_xlfn.XLOOKUP($G41,通讯通路门店!$S$4:$S$993931,通讯通路门店!$D$4:$D$993931,0,0),"") -> 八所镇 | G41: 东方八所万信手机店 | H41: =IFERROR(_xlfn.XLOOKUP($G41,通讯通路门店!$S$4:$S$993931,通讯通路门店!$R$4:$R$993931,0,0),"") -> 100073664301 | U41: =COUNTIF(通讯通路门店!$S:$S,$G41) -> 1 | V41: =COUNTIFS(通讯通路门店!$S:$S,$G41,通讯通路门店!$J:$J,"综合卖场") -> 0 | W41: =SUMIFS(通讯通路门店!$AJ:$AJ,通讯通路门店!$S:$S,通讯客户沙盘!$G41) -> 0 | X41: =Y41+Z41+AA41+AB41+AC41+AD41+AE41 -> 0 | Y41: =COUNTIFS(通讯通路门店!$S:$S,$G41,通讯通路门店!$J:$J,"荣耀体验店")+COUNTIFS(通讯通路门店!$S:$S,$G41,通讯通路门店!$J:$J,"荣耀授权专卖店") -> 0 | Z41: =COUNTIFS(通讯通路门店!$S:$S,$G41,通讯通路门店!$J:$J,"VIVO体验店") -> 0 | AA41: =COUNTIFS(通讯通路门店!$S:$S,$G41,通讯通路门店!$J:$J,"OPPO体验店") -> 0 | AB41: =COUNTIFS(通讯通路门店!$S:$S,$G41,通讯通路门店!$J:$J,"华为授权体验店")+COUNTIFS(通讯通路门店!$S:$S,$G41,通讯通路门店!$J:$J,"华为堡垒店") -> 0 | AC41: =COUNTIFS(通讯通路门店!$S:$S,$G41,通讯通路门店!$J:$J,"小米体验店") -> 0 | AD41: =COUNTIFS(通讯通路门店!$S:$S,$G41,通讯通路门店!$J:$J,"苹果体验店") -> 0 | AE41: =COUNTIFS(通讯通路门店!$S:$S,$G41,通讯通路门店!$J:$J,"其他品牌专卖店") -> 0 | AF41: =SUMIFS(通讯通路门店!$BI:$BI,通讯通路门店!$S:$S,$G41) -> 0 | AG41: =SUMIFS(通讯通路门店!$BH:$BH,通讯通路门店!$S:$S,$G41) -> 0 | AH41: =AI41+AJ41+AK41+AL41+AM41+AN41 -> 0 | AI41: =SUMIFS(通讯通路门店!$BB:$BB,通讯通路门店!$S:$S,$G41) -> 0 | AJ41: =SUMIFS(通讯通路门店!$BE:$BE,通讯通路门店!$S:$S,$G41) -> 0 | AK41: =SUMIFS(通讯通路门店!$BG:$BG,通讯通路门店!$S:$S,$G41) -> 0 | AL41: =SUMIFS(通讯通路门店!$BC:$BC,通讯通路门店!$S:$S,$G41) -> 0 | AM41: =SUMIFS(通讯通路门店!$BD:$BD,通讯通路门店!$S:$S,$G41) -> 0 | AN41: =SUMIFS(通讯通路门店!$BF:$BF,通讯通路门店!$S:$S,$G41) -> 0 | AO41: =AP41+AQ41 -> 0 | AP41: =SUMIFS(通讯通路门店!$K:$K,通讯通路门店!$S:$S,$G41) -> 0 | AR41: =SUMIFS(通讯通路门店!$T:$T,通讯通路门店!$S:$S,$G41) -> 0 | AS41: =SUMIFS(通讯通路门店!$U:$U,通讯通路门店!$S:$S,$G41) -> 0 | AT41: =SUMIFS(通讯通路门店!$V:$V,通讯通路门店!$S:$S,$G41) -> 0 | AU41: =SUMIFS(通讯通路门店!$W:$W,通讯通路门店!$S:$S,$G41) -> 0 | AV41: =SUMIFS(通讯通路门店!$Z:$Z,通讯通路门店!$S:$S,$G41) -> 0 | AW41: =SUMIFS(通讯通路门店!$AB:$AB,通讯通路门店!$S:$S,$G41) -> 0 | AX41: =SUMIFS(通讯通路门店!$X:$X,通讯通路门店!$S:$S,$G41) -> 0 | AY41: =SUMIFS(通讯通路门店!$Y:$Y,通讯通路门店!$S:$S,$G41) -> 0 | AZ41: =SUMIFS(通讯通路门店!$AA:$AA,通讯通路门店!$S:$S,$G41) -> 0 | BA41: =AP41-BB41 -> 0 | BB41: =BC41+BD41+BE41+BF41+BG41+BH41 -> 0 | BC41: =SUMIFS(通讯通路门店!$W:$W,通讯通路门店!$S:$S,$G41,通讯通路门店!$J:$J,"荣耀体验店")+SUMIFS(通讯通路门店!$W:$W,通讯通路门店!$S:$S,$G41,通讯通路门店!$J:$J,"荣耀授权专卖店") -> 0 | BD41: =SUMIFS(通讯通路门店!$Z:$Z,通讯通路门店!$S:$S,$G41,通讯通路门店!$J:$J,"VIVO体验店") -> 0 | BE41: =SUMIFS(通讯通路门店!$AB:$AB,通讯通路门店!$S:$S,$G41,通讯通路门店!$J:$J,"OPPO体验店") -> 0 | BF41: =SUMIFS(通讯通路门店!$X:$X,通讯通路门店!$S:$S,$G41,通讯通路门店!$J:$J,"华为授权体验店")+SUMIFS(通讯通路门店!$AA:$AA,通讯通路门店!$S:$S,$G41,通讯通路门店!$J:$J,"华为堡垒店") -> 0 | BG41: =SUMIFS(通讯通路门店!$Y:$Y,通讯通路门店!$S:$S,$G41,通讯通路门店!$J:$J,"小米体验店") -> 0 | BH41: =SUMIFS(通讯通路门店!$AA:$AA,通讯通路门店!$S:$S,$G41,通讯通路门店!$J:$J,"苹果体验店") -> 0 | BI41: =SUMIFS(通讯通路门店!$K:$K,通讯通路门店!$S:$S,$G41,通讯通路门店!$J:$J,"其他品牌专卖店") -> 0 | BJ41: =SUMIFS(通讯通路门店!$AC:$AC,通讯通路门店!$S:$S,$G41) -> 0 | BK41: =SUMIFS(通讯通路门店!$AD:$AD,通讯通路门店!$S:$S,$G41) -> 0 | BL41: =SUMIFS(通讯通路门店!$AE:$AE,通讯通路门店!$S:$S,$G41) -> 0 | BM41: =SUMIFS(通讯通路门店!$AF:$AF,通讯通路门店!$S:$S,$G41) -> 0 | BN41: =SUMIFS(通讯通路门店!$AG:$AG,通讯通路门店!$S:$S,$G41) -> 0 | BO41: =SUMIFS(通讯通路门店!$AH:$AH,通讯通路门店!$S:$S,$G41) -> 0 | BP41: =SUMIFS(通讯通路门店!$AI:$AI,通讯通路门店!$S:$S,$G41) -> 0
A42: =IFERROR(_xlfn.XLOOKUP($G42,通讯通路门店!$S$4:$S$993931,通讯通路门店!$A$4:$A$993931,0,0),"") -> 海南省 | B42: =IFERROR(_xlfn.XLOOKUP($G42,通讯通路门店!$S$4:$S$993931,通讯通路门店!$B$4:$B$993931,0,0),"") -> 东方市 | C42: =IFERROR(_xlfn.XLOOKUP($G42,通讯通路门店!$S$4:$S$993931,通讯通路门店!$C$4:$C$993931,0,0),"") -> 东方市 | D42: =IFERROR(_xlfn.XLOOKUP($G42,通讯通路门店!$S$4:$S$993931,通讯通路门店!$D$4:$D$993931,0,0),"") -> 八所镇 | H42: =IFERROR(_xlfn.XLOOKUP($G42,通讯通路门店!$S$4:$S$993931,通讯通路门店!$R$4:$R$993931,0,0),"") | U42: =COUNTIF(通讯通路门店!$S:$S,$G42) -> 1048517 | V42: =COUNTIFS(通讯通路门店!$S:$S,$G42,通讯通路门店!$J:$J,"综合卖场") -> 4 | W42: =SUMIFS(通讯通路门店!$AJ:$AJ,通讯通路门店!$S:$S,通讯客户沙盘!$G42) -> 1 | X42: =Y42+Z42+AA42+AB42+AC42+AD42+AE42 -> 7 | Y42: =COUNTIFS(通讯通路门店!$S:$S,$G42,通讯通路门店!$J:$J,"荣耀体验店")+COUNTIFS(通讯通路门店!$S:$S,$G42,通讯通路门店!$J:$J,"荣耀授权专卖店") -> 0 | Z42: =COUNTIFS(通讯通路门店!$S:$S,$G42,通讯通路门店!$J:$J,"VIVO体验店") -> 1 | AA42: =COUNTIFS(通讯通路门店!$S:$S,$G42,通讯通路门店!$J:$J,"OPPO体验店") -> 2 | AB42: =COUNTIFS(通讯通路门店!$S:$S,$G42,通讯通路门店!$J:$J,"华为授权体验店")+COUNTIFS(通讯通路门店!$S:$S,$G42,通讯通路门店!$J:$J,"华为堡垒店") -> 3 | AC42: =COUNTIFS(通讯通路门店!$S:$S,$G42,通讯通路门店!$J:$J,"小米体验店") -> 0 | AD42: =COUNTIFS(通讯通路门店!$S:$S,$G42,通讯通路门店!$J:$J,"苹果体验店") -> 1 | AE42: =COUNTIFS(通讯通路门店!$S:$S,$G42,通讯通路门店!$J:$J,"其他品牌专卖店") -> 0 | AF42: =SUMIFS(通讯通路门店!$BI:$BI,通讯通路门店!$S:$S,$G42) -> 27 | AG42: =SUMIFS(通讯通路门店!$BH:$BH,通讯通路门店!$S:$S,$G42) -> 23 | AH42: =AI42+AJ42+AK42+AL42+AM42+AN42 -> 5 | AI42: =SUMIFS(通讯通路门店!$BB:$BB,通讯通路门店!$S:$S,$G42) -> 0 | AJ42: =SUMIFS(通讯通路门店!$BE:$BE,通讯通路门店!$S:$S,$G42) -> 1 | AK42: =SUMIFS(通讯通路门店!$BG:$BG,通讯通路门店!$S:$S,$G42) -> 3 | AL42: =SUMIFS(通讯通路门店!$BC:$BC,通讯通路门店!$S:$S,$G42) -> 1 | AM42: =SUMIFS(通讯通路门店!$BD:$BD,通讯通路门店!$S:$S,$G42) -> 0 | AN42: =SUMIFS(通讯通路门店!$BF:$BF,通讯通路门店!$S:$S,$G42) -> 0 | AO42: =AP42+AQ42 -> 561 | AP42: =SUMIFS(通讯通路门店!$K:$K,通讯通路门店!$S:$S,$G42) -> 561 | AR42: =SUMIFS(通讯通路门店!$T:$T,通讯通路门店!$S:$S,$G42) -> 222 | AS42: =SUMIFS(通讯通路门店!$U:$U,通讯通路门店!$S:$S,$G42) -> 35 | AT42: =SUMIFS(通讯通路门店!$V:$V,通讯通路门店!$S:$S,$G42) -> 7 | AU42: =SUMIFS(通讯通路门店!$W:$W,通讯通路门店!$S:$S,$G42) -> 30 | AV42: =SUMIFS(通讯通路门店!$Z:$Z,通讯通路门店!$S:$S,$G42) -> 32 | AW42: =SUMIFS(通讯通路门店!$AB:$AB,通讯通路门店!$S:$S,$G42) -> 72 | AX42: =SUMIFS(通讯通路门店!$X:$X,通讯通路门店!$S:$S,$G42) -> 64 | AY42: =SUMIFS(通讯通路门店!$Y:$Y,通讯通路门店!$S:$S,$G42) -> 44 | AZ42: =SUMIFS(通讯通路门店!$AA:$AA,通讯通路门店!$S:$S,$G42) -> 11 | BA42: =AP42-BB42 -> 517 | BB42: =BC42+BD42+BE42+BF42+BG42+BH42 -> 44 | BC42: =SUMIFS(通讯通路门店!$W:$W,通讯通路门店!$S:$S,$G42,通讯通路门店!$J:$J,"荣耀体验店")+SUMIFS(通讯通路门店!$W:$W,通讯通路门店!$S:$S,$G42,通讯通路门店!$J:$J,"荣耀授权专卖店") -> 0 | BD42: =SUMIFS(通讯通路门店!$Z:$Z,通讯通路门店!$S:$S,$G42,通讯通路门店!$J:$J,"VIVO体验店") -> 3 | BE42: =SUMIFS(通讯通路门店!$AB:$AB,通讯通路门店!$S:$S,$G42,通讯通路门店!$J:$J,"OPPO体验店") -> 28 | BF42: =SUMIFS(通讯通路门店!$X:$X,通讯通路门店!$S:$S,$G42,通讯通路门店!$J:$J,"华为授权体验店")+SUMIFS(通讯通路门店!$AA:$AA,通讯通路门店!$S:$S,$G42,通讯通路门店!$J:$J,"华为堡垒店") -> 13 | BG42: =SUMIFS(通讯通路门店!$Y:$Y,通讯通路门店!$S:$S,$G42,通讯通路门店!$J:$J,"小米体验店") -> 0 | BH42: =SUMIFS(通讯通路门店!$AA:$AA,通讯通路门店!$S:$S,$G42,通讯通路门店!$J:$J,"苹果体验店") -> 0 | BI42: =SUMIFS(通讯通路门店!$K:$K,通讯通路门店!$S:$S,$G42,通讯通路门店!$J:$J,"其他品牌专卖店") -> 0 | BJ42: =SUMIFS(通讯通路门店!$AC:$AC,通讯通路门店!$S:$S,$G42) -> 0 | BK42: =SUMIFS(通讯通路门店!$AD:$AD,通讯通路门店!$S:$S,$G42) -> 6 | BL42: =SUMIFS(通讯通路门店!$AE:$AE,通讯通路门店!$S:$S,$G42) -> 0 | BM42: =SUMIFS(通讯通路门店!$AF:$AF,通讯通路门店!$S:$S,$G42) -> 11 | BN42: =SUMIFS(通讯通路门店!$AG:$AG,通讯通路门店!$S:$S,$G42) -> 6 | BO42: =SUMIFS(通讯通路门店!$AH:$AH,通讯通路门店!$S:$S,$G42) -> 11 | BP42: =SUMIFS(通讯通路门店!$AI:$AI,通讯通路门店!$S:$S,$G42) -> 10
A43: =IFERROR(_xlfn.XLOOKUP($G43,通讯通路门店!$S$4:$S$993931,通讯通路门店!$A$4:$A$993931,0,0),"") -> 海南省 | B43: =IFERROR(_xlfn.XLOOKUP($G43,通讯通路门店!$S$4:$S$993931,通讯通路门店!$B$4:$B$993931,0,0),"") -> 东方市 | C43: =IFERROR(_xlfn.XLOOKUP($G43,通讯通路门店!$S$4:$S$993931,通讯通路门店!$C$4:$C$993931,0,0),"") -> 东方市 | D43: =IFERROR(_xlfn.XLOOKUP($G43,通讯通路门店!$S$4:$S$993931,通讯通路门店!$D$4:$D$993931,0,0),"") -> 八所镇 | G43: 东方八所海港中国移动通信指定专营店 | H43: =IFERROR(_xlfn.XLOOKUP($G43,通讯通路门店!$S$4:$S$993931,通讯通路门店!$R$4:$R$993931,0,0),"") -> 100081825201 | U43: =COUNTIF(通讯通路门店!$S:$S,$G43) -> 1 | V43: =COUNTIFS(通讯通路门店!$S:$S,$G43,通讯通路门店!$J:$J,"综合卖场") -> 1 | W43: =SUMIFS(通讯通路门店!$AJ:$AJ,通讯通路门店!$S:$S,通讯客户沙盘!$G43) -> 0 | X43: =Y43+Z43+AA43+AB43+AC43+AD43+AE43 -> 0 | Y43: =COUNTIFS(通讯通路门店!$S:$S,$G43,通讯通路门店!$J:$J,"荣耀体验店")+COUNTIFS(通讯通路门店!$S:$S,$G43,通讯通路门店!$J:$J,"荣耀授权专卖店") -> 0 | Z43: =COUNTIFS(通讯通路门店!$S:$S,$G43,通讯通路门店!$J:$J,"VIVO体验店") -> 0 | AA43: =COUNTIFS(通讯通路门店!$S:$S,$G43,通讯通路门店!$J:$J,"OPPO体验店") -> 0 | AB43: =COUNTIFS(通讯通路门店!$S:$S,$G43,通讯通路门店!$J:$J,"华为授权体验店")+COUNTIFS(通讯通路门店!$S:$S,$G43,通讯通路门店!$J:$J,"华为堡垒店") -> 0 | AC43: =COUNTIFS(通讯通路门店!$S:$S,$G43,通讯通路门店!$J:$J,"小米体验店") -> 0 | AD43: =COUNTIFS(通讯通路门店!$S:$S,$G43,通讯通路门店!$J:$J,"苹果体验店") -> 0 | AE43: =COUNTIFS(通讯通路门店!$S:$S,$G43,通讯通路门店!$J:$J,"其他品牌专卖店") -> 0 | AF43: =SUMIFS(通讯通路门店!$BI:$BI,通讯通路门店!$S:$S,$G43) -> 0 | AG43: =SUMIFS(通讯通路门店!$BH:$BH,通讯通路门店!$S:$S,$G43) -> 0 | AH43: =AI43+AJ43+AK43+AL43+AM43+AN43 -> 0 | AI43: =SUMIFS(通讯通路门店!$BB:$BB,通讯通路门店!$S:$S,$G43) -> 0 | AJ43: =SUMIFS(通讯通路门店!$BE:$BE,通讯通路门店!$S:$S,$G43) -> 0 | AK43: =SUMIFS(通讯通路门店!$BG:$BG,通讯通路门店!$S:$S,$G43) -> 0 | AL43: =SUMIFS(通讯通路门店!$BC:$BC,通讯通路门店!$S:$S,$G43) -> 0 | AM43: =SUMIFS(通讯通路门店!$BD:$BD,通讯通路门店!$S:$S,$G43) -> 0 | AN43: =SUMIFS(通讯通路门店!$BF:$BF,通讯通路门店!$S:$S,$G43) -> 0 | AO43: =AP43+AQ43 -> 0 | AP43: =SUMIFS(通讯通路门店!$K:$K,通讯通路门店!$S:$S,$G43) -> 0 | AR43: =SUMIFS(通讯通路门店!$T:$T,通讯通路门店!$S:$S,$G43) -> 0 | AS43: =SUMIFS(通讯通路门店!$U:$U,通讯通路门店!$S:$S,$G43) -> 0 | AT43: =SUMIFS(通讯通路门店!$V:$V,通讯通路门店!$S:$S,$G43) -> 0 | AU43: =SUMIFS(通讯通路门店!$W:$W,通讯通路门店!$S:$S,$G43) -> 0 | AV43: =SUMIFS(通讯通路门店!$Z:$Z,通讯通路门店!$S:$S,$G43) -> 0 | AW43: =SUMIFS(通讯通路门店!$AB:$AB,通讯通路门店!$S:$S,$G43) -> 0 | AX43: =SUMIFS(通讯通路门店!$X:$X,通讯通路门店!$S:$S,$G43) -> 0 | AY43: =SUMIFS(通讯通路门店!$Y:$Y,通讯通路门店!$S:$S,$G43) -> 0 | AZ43: =SUMIFS(通讯通路门店!$AA:$AA,通讯通路门店!$S:$S,$G43) -> 0 | BA43: =AP43-BB43 -> 0 | BB43: =BC43+BD43+BE43+BF43+BG43+BH43 -> 0 | BC43: =SUMIFS(通讯通路门店!$W:$W,通讯通路门店!$S:$S,$G43,通讯通路门店!$J:$J,"荣耀体验店")+SUMIFS(通讯通路门店!$W:$W,通讯通路门店!$S:$S,$G43,通讯通路门店!$J:$J,"荣耀授权专卖店") -> 0 | BD43: =SUMIFS(通讯通路门店!$Z:$Z,通讯通路门店!$S:$S,$G43,通讯通路门店!$J:$J,"VIVO体验店") -> 0 | BE43: =SUMIFS(通讯通路门店!$AB:$AB,通讯通路门店!$S:$S,$G43,通讯通路门店!$J:$J,"OPPO体验店") -> 0 | BF43: =SUMIFS(通讯通路门店!$X:$X,通讯通路门店!$S:$S,$G43,通讯通路门店!$J:$J,"华为授权体验店")+SUMIFS(通讯通路门店!$AA:$AA,通讯通路门店!$S:$S,$G43,通讯通路门店!$J:$J,"华为堡垒店") -> 0 | BG43: =SUMIFS(通讯通路门店!$Y:$Y,通讯通路门店!$S:$S,$G43,通讯通路门店!$J:$J,"小米体验店") -> 0 | BH43: =SUMIFS(通讯通路门店!$AA:$AA,通讯通路门店!$S:$S,$G43,通讯通路门店!$J:$J,"苹果体验店") -> 0 | BI43: =SUMIFS(通讯通路门店!$K:$K,通讯通路门店!$S:$S,$G43,通讯通路门店!$J:$J,"其他品牌专卖店") -> 0 | BJ43: =SUMIFS(通讯通路门店!$AC:$AC,通讯通路门店!$S:$S,$G43) -> 0 | BK43: =SUMIFS(通讯通路门店!$AD:$AD,通讯通路门店!$S:$S,$G43) -> 0 | BL43: =SUMIFS(通讯通路门店!$AE:$AE,通讯通路门店!$S:$S,$G43) -> 0 | BM43: =SUMIFS(通讯通路门店!$AF:$AF,通讯通路门店!$S:$S,$G43) -> 0 | BN43: =SUMIFS(通讯通路门店!$AG:$AG,通讯通路门店!$S:$S,$G43) -> 0 | BO43: =SUMIFS(通讯通路门店!$AH:$AH,通讯通路门店!$S:$S,$G43) -> 0 | BP43: =SUMIFS(通讯通路门店!$AI:$AI,通讯通路门店!$S:$S,$G43) -> 0
A44: =IFERROR(_xlfn.XLOOKUP($G44,通讯通路门店!$S$4:$S$993931,通讯通路门店!$A$4:$A$993931,0,0),"") -> 海南省 | B44: =IFERROR(_xlfn.XLOOKUP($G44,通讯通路门店!$S$4:$S$993931,通讯通路门店!$B$4:$B$993931,0,0),"") -> 东方市 | C44: =IFERROR(_xlfn.XLOOKUP($G44,通讯通路门店!$S$4:$S$993931,通讯通路门店!$C$4:$C$993931,0,0),"") -> 东方市 | D44: =IFERROR(_xlfn.XLOOKUP($G44,通讯通路门店!$S$4:$S$993931,通讯通路门店!$D$4:$D$993931,0,0),"") -> 板桥镇 | G44: 东方板桥荣泰手机店(个体工商户) | H44: =IFERROR(_xlfn.XLOOKUP($G44,通讯通路门店!$S$4:$S$993931,通讯通路门店!$R$4:$R$993931,0,0),"") -> 200025604301 | U44: =COUNTIF(通讯通路门店!$S:$S,$G44) -> 1 | V44: =COUNTIFS(通讯通路门店!$S:$S,$G44,通讯通路门店!$J:$J,"综合卖场") -> 1 | W44: =SUMIFS(通讯通路门店!$AJ:$AJ,通讯通路门店!$S:$S,通讯客户沙盘!$G44) -> 0 | X44: =Y44+Z44+AA44+AB44+AC44+AD44+AE44 -> 0 | Y44: =COUNTIFS(通讯通路门店!$S:$S,$G44,通讯通路门店!$J:$J,"荣耀体验店")+COUNTIFS(通讯通路门店!$S:$S,$G44,通讯通路门店!$J:$J,"荣耀授权专卖店") -> 0 | Z44: =COUNTIFS(通讯通路门店!$S:$S,$G44,通讯通路门店!$J:$J,"VIVO体验店") -> 0 | AA44: =COUNTIFS(通讯通路门店!$S:$S,$G44,通讯通路门店!$J:$J,"OPPO体验店") -> 0 | AB44: =COUNTIFS(通讯通路门店!$S:$S,$G44,通讯通路门店!$J:$J,"华为授权体验店")+COUNTIFS(通讯通路门店!$S:$S,$G44,通讯通路门店!$J:$J,"华为堡垒店") -> 0 | AC44: =COUNTIFS(通讯通路门店!$S:$S,$G44,通讯通路门店!$J:$J,"小米体验店") -> 0 | AD44: =COUNTIFS(通讯通路门店!$S:$S,$G44,通讯通路门店!$J:$J,"苹果体验店") -> 0 | AE44: =COUNTIFS(通讯通路门店!$S:$S,$G44,通讯通路门店!$J:$J,"其他品牌专卖店") -> 0 | AF44: =SUMIFS(通讯通路门店!$BI:$BI,通讯通路门店!$S:$S,$G44) -> 2 | AG44: =SUMIFS(通讯通路门店!$BH:$BH,通讯通路门店!$S:$S,$G44) -> 2 | AH44: =AI44+AJ44+AK44+AL44+AM44+AN44 -> 0 | AI44: =SUMIFS(通讯通路门店!$BB:$BB,通讯通路门店!$S:$S,$G44) -> 0 | AJ44: =SUMIFS(通讯通路门店!$BE:$BE,通讯通路门店!$S:$S,$G44) -> 0 | AK44: =SUMIFS(通讯通路门店!$BG:$BG,通讯通路门店!$S:$S,$G44) -> 0 | AL44: =SUMIFS(通讯通路门店!$BC:$BC,通讯通路门店!$S:$S,$G44) -> 0 | AM44: =SUMIFS(通讯通路门店!$BD:$BD,通讯通路门店!$S:$S,$G44) -> 0 | AN44: =SUMIFS(通讯通路门店!$BF:$BF,通讯通路门店!$S:$S,$G44) -> 0 | AO44: =AP44+AQ44 -> 155 | AP44: =SUMIFS(通讯通路门店!$K:$K,通讯通路门店!$S:$S,$G44) -> 155 | AR44: =SUMIFS(通讯通路门店!$T:$T,通讯通路门店!$S:$S,$G44) -> 71 | AS44: =SUMIFS(通讯通路门店!$U:$U,通讯通路门店!$S:$S,$G44) -> 7 | AT44: =SUMIFS(通讯通路门店!$V:$V,通讯通路门店!$S:$S,$G44) -> 0 | AU44: =SUMIFS(通讯通路门店!$W:$W,通讯通路门店!$S:$S,$G44) -> 22 | AV44: =SUMIFS(通讯通路门店!$Z:$Z,通讯通路门店!$S:$S,$G44) -> 20 | AW44: =SUMIFS(通讯通路门店!$AB:$AB,通讯通路门店!$S:$S,$G44) -> 30 | AX44: =SUMIFS(通讯通路门店!$X:$X,通讯通路门店!$S:$S,$G44) -> 0 | AY44: =SUMIFS(通讯通路门店!$Y:$Y,通讯通路门店!$S:$S,$G44) -> 5 | AZ44: =SUMIFS(通讯通路门店!$AA:$AA,通讯通路门店!$S:$S,$G44) -> 0 | BA44: =AP44-BB44 -> 155 | BB44: =BC44+BD44+BE44+BF44+BG44+BH44 -> 0 | BC44: =SUMIFS(通讯通路门店!$W:$W,通讯通路门店!$S:$S,$G44,通讯通路门店!$J:$J,"荣耀体验店")+SUMIFS(通讯通路门店!$W:$W,通讯通路门店!$S:$S,$G44,通讯通路门店!$J:$J,"荣耀授权专卖店") -> 0 | BD44: =SUMIFS(通讯通路门店!$Z:$Z,通讯通路门店!$S:$S,$G44,通讯通路门店!$J:$J,"VIVO体验店") -> 0 | BE44: =SUMIFS(通讯通路门店!$AB:$AB,通讯通路门店!$S:$S,$G44,通讯通路门店!$J:$J,"OPPO体验店") -> 0 | BF44: =SUMIFS(通讯通路门店!$X:$X,通讯通路门店!$S:$S,$G44,通讯通路门店!$J:$J,"华为授权体验店")+SUMIFS(通讯通路门店!$AA:$AA,通讯通路门店!$S:$S,$G44,通讯通路门店!$J:$J,"华为堡垒店") -> 0 | BG44: =SUMIFS(通讯通路门店!$Y:$Y,通讯通路门店!$S:$S,$G44,通讯通路门店!$J:$J,"小米体验店") -> 0 | BH44: =SUMIFS(通讯通路门店!$AA:$AA,通讯通路门店!$S:$S,$G44,通讯通路门店!$J:$J,"苹果体验店") -> 0 | BI44: =SUMIFS(通讯通路门店!$K:$K,通讯通路门店!$S:$S,$G44,通讯通路门店!$J:$J,"其他品牌专卖店") -> 0 | BJ44: =SUMIFS(通讯通路门店!$AC:$AC,通讯通路门店!$S:$S,$G44) -> 0 | BK44: =SUMIFS(通讯通路门店!$AD:$AD,通讯通路门店!$S:$S,$G44) -> 0 | BL44: =SUMIFS(通讯通路门店!$AE:$AE,通讯通路门店!$S:$S,$G44) -> 0 | BM44: =SUMIFS(通讯通路门店!$AF:$AF,通讯通路门店!$S:$S,$G44) -> 0 | BN44: =SUMIFS(通讯通路门店!$AG:$AG,通讯通路门店!$S:$S,$G44) -> 0 | BO44: =SUMIFS(通讯通路门店!$AH:$AH,通讯通路门店!$S:$S,$G44) -> 0 | BP44: =SUMIFS(通讯通路门店!$AI:$AI,通讯通路门店!$S:$S,$G44) -> 0
A45: =IFERROR(_xlfn.XLOOKUP($G45,通讯通路门店!$S$4:$S$993931,通讯通路门店!$A$4:$A$993931,0,0),"") -> 0 | B45: =IFERROR(_xlfn.XLOOKUP($G45,通讯通路门店!$S$4:$S$993931,通讯通路门店!$B$4:$B$993931,0,0),"") -> 0 | C45: =IFERROR(_xlfn.XLOOKUP($G45,通讯通路门店!$S$4:$S$993931,通讯通路门店!$C$4:$C$993931,0,0),"") -> 0 | D45: =IFERROR(_xlfn.XLOOKUP($G45,通讯通路门店!$S$4:$S$993931,通讯通路门店!$D$4:$D$993931,0,0),"") -> 0 | G45: 0 | H45: =IFERROR(_xlfn.XLOOKUP($G45,通讯通路门店!$S$4:$S$993931,通讯通路门店!$R$4:$R$993931,0,0),"") -> 0 | U45: =COUNTIF(通讯通路门店!$S:$S,$G45) -> 0 | V45: =COUNTIFS(通讯通路门店!$S:$S,$G45,通讯通路门店!$J:$J,"综合卖场") -> 0 | W45: =SUMIFS(通讯通路门店!$AJ:$AJ,通讯通路门店!$S:$S,通讯客户沙盘!$G45) -> 0 | X45: =Y45+Z45+AA45+AB45+AC45+AD45+AE45 -> 0 | Y45: =COUNTIFS(通讯通路门店!$S:$S,$G45,通讯通路门店!$J:$J,"荣耀体验店")+COUNTIFS(通讯通路门店!$S:$S,$G45,通讯通路门店!$J:$J,"荣耀授权专卖店") -> 0 | Z45: =COUNTIFS(通讯通路门店!$S:$S,$G45,通讯通路门店!$J:$J,"VIVO体验店") -> 0 | AA45: =COUNTIFS(通讯通路门店!$S:$S,$G45,通讯通路门店!$J:$J,"OPPO体验店") -> 0 | AB45: =COUNTIFS(通讯通路门店!$S:$S,$G45,通讯通路门店!$J:$J,"华为授权体验店")+COUNTIFS(通讯通路门店!$S:$S,$G45,通讯通路门店!$J:$J,"华为堡垒店") -> 0 | AC45: =COUNTIFS(通讯通路门店!$S:$S,$G45,通讯通路门店!$J:$J,"小米体验店") -> 0 | AD45: =COUNTIFS(通讯通路门店!$S:$S,$G45,通讯通路门店!$J:$J,"苹果体验店") -> 0 | AE45: =COUNTIFS(通讯通路门店!$S:$S,$G45,通讯通路门店!$J:$J,"其他品牌专卖店") -> 0 | AF45: =SUMIFS(通讯通路门店!$BI:$BI,通讯通路门店!$S:$S,$G45) -> 0 | AG45: =SUMIFS(通讯通路门店!$BH:$BH,通讯通路门店!$S:$S,$G45) -> 0 | AH45: =AI45+AJ45+AK45+AL45+AM45+AN45 -> 0 | AI45: =SUMIFS(通讯通路门店!$BB:$BB,通讯通路门店!$S:$S,$G45) -> 0 | AJ45: =SUMIFS(通讯通路门店!$BE:$BE,通讯通路门店!$S:$S,$G45) -> 0 | AK45: =SUMIFS(通讯通路门店!$BG:$BG,通讯通路门店!$S:$S,$G45) -> 0 | AL45: =SUMIFS(通讯通路门店!$BC:$BC,通讯通路门店!$S:$S,$G45) -> 0 | AM45: =SUMIFS(通讯通路门店!$BD:$BD,通讯通路门店!$S:$S,$G45) -> 0 | AN45: =SUMIFS(通讯通路门店!$BF:$BF,通讯通路门店!$S:$S,$G45) -> 0 | AO45: =AP45+AQ45 -> 0 | AP45: =SUMIFS(通讯通路门店!$K:$K,通讯通路门店!$S:$S,$G45) -> 0 | AR45: =SUMIFS(通讯通路门店!$T:$T,通讯通路门店!$S:$S,$G45) -> 0 | AS45: =SUMIFS(通讯通路门店!$U:$U,通讯通路门店!$S:$S,$G45) -> 0 | AT45: =SUMIFS(通讯通路门店!$V:$V,通讯通路门店!$S:$S,$G45) -> 0 | AU45: =SUMIFS(通讯通路门店!$W:$W,通讯通路门店!$S:$S,$G45) -> 0 | AV45: =SUMIFS(通讯通路门店!$Z:$Z,通讯通路门店!$S:$S,$G45) -> 0 | AW45: =SUMIFS(通讯通路门店!$AB:$AB,通讯通路门店!$S:$S,$G45) -> 0 | AX45: =SUMIFS(通讯通路门店!$X:$X,通讯通路门店!$S:$S,$G45) -> 0 | AY45: =SUMIFS(通讯通路门店!$Y:$Y,通讯通路门店!$S:$S,$G45) -> 0 | AZ45: =SUMIFS(通讯通路门店!$AA:$AA,通讯通路门店!$S:$S,$G45) -> 0 | BA45: =AP45-BB45 -> 0 | BB45: =BC45+BD45+BE45+BF45+BG45+BH45 -> 0 | BC45: =SUMIFS(通讯通路门店!$W:$W,通讯通路门店!$S:$S,$G45,通讯通路门店!$J:$J,"荣耀体验店")+SUMIFS(通讯通路门店!$W:$W,通讯通路门店!$S:$S,$G45,通讯通路门店!$J:$J,"荣耀授权专卖店") -> 0 | BD45: =SUMIFS(通讯通路门店!$Z:$Z,通讯通路门店!$S:$S,$G45,通讯通路门店!$J:$J,"VIVO体验店") -> 0 | BE45: =SUMIFS(通讯通路门店!$AB:$AB,通讯通路门店!$S:$S,$G45,通讯通路门店!$J:$J,"OPPO体验店") -> 0 | BF45: =SUMIFS(通讯通路门店!$X:$X,通讯通路门店!$S:$S,$G45,通讯通路门店!$J:$J,"华为授权体验店")+SUMIFS(通讯通路门店!$AA:$AA,通讯通路门店!$S:$S,$G45,通讯通路门店!$J:$J,"华为堡垒店") -> 0 | BG45: =SUMIFS(通讯通路门店!$Y:$Y,通讯通路门店!$S:$S,$G45,通讯通路门店!$J:$J,"小米体验店") -> 0 | BH45: =SUMIFS(通讯通路门店!$AA:$AA,通讯通路门店!$S:$S,$G45,通讯通路门店!$J:$J,"苹果体验店") -> 0 | BI45: =SUMIFS(通讯通路门店!$K:$K,通讯通路门店!$S:$S,$G45,通讯通路门店!$J:$J,"其他品牌专卖店") -> 0 | BJ45: =SUMIFS(通讯通路门店!$AC:$AC,通讯通路门店!$S:$S,$G45) -> 0 | BK45: =SUMIFS(通讯通路门店!$AD:$AD,通讯通路门店!$S:$S,$G45) -> 0 | BL45: =SUMIFS(通讯通路门店!$AE:$AE,通讯通路门店!$S:$S,$G45) -> 0 | BM45: =SUMIFS(通讯通路门店!$AF:$AF,通讯通路门店!$S:$S,$G45) -> 0 | BN45: =SUMIFS(通讯通路门店!$AG:$AG,通讯通路门店!$S:$S,$G45) -> 0 | BO45: =SUMIFS(通讯通路门店!$AH:$AH,通讯通路门店!$S:$S,$G45) -> 0 | BP45: =SUMIFS(通讯通路门店!$AI:$AI,通讯通路门店!$S:$S,$G45) -> 0
A46: =IFERROR(_xlfn.XLOOKUP($G46,通讯通路门店!$S$4:$S$993931,通讯通路门店!$A$4:$A$993931,0,0),"") | B46: =IFERROR(_xlfn.XLOOKUP($G46,通讯通路门店!$S$4:$S$993931,通讯通路门店!$B$4:$B$993931,0,0),"") | C46: =IFERROR(_xlfn.XLOOKUP($G46,通讯通路门店!$S$4:$S$993931,通讯通路门店!$C$4:$C$993931,0,0),"") | D46: =IFERROR(_xlfn.XLOOKUP($G46,通讯通路门店!$S$4:$S$993931,通讯通路门店!$D$4:$D$993931,0,0),"") | G46: #N/A | H46: =IFERROR(_xlfn.XLOOKUP($G46,通讯通路门店!$S$4:$S$993931,通讯通路门店!$R$4:$R$993931,0,0),"") | U46: =COUNTIF(通讯通路门店!$S:$S,$G46) -> 0 | V46: =COUNTIFS(通讯通路门店!$S:$S,$G46,通讯通路门店!$J:$J,"综合卖场") -> 0 | W46: =SUMIFS(通讯通路门店!$AJ:$AJ,通讯通路门店!$S:$S,通讯客户沙盘!$G46) -> 0 | X46: =Y46+Z46+AA46+AB46+AC46+AD46+AE46 -> 0 | Y46: =COUNTIFS(通讯通路门店!$S:$S,$G46,通讯通路门店!$J:$J,"荣耀体验店")+COUNTIFS(通讯通路门店!$S:$S,$G46,通讯通路门店!$J:$J,"荣耀授权专卖店") -> 0 | Z46: =COUNTIFS(通讯通路门店!$S:$S,$G46,通讯通路门店!$J:$J,"VIVO体验店") -> 0 | AA46: =COUNTIFS(通讯通路门店!$S:$S,$G46,通讯通路门店!$J:$J,"OPPO体验店") -> 0 | AB46: =COUNTIFS(通讯通路门店!$S:$S,$G46,通讯通路门店!$J:$J,"华为授权体验店")+COUNTIFS(通讯通路门店!$S:$S,$G46,通讯通路门店!$J:$J,"华为堡垒店") -> 0 | AC46: =COUNTIFS(通讯通路门店!$S:$S,$G46,通讯通路门店!$J:$J,"小米体验店") -> 0 | AD46: =COUNTIFS(通讯通路门店!$S:$S,$G46,通讯通路门店!$J:$J,"苹果体验店") -> 0 | AE46: =COUNTIFS(通讯通路门店!$S:$S,$G46,通讯通路门店!$J:$J,"其他品牌专卖店") -> 0 | AF46: =SUMIFS(通讯通路门店!$BI:$BI,通讯通路门店!$S:$S,$G46) -> 0 | AG46: =SUMIFS(通讯通路门店!$BH:$BH,通讯通路门店!$S:$S,$G46) -> 0 | AH46: =AI46+AJ46+AK46+AL46+AM46+AN46 -> 0 | AI46: =SUMIFS(通讯通路门店!$BB:$BB,通讯通路门店!$S:$S,$G46) -> 0 | AJ46: =SUMIFS(通讯通路门店!$BE:$BE,通讯通路门店!$S:$S,$G46) -> 0 | AK46: =SUMIFS(通讯通路门店!$BG:$BG,通讯通路门店!$S:$S,$G46) -> 0 | AL46: =SUMIFS(通讯通路门店!$BC:$BC,通讯通路门店!$S:$S,$G46) -> 0 | AM46: =SUMIFS(通讯通路门店!$BD:$BD,通讯通路门店!$S:$S,$G46) -> 0 | AN46: =SUMIFS(通讯通路门店!$BF:$BF,通讯通路门店!$S:$S,$G46) -> 0 | AO46: =AP46+AQ46 -> 0 | AP46: =SUMIFS(通讯通路门店!$K:$K,通讯通路门店!$S:$S,$G46) -> 0 | AR46: =SUMIFS(通讯通路门店!$T:$T,通讯通路门店!$S:$S,$G46) -> 0 | AS46: =SUMIFS(通讯通路门店!$U:$U,通讯通路门店!$S:$S,$G46) -> 0 | AT46: =SUMIFS(通讯通路门店!$V:$V,通讯通路门店!$S:$S,$G46) -> 0 | AU46: =SUMIFS(通讯通路门店!$W:$W,通讯通路门店!$S:$S,$G46) -> 0 | AV46: =SUMIFS(通讯通路门店!$Z:$Z,通讯通路门店!$S:$S,$G46) -> 0 | AW46: =SUMIFS(通讯通路门店!$AB:$AB,通讯通路门店!$S:$S,$G46) -> 0 | AX46: =SUMIFS(通讯通路门店!$X:$X,通讯通路门店!$S:$S,$G46) -> 0 | AY46: =SUMIFS(通讯通路门店!$Y:$Y,通讯通路门店!$S:$S,$G46) -> 0 | AZ46: =SUMIFS(通讯通路门店!$AA:$AA,通讯通路门店!$S:$S,$G46) -> 0 | BA46: =AP46-BB46 -> 0 | BB46: =BC46+BD46+BE46+BF46+BG46+BH46 -> 0 | BC46: =SUMIFS(通讯通路门店!$W:$W,通讯通路门店!$S:$S,$G46,通讯通路门店!$J:$J,"荣耀体验店")+SUMIFS(通讯通路门店!$W:$W,通讯通路门店!$S:$S,$G46,通讯通路门店!$J:$J,"荣耀授权专卖店") -> 0 | BD46: =SUMIFS(通讯通路门店!$Z:$Z,通讯通路门店!$S:$S,$G46,通讯通路门店!$J:$J,"VIVO体验店") -> 0 | BE46: =SUMIFS(通讯通路门店!$AB:$AB,通讯通路门店!$S:$S,$G46,通讯通路门店!$J:$J,"OPPO体验店") -> 0 | BF46: =SUMIFS(通讯通路门店!$X:$X,通讯通路门店!$S:$S,$G46,通讯通路门店!$J:$J,"华为授权体验店")+SUMIFS(通讯通路门店!$AA:$AA,通讯通路门店!$S:$S,$G46,通讯通路门店!$J:$J,"华为堡垒店") -> 0 | BG46: =SUMIFS(通讯通路门店!$Y:$Y,通讯通路门店!$S:$S,$G46,通讯通路门店!$J:$J,"小米体验店") -> 0 | BH46: =SUMIFS(通讯通路门店!$AA:$AA,通讯通路门店!$S:$S,$G46,通讯通路门店!$J:$J,"苹果体验店") -> 0 | BI46: =SUMIFS(通讯通路门店!$K:$K,通讯通路门店!$S:$S,$G46,通讯通路门店!$J:$J,"其他品牌专卖店") -> 0 | BJ46: =SUMIFS(通讯通路门店!$AC:$AC,通讯通路门店!$S:$S,$G46) -> 0 | BK46: =SUMIFS(通讯通路门店!$AD:$AD,通讯通路门店!$S:$S,$G46) -> 0 | BL46: =SUMIFS(通讯通路门店!$AE:$AE,通讯通路门店!$S:$S,$G46) -> 0 | BM46: =SUMIFS(通讯通路门店!$AF:$AF,通讯通路门店!$S:$S,$G46) -> 0 | BN46: =SUMIFS(通讯通路门店!$AG:$AG,通讯通路门店!$S:$S,$G46) -> 0 | BO46: =SUMIFS(通讯通路门店!$AH:$AH,通讯通路门店!$S:$S,$G46) -> 0 | BP46: =SUMIFS(通讯通路门店!$AI:$AI,通讯通路门店!$S:$S,$G46) -> 0
A47: =IFERROR(_xlfn.XLOOKUP($G47,通讯通路门店!$S$4:$S$993931,通讯通路门店!$A$4:$A$993931,0,0),"") | B47: =IFERROR(_xlfn.XLOOKUP($G47,通讯通路门店!$S$4:$S$993931,通讯通路门店!$B$4:$B$993931,0,0),"") | C47: =IFERROR(_xlfn.XLOOKUP($G47,通讯通路门店!$S$4:$S$993931,通讯通路门店!$C$4:$C$993931,0,0),"") | D47: =IFERROR(_xlfn.XLOOKUP($G47,通讯通路门店!$S$4:$S$993931,通讯通路门店!$D$4:$D$993931,0,0),"") | G47: #N/A | H47: =IFERROR(_xlfn.XLOOKUP($G47,通讯通路门店!$S$4:$S$993931,通讯通路门店!$R$4:$R$993931,0,0),"") | U47: =COUNTIF(通讯通路门店!$S:$S,$G47) -> 0 | V47: =COUNTIFS(通讯通路门店!$S:$S,$G47,通讯通路门店!$J:$J,"综合卖场") -> 0 | W47: =SUMIFS(通讯通路门店!$AJ:$AJ,通讯通路门店!$S:$S,通讯客户沙盘!$G47) -> 0 | X47: =Y47+Z47+AA47+AB47+AC47+AD47+AE47 -> 0 | Y47: =COUNTIFS(通讯通路门店!$S:$S,$G47,通讯通路门店!$J:$J,"荣耀体验店")+COUNTIFS(通讯通路门店!$S:$S,$G47,通讯通路门店!$J:$J,"荣耀授权专卖店") -> 0 | Z47: =COUNTIFS(通讯通路门店!$S:$S,$G47,通讯通路门店!$J:$J,"VIVO体验店") -> 0 | AA47: =COUNTIFS(通讯通路门店!$S:$S,$G47,通讯通路门店!$J:$J,"OPPO体验店") -> 0 | AB47: =COUNTIFS(通讯通路门店!$S:$S,$G47,通讯通路门店!$J:$J,"华为授权体验店")+COUNTIFS(通讯通路门店!$S:$S,$G47,通讯通路门店!$J:$J,"华为堡垒店") -> 0 | AC47: =COUNTIFS(通讯通路门店!$S:$S,$G47,通讯通路门店!$J:$J,"小米体验店") -> 0 | AD47: =COUNTIFS(通讯通路门店!$S:$S,$G47,通讯通路门店!$J:$J,"苹果体验店") -> 0 | AE47: =COUNTIFS(通讯通路门店!$S:$S,$G47,通讯通路门店!$J:$J,"其他品牌专卖店") -> 0 | AF47: =SUMIFS(通讯通路门店!$BI:$BI,通讯通路门店!$S:$S,$G47) -> 0 | AG47: =SUMIFS(通讯通路门店!$BH:$BH,通讯通路门店!$S:$S,$G47) -> 0 | AH47: =AI47+AJ47+AK47+AL47+AM47+AN47 -> 0 | AI47: =SUMIFS(通讯通路门店!$BB:$BB,通讯通路门店!$S:$S,$G47) -> 0 | AJ47: =SUMIFS(通讯通路门店!$BE:$BE,通讯通路门店!$S:$S,$G47) -> 0 | AK47: =SUMIFS(通讯通路门店!$BG:$BG,通讯通路门店!$S:$S,$G47) -> 0 | AL47: =SUMIFS(通讯通路门店!$BC:$BC,通讯通路门店!$S:$S,$G47) -> 0 | AM47: =SUMIFS(通讯通路门店!$BD:$BD,通讯通路门店!$S:$S,$G47) -> 0 | AN47: =SUMIFS(通讯通路门店!$BF:$BF,通讯通路门店!$S:$S,$G47) -> 0 | AO47: =AP47+AQ47 -> 0 | AP47: =SUMIFS(通讯通路门店!$K:$K,通讯通路门店!$S:$S,$G47) -> 0 | AR47: =SUMIFS(通讯通路门店!$T:$T,通讯通路门店!$S:$S,$G47) -> 0 | AS47: =SUMIFS(通讯通路门店!$U:$U,通讯通路门店!$S:$S,$G47) -> 0 | AT47: =SUMIFS(通讯通路门店!$V:$V,通讯通路门店!$S:$S,$G47) -> 0 | AU47: =SUMIFS(通讯通路门店!$W:$W,通讯通路门店!$S:$S,$G47) -> 0 | AV47: =SUMIFS(通讯通路门店!$Z:$Z,通讯通路门店!$S:$S,$G47) -> 0 | AW47: =SUMIFS(通讯通路门店!$AB:$AB,通讯通路门店!$S:$S,$G47) -> 0 | AX47: =SUMIFS(通讯通路门店!$X:$X,通讯通路门店!$S:$S,$G47) -> 0 | AY47: =SUMIFS(通讯通路门店!$Y:$Y,通讯通路门店!$S:$S,$G47) -> 0 | AZ47: =SUMIFS(通讯通路门店!$AA:$AA,通讯通路门店!$S:$S,$G47) -> 0 | BA47: =AP47-BB47 -> 0 | BB47: =BC47+BD47+BE47+BF47+BG47+BH47 -> 0 | BC47: =SUMIFS(通讯通路门店!$W:$W,通讯通路门店!$S:$S,$G47,通讯通路门店!$J:$J,"荣耀体验店")+SUMIFS(通讯通路门店!$W:$W,通讯通路门店!$S:$S,$G47,通讯通路门店!$J:$J,"荣耀授权专卖店") -> 0 | BD47: =SUMIFS(通讯通路门店!$Z:$Z,通讯通路门店!$S:$S,$G47,通讯通路门店!$J:$J,"VIVO体验店") -> 0 | BE47: =SUMIFS(通讯通路门店!$AB:$AB,通讯通路门店!$S:$S,$G47,通讯通路门店!$J:$J,"OPPO体验店") -> 0 | BF47: =SUMIFS(通讯通路门店!$X:$X,通讯通路门店!$S:$S,$G47,通讯通路门店!$J:$J,"华为授权体验店")+SUMIFS(通讯通路门店!$AA:$AA,通讯通路门店!$S:$S,$G47,通讯通路门店!$J:$J,"华为堡垒店") -> 0 | BG47: =SUMIFS(通讯通路门店!$Y:$Y,通讯通路门店!$S:$S,$G47,通讯通路门店!$J:$J,"小米体验店") -> 0 | BH47: =SUMIFS(通讯通路门店!$AA:$AA,通讯通路门店!$S:$S,$G47,通讯通路门店!$J:$J,"苹果体验店") -> 0 | BI47: =SUMIFS(通讯通路门店!$K:$K,通讯通路门店!$S:$S,$G47,通讯通路门店!$J:$J,"其他品牌专卖店") -> 0 | BJ47: =SUMIFS(通讯通路门店!$AC:$AC,通讯通路门店!$S:$S,$G47) -> 0 | BK47: =SUMIFS(通讯通路门店!$AD:$AD,通讯通路门店!$S:$S,$G47) -> 0 | BL47: =SUMIFS(通讯通路门店!$AE:$AE,通讯通路门店!$S:$S,$G47) -> 0 | BM47: =SUMIFS(通讯通路门店!$AF:$AF,通讯通路门店!$S:$S,$G47) -> 0 | BN47: =SUMIFS(通讯通路门店!$AG:$AG,通讯通路门店!$S:$S,$G47) -> 0 | BO47: =SUMIFS(通讯通路门店!$AH:$AH,通讯通路门店!$S:$S,$G47) -> 0 | BP47: =SUMIFS(通讯通路门店!$AI:$AI,通讯通路门店!$S:$S,$G47) -> 0
A48: =IFERROR(_xlfn.XLOOKUP($G48,通讯通路门店!$S$4:$S$993931,通讯通路门店!$A$4:$A$993931,0,0),"") | B48: =IFERROR(_xlfn.XLOOKUP($G48,通讯通路门店!$S$4:$S$993931,通讯通路门店!$B$4:$B$993931,0,0),"") | C48: =IFERROR(_xlfn.XLOOKUP($G48,通讯通路门店!$S$4:$S$993931,通讯通路门店!$C$4:$C$993931,0,0),"") | D48: =IFERROR(_xlfn.XLOOKUP($G48,通讯通路门店!$S$4:$S$993931,通讯通路门店!$D$4:$D$993931,0,0),"") | G48: #N/A | H48: =IFERROR(_xlfn.XLOOKUP($G48,通讯通路门店!$S$4:$S$993931,通讯通路门店!$R$4:$R$993931,0,0),"") | U48: =COUNTIF(通讯通路门店!$S:$S,$G48) -> 0 | V48: =COUNTIFS(通讯通路门店!$S:$S,$G48,通讯通路门店!$J:$J,"综合卖场") -> 0 | W48: =SUMIFS(通讯通路门店!$AJ:$AJ,通讯通路门店!$S:$S,通讯客户沙盘!$G48) -> 0 | X48: =Y48+Z48+AA48+AB48+AC48+AD48+AE48 -> 0 | Y48: =COUNTIFS(通讯通路门店!$S:$S,$G48,通讯通路门店!$J:$J,"荣耀体验店")+COUNTIFS(通讯通路门店!$S:$S,$G48,通讯通路门店!$J:$J,"荣耀授权专卖店") -> 0 | Z48: =COUNTIFS(通讯通路门店!$S:$S,$G48,通讯通路门店!$J:$J,"VIVO体验店") -> 0 | AA48: =COUNTIFS(通讯通路门店!$S:$S,$G48,通讯通路门店!$J:$J,"OPPO体验店") -> 0 | AB48: =COUNTIFS(通讯通路门店!$S:$S,$G48,通讯通路门店!$J:$J,"华为授权体验店")+COUNTIFS(通讯通路门店!$S:$S,$G48,通讯通路门店!$J:$J,"华为堡垒店") -> 0 | AC48: =COUNTIFS(通讯通路门店!$S:$S,$G48,通讯通路门店!$J:$J,"小米体验店") -> 0 | AD48: =COUNTIFS(通讯通路门店!$S:$S,$G48,通讯通路门店!$J:$J,"苹果体验店") -> 0 | AE48: =COUNTIFS(通讯通路门店!$S:$S,$G48,通讯通路门店!$J:$J,"其他品牌专卖店") -> 0 | AF48: =SUMIFS(通讯通路门店!$BI:$BI,通讯通路门店!$S:$S,$G48) -> 0 | AG48: =SUMIFS(通讯通路门店!$BH:$BH,通讯通路门店!$S:$S,$G48) -> 0 | AH48: =AI48+AJ48+AK48+AL48+AM48+AN48 -> 0 | AI48: =SUMIFS(通讯通路门店!$BB:$BB,通讯通路门店!$S:$S,$G48) -> 0 | AJ48: =SUMIFS(通讯通路门店!$BE:$BE,通讯通路门店!$S:$S,$G48) -> 0 | AK48: =SUMIFS(通讯通路门店!$BG:$BG,通讯通路门店!$S:$S,$G48) -> 0 | AL48: =SUMIFS(通讯通路门店!$BC:$BC,通讯通路门店!$S:$S,$G48) -> 0 | AM48: =SUMIFS(通讯通路门店!$BD:$BD,通讯通路门店!$S:$S,$G48) -> 0 | AN48: =SUMIFS(通讯通路门店!$BF:$BF,通讯通路门店!$S:$S,$G48) -> 0 | AO48: =AP48+AQ48 -> 0 | AP48: =SUMIFS(通讯通路门店!$K:$K,通讯通路门店!$S:$S,$G48) -> 0 | AR48: =SUMIFS(通讯通路门店!$T:$T,通讯通路门店!$S:$S,$G48) -> 0 | AS48: =SUMIFS(通讯通路门店!$U:$U,通讯通路门店!$S:$S,$G48) -> 0 | AT48: =SUMIFS(通讯通路门店!$V:$V,通讯通路门店!$S:$S,$G48) -> 0 | AU48: =SUMIFS(通讯通路门店!$W:$W,通讯通路门店!$S:$S,$G48) -> 0 | AV48: =SUMIFS(通讯通路门店!$Z:$Z,通讯通路门店!$S:$S,$G48) -> 0 | AW48: =SUMIFS(通讯通路门店!$AB:$AB,通讯通路门店!$S:$S,$G48) -> 0 | AX48: =SUMIFS(通讯通路门店!$X:$X,通讯通路门店!$S:$S,$G48) -> 0 | AY48: =SUMIFS(通讯通路门店!$Y:$Y,通讯通路门店!$S:$S,$G48) -> 0 | AZ48: =SUMIFS(通讯通路门店!$AA:$AA,通讯通路门店!$S:$S,$G48) -> 0 | BA48: =AP48-BB48 -> 0 | BB48: =BC48+BD48+BE48+BF48+BG48+BH48 -> 0 | BC48: =SUMIFS(通讯通路门店!$W:$W,通讯通路门店!$S:$S,$G48,通讯通路门店!$J:$J,"荣耀体验店")+SUMIFS(通讯通路门店!$W:$W,通讯通路门店!$S:$S,$G48,通讯通路门店!$J:$J,"荣耀授权专卖店") -> 0 | BD48: =SUMIFS(通讯通路门店!$Z:$Z,通讯通路门店!$S:$S,$G48,通讯通路门店!$J:$J,"VIVO体验店") -> 0 | BE48: =SUMIFS(通讯通路门店!$AB:$AB,通讯通路门店!$S:$S,$G48,通讯通路门店!$J:$J,"OPPO体验店") -> 0 | BF48: =SUMIFS(通讯通路门店!$X:$X,通讯通路门店!$S:$S,$G48,通讯通路门店!$J:$J,"华为授权体验店")+SUMIFS(通讯通路门店!$AA:$AA,通讯通路门店!$S:$S,$G48,通讯通路门店!$J:$J,"华为堡垒店") -> 0 | BG48: =SUMIFS(通讯通路门店!$Y:$Y,通讯通路门店!$S:$S,$G48,通讯通路门店!$J:$J,"小米体验店") -> 0 | BH48: =SUMIFS(通讯通路门店!$AA:$AA,通讯通路门店!$S:$S,$G48,通讯通路门店!$J:$J,"苹果体验店") -> 0 | BI48: =SUMIFS(通讯通路门店!$K:$K,通讯通路门店!$S:$S,$G48,通讯通路门店!$J:$J,"其他品牌专卖店") -> 0 | BJ48: =SUMIFS(通讯通路门店!$AC:$AC,通讯通路门店!$S:$S,$G48) -> 0 | BK48: =SUMIFS(通讯通路门店!$AD:$AD,通讯通路门店!$S:$S,$G48) -> 0 | BL48: =SUMIFS(通讯通路门店!$AE:$AE,通讯通路门店!$S:$S,$G48) -> 0 | BM48: =SUMIFS(通讯通路门店!$AF:$AF,通讯通路门店!$S:$S,$G48) -> 0 | BN48: =SUMIFS(通讯通路门店!$AG:$AG,通讯通路门店!$S:$S,$G48) -> 0 | BO48: =SUMIFS(通讯通路门店!$AH:$AH,通讯通路门店!$S:$S,$G48) -> 0 | BP48: =SUMIFS(通讯通路门店!$AI:$AI,通讯通路门店!$S:$S,$G48) -> 0
A49: =IFERROR(_xlfn.XLOOKUP($G49,通讯通路门店!$S$4:$S$993931,通讯通路门店!$A$4:$A$993931,0,0),"") | B49: =IFERROR(_xlfn.XLOOKUP($G49,通讯通路门店!$S$4:$S$993931,通讯通路门店!$B$4:$B$993931,0,0),"") | C49: =IFERROR(_xlfn.XLOOKUP($G49,通讯通路门店!$S$4:$S$993931,通讯通路门店!$C$4:$C$993931,0,0),"") | D49: =IFERROR(_xlfn.XLOOKUP($G49,通讯通路门店!$S$4:$S$993931,通讯通路门店!$D$4:$D$993931,0,0),"") | G49: #N/A | H49: =IFERROR(_xlfn.XLOOKUP($G49,通讯通路门店!$S$4:$S$993931,通讯通路门店!$R$4:$R$993931,0,0),"") | U49: =COUNTIF(通讯通路门店!$S:$S,$G49) -> 0 | V49: =COUNTIFS(通讯通路门店!$S:$S,$G49,通讯通路门店!$J:$J,"综合卖场") -> 0 | W49: =SUMIFS(通讯通路门店!$AJ:$AJ,通讯通路门店!$S:$S,通讯客户沙盘!$G49) -> 0 | X49: =Y49+Z49+AA49+AB49+AC49+AD49+AE49 -> 0 | Y49: =COUNTIFS(通讯通路门店!$S:$S,$G49,通讯通路门店!$J:$J,"荣耀体验店")+COUNTIFS(通讯通路门店!$S:$S,$G49,通讯通路门店!$J:$J,"荣耀授权专卖店") -> 0 | Z49: =COUNTIFS(通讯通路门店!$S:$S,$G49,通讯通路门店!$J:$J,"VIVO体验店") -> 0 | AA49: =COUNTIFS(通讯通路门店!$S:$S,$G49,通讯通路门店!$J:$J,"OPPO体验店") -> 0 | AB49: =COUNTIFS(通讯通路门店!$S:$S,$G49,通讯通路门店!$J:$J,"华为授权体验店")+COUNTIFS(通讯通路门店!$S:$S,$G49,通讯通路门店!$J:$J,"华为堡垒店") -> 0 | AC49: =COUNTIFS(通讯通路门店!$S:$S,$G49,通讯通路门店!$J:$J,"小米体验店") -> 0 | AD49: =COUNTIFS(通讯通路门店!$S:$S,$G49,通讯通路门店!$J:$J,"苹果体验店") -> 0 | AE49: =COUNTIFS(通讯通路门店!$S:$S,$G49,通讯通路门店!$J:$J,"其他品牌专卖店") -> 0 | AF49: =SUMIFS(通讯通路门店!$BI:$BI,通讯通路门店!$S:$S,$G49) -> 0 | AG49: =SUMIFS(通讯通路门店!$BH:$BH,通讯通路门店!$S:$S,$G49) -> 0 | AH49: =AI49+AJ49+AK49+AL49+AM49+AN49 -> 0 | AI49: =SUMIFS(通讯通路门店!$BB:$BB,通讯通路门店!$S:$S,$G49) -> 0 | AJ49: =SUMIFS(通讯通路门店!$BE:$BE,通讯通路门店!$S:$S,$G49) -> 0 | AK49: =SUMIFS(通讯通路门店!$BG:$BG,通讯通路门店!$S:$S,$G49) -> 0 | AL49: =SUMIFS(通讯通路门店!$BC:$BC,通讯通路门店!$S:$S,$G49) -> 0 | AM49: =SUMIFS(通讯通路门店!$BD:$BD,通讯通路门店!$S:$S,$G49) -> 0 | AN49: =SUMIFS(通讯通路门店!$BF:$BF,通讯通路门店!$S:$S,$G49) -> 0 | AO49: =AP49+AQ49 -> 0 | AP49: =SUMIFS(通讯通路门店!$K:$K,通讯通路门店!$S:$S,$G49) -> 0 | AR49: =SUMIFS(通讯通路门店!$T:$T,通讯通路门店!$S:$S,$G49) -> 0 | AS49: =SUMIFS(通讯通路门店!$U:$U,通讯通路门店!$S:$S,$G49) -> 0 | AT49: =SUMIFS(通讯通路门店!$V:$V,通讯通路门店!$S:$S,$G49) -> 0 | AU49: =SUMIFS(通讯通路门店!$W:$W,通讯通路门店!$S:$S,$G49) -> 0 | AV49: =SUMIFS(通讯通路门店!$Z:$Z,通讯通路门店!$S:$S,$G49) -> 0 | AW49: =SUMIFS(通讯通路门店!$AB:$AB,通讯通路门店!$S:$S,$G49) -> 0 | AX49: =SUMIFS(通讯通路门店!$X:$X,通讯通路门店!$S:$S,$G49) -> 0 | AY49: =SUMIFS(通讯通路门店!$Y:$Y,通讯通路门店!$S:$S,$G49) -> 0 | AZ49: =SUMIFS(通讯通路门店!$AA:$AA,通讯通路门店!$S:$S,$G49) -> 0 | BA49: =AP49-BB49 -> 0 | BB49: =BC49+BD49+BE49+BF49+BG49+BH49 -> 0 | BC49: =SUMIFS(通讯通路门店!$W:$W,通讯通路门店!$S:$S,$G49,通讯通路门店!$J:$J,"荣耀体验店")+SUMIFS(通讯通路门店!$W:$W,通讯通路门店!$S:$S,$G49,通讯通路门店!$J:$J,"荣耀授权专卖店") -> 0 | BD49: =SUMIFS(通讯通路门店!$Z:$Z,通讯通路门店!$S:$S,$G49,通讯通路门店!$J:$J,"VIVO体验店") -> 0 | BE49: =SUMIFS(通讯通路门店!$AB:$AB,通讯通路门店!$S:$S,$G49,通讯通路门店!$J:$J,"OPPO体验店") -> 0 | BF49: =SUMIFS(通讯通路门店!$X:$X,通讯通路门店!$S:$S,$G49,通讯通路门店!$J:$J,"华为授权体验店")+SUMIFS(通讯通路门店!$AA:$AA,通讯通路门店!$S:$S,$G49,通讯通路门店!$J:$J,"华为堡垒店") -> 0 | BG49: =SUMIFS(通讯通路门店!$Y:$Y,通讯通路门店!$S:$S,$G49,通讯通路门店!$J:$J,"小米体验店") -> 0 | BH49: =SUMIFS(通讯通路门店!$AA:$AA,通讯通路门店!$S:$S,$G49,通讯通路门店!$J:$J,"苹果体验店") -> 0 | BI49: =SUMIFS(通讯通路门店!$K:$K,通讯通路门店!$S:$S,$G49,通讯通路门店!$J:$J,"其他品牌专卖店") -> 0 | BJ49: =SUMIFS(通讯通路门店!$AC:$AC,通讯通路门店!$S:$S,$G49) -> 0 | BK49: =SUMIFS(通讯通路门店!$AD:$AD,通讯通路门店!$S:$S,$G49) -> 0 | BL49: =SUMIFS(通讯通路门店!$AE:$AE,通讯通路门店!$S:$S,$G49) -> 0 | BM49: =SUMIFS(通讯通路门店!$AF:$AF,通讯通路门店!$S:$S,$G49) -> 0 | BN49: =SUMIFS(通讯通路门店!$AG:$AG,通讯通路门店!$S:$S,$G49) -> 0 | BO49: =SUMIFS(通讯通路门店!$AH:$AH,通讯通路门店!$S:$S,$G49) -> 0 | BP49: =SUMIFS(通讯通路门店!$AI:$AI,通讯通路门店!$S:$S,$G49) -> 0
A50: =IFERROR(_xlfn.XLOOKUP($G50,通讯通路门店!$S$4:$S$993931,通讯通路门店!$A$4:$A$993931,0,0),"") | B50: =IFERROR(_xlfn.XLOOKUP($G50,通讯通路门店!$S$4:$S$993931,通讯通路门店!$B$4:$B$993931,0,0),"") | C50: =IFERROR(_xlfn.XLOOKUP($G50,通讯通路门店!$S$4:$S$993931,通讯通路门店!$C$4:$C$993931,0,0),"") | D50: =IFERROR(_xlfn.XLOOKUP($G50,通讯通路门店!$S$4:$S$993931,通讯通路门店!$D$4:$D$993931,0,0),"") | G50: #N/A | H50: =IFERROR(_xlfn.XLOOKUP($G50,通讯通路门店!$S$4:$S$993931,通讯通路门店!$R$4:$R$993931,0,0),"") | U50: =COUNTIF(通讯通路门店!$S:$S,$G50) -> 0 | V50: =COUNTIFS(通讯通路门店!$S:$S,$G50,通讯通路门店!$J:$J,"综合卖场") -> 0 | W50: =SUMIFS(通讯通路门店!$AJ:$AJ,通讯通路门店!$S:$S,通讯客户沙盘!$G50) -> 0 | X50: =Y50+Z50+AA50+AB50+AC50+AD50+AE50 -> 0 | Y50: =COUNTIFS(通讯通路门店!$S:$S,$G50,通讯通路门店!$J:$J,"荣耀体验店")+COUNTIFS(通讯通路门店!$S:$S,$G50,通讯通路门店!$J:$J,"荣耀授权专卖店") -> 0 | Z50: =COUNTIFS(通讯通路门店!$S:$S,$G50,通讯通路门店!$J:$J,"VIVO体验店") -> 0 | AA50: =COUNTIFS(通讯通路门店!$S:$S,$G50,通讯通路门店!$J:$J,"OPPO体验店") -> 0 | AB50: =COUNTIFS(通讯通路门店!$S:$S,$G50,通讯通路门店!$J:$J,"华为授权体验店")+COUNTIFS(通讯通路门店!$S:$S,$G50,通讯通路门店!$J:$J,"华为堡垒店") -> 0 | AC50: =COUNTIFS(通讯通路门店!$S:$S,$G50,通讯通路门店!$J:$J,"小米体验店") -> 0 | AD50: =COUNTIFS(通讯通路门店!$S:$S,$G50,通讯通路门店!$J:$J,"苹果体验店") -> 0 | AE50: =COUNTIFS(通讯通路门店!$S:$S,$G50,通讯通路门店!$J:$J,"其他品牌专卖店") -> 0 | AF50: =SUMIFS(通讯通路门店!$BI:$BI,通讯通路门店!$S:$S,$G50) -> 0 | AG50: =SUMIFS(通讯通路门店!$BH:$BH,通讯通路门店!$S:$S,$G50) -> 0 | AH50: =AI50+AJ50+AK50+AL50+AM50+AN50 -> 0 | AI50: =SUMIFS(通讯通路门店!$BB:$BB,通讯通路门店!$S:$S,$G50) -> 0 | AJ50: =SUMIFS(通讯通路门店!$BE:$BE,通讯通路门店!$S:$S,$G50) -> 0 | AK50: =SUMIFS(通讯通路门店!$BG:$BG,通讯通路门店!$S:$S,$G50) -> 0 | AL50: =SUMIFS(通讯通路门店!$BC:$BC,通讯通路门店!$S:$S,$G50) -> 0 | AM50: =SUMIFS(通讯通路门店!$BD:$BD,通讯通路门店!$S:$S,$G50) -> 0 | AN50: =SUMIFS(通讯通路门店!$BF:$BF,通讯通路门店!$S:$S,$G50) -> 0 | AO50: =AP50+AQ50 -> 0 | AP50: =SUMIFS(通讯通路门店!$K:$K,通讯通路门店!$S:$S,$G50) -> 0 | AR50: =SUMIFS(通讯通路门店!$T:$T,通讯通路门店!$S:$S,$G50) -> 0 | AS50: =SUMIFS(通讯通路门店!$U:$U,通讯通路门店!$S:$S,$G50) -> 0 | AT50: =SUMIFS(通讯通路门店!$V:$V,通讯通路门店!$S:$S,$G50) -> 0 | AU50: =SUMIFS(通讯通路门店!$W:$W,通讯通路门店!$S:$S,$G50) -> 0 | AV50: =SUMIFS(通讯通路门店!$Z:$Z,通讯通路门店!$S:$S,$G50) -> 0 | AW50: =SUMIFS(通讯通路门店!$AB:$AB,通讯通路门店!$S:$S,$G50) -> 0 | AX50: =SUMIFS(通讯通路门店!$X:$X,通讯通路门店!$S:$S,$G50) -> 0 | AY50: =SUMIFS(通讯通路门店!$Y:$Y,通讯通路门店!$S:$S,$G50) -> 0 | AZ50: =SUMIFS(通讯通路门店!$AA:$AA,通讯通路门店!$S:$S,$G50) -> 0 | BA50: =AP50-BB50 -> 0 | BB50: =BC50+BD50+BE50+BF50+BG50+BH50 -> 0 | BC50: =SUMIFS(通讯通路门店!$W:$W,通讯通路门店!$S:$S,$G50,通讯通路门店!$J:$J,"荣耀体验店")+SUMIFS(通讯通路门店!$W:$W,通讯通路门店!$S:$S,$G50,通讯通路门店!$J:$J,"荣耀授权专卖店") -> 0 | BD50: =SUMIFS(通讯通路门店!$Z:$Z,通讯通路门店!$S:$S,$G50,通讯通路门店!$J:$J,"VIVO体验店") -> 0 | BE50: =SUMIFS(通讯通路门店!$AB:$AB,通讯通路门店!$S:$S,$G50,通讯通路门店!$J:$J,"OPPO体验店") -> 0 | BF50: =SUMIFS(通讯通路门店!$X:$X,通讯通路门店!$S:$S,$G50,通讯通路门店!$J:$J,"华为授权体验店")+SUMIFS(通讯通路门店!$AA:$AA,通讯通路门店!$S:$S,$G50,通讯通路门店!$J:$J,"华为堡垒店") -> 0 | BG50: =SUMIFS(通讯通路门店!$Y:$Y,通讯通路门店!$S:$S,$G50,通讯通路门店!$J:$J,"小米体验店") -> 0 | BH50: =SUMIFS(通讯通路门店!$AA:$AA,通讯通路门店!$S:$S,$G50,通讯通路门店!$J:$J,"苹果体验店") -> 0 | BI50: =SUMIFS(通讯通路门店!$K:$K,通讯通路门店!$S:$S,$G50,通讯通路门店!$J:$J,"其他品牌专卖店") -> 0 | BJ50: =SUMIFS(通讯通路门店!$AC:$AC,通讯通路门店!$S:$S,$G50) -> 0 | BK50: =SUMIFS(通讯通路门店!$AD:$AD,通讯通路门店!$S:$S,$G50) -> 0 | BL50: =SUMIFS(通讯通路门店!$AE:$AE,通讯通路门店!$S:$S,$G50) -> 0 | BM50: =SUMIFS(通讯通路门店!$AF:$AF,通讯通路门店!$S:$S,$G50) -> 0 | BN50: =SUMIFS(通讯通路门店!$AG:$AG,通讯通路门店!$S:$S,$G50) -> 0 | BO50: =SUMIFS(通讯通路门店!$AH:$AH,通讯通路门店!$S:$S,$G50) -> 0 | BP50: =SUMIFS(通讯通路门店!$AI:$AI,通讯通路门店!$S:$S,$G50) -> 0
A51: =IFERROR(_xlfn.XLOOKUP($G51,通讯通路门店!$S$4:$S$993931,通讯通路门店!$A$4:$A$993931,0,0),"") | B51: =IFERROR(_xlfn.XLOOKUP($G51,通讯通路门店!$S$4:$S$993931,通讯通路门店!$B$4:$B$993931,0,0),"") | C51: =IFERROR(_xlfn.XLOOKUP($G51,通讯通路门店!$S$4:$S$993931,通讯通路门店!$C$4:$C$993931,0,0),"") | D51: =IFERROR(_xlfn.XLOOKUP($G51,通讯通路门店!$S$4:$S$993931,通讯通路门店!$D$4:$D$993931,0,0),"") | G51: #N/A | H51: =IFERROR(_xlfn.XLOOKUP($G51,通讯通路门店!$S$4:$S$993931,通讯通路门店!$R$4:$R$993931,0,0),"") | U51: =COUNTIF(通讯通路门店!$S:$S,$G51) -> 0 | V51: =COUNTIFS(通讯通路门店!$S:$S,$G51,通讯通路门店!$J:$J,"综合卖场") -> 0 | W51: =SUMIFS(通讯通路门店!$AJ:$AJ,通讯通路门店!$S:$S,通讯客户沙盘!$G51) -> 0 | X51: =Y51+Z51+AA51+AB51+AC51+AD51+AE51 -> 0 | Y51: =COUNTIFS(通讯通路门店!$S:$S,$G51,通讯通路门店!$J:$J,"荣耀体验店")+COUNTIFS(通讯通路门店!$S:$S,$G51,通讯通路门店!$J:$J,"荣耀授权专卖店") -> 0 | Z51: =COUNTIFS(通讯通路门店!$S:$S,$G51,通讯通路门店!$J:$J,"VIVO体验店") -> 0 | AA51: =COUNTIFS(通讯通路门店!$S:$S,$G51,通讯通路门店!$J:$J,"OPPO体验店") -> 0 | AB51: =COUNTIFS(通讯通路门店!$S:$S,$G51,通讯通路门店!$J:$J,"华为授权体验店")+COUNTIFS(通讯通路门店!$S:$S,$G51,通讯通路门店!$J:$J,"华为堡垒店") -> 0 | AC51: =COUNTIFS(通讯通路门店!$S:$S,$G51,通讯通路门店!$J:$J,"小米体验店") -> 0 | AD51: =COUNTIFS(通讯通路门店!$S:$S,$G51,通讯通路门店!$J:$J,"苹果体验店") -> 0 | AE51: =COUNTIFS(通讯通路门店!$S:$S,$G51,通讯通路门店!$J:$J,"其他品牌专卖店") -> 0 | AF51: =SUMIFS(通讯通路门店!$BI:$BI,通讯通路门店!$S:$S,$G51) -> 0 | AG51: =SUMIFS(通讯通路门店!$BH:$BH,通讯通路门店!$S:$S,$G51) -> 0 | AH51: =AI51+AJ51+AK51+AL51+AM51+AN51 -> 0 | AI51: =SUMIFS(通讯通路门店!$BB:$BB,通讯通路门店!$S:$S,$G51) -> 0 | AJ51: =SUMIFS(通讯通路门店!$BE:$BE,通讯通路门店!$S:$S,$G51) -> 0 | AK51: =SUMIFS(通讯通路门店!$BG:$BG,通讯通路门店!$S:$S,$G51) -> 0 | AL51: =SUMIFS(通讯通路门店!$BC:$BC,通讯通路门店!$S:$S,$G51) -> 0 | AM51: =SUMIFS(通讯通路门店!$BD:$BD,通讯通路门店!$S:$S,$G51) -> 0 | AN51: =SUMIFS(通讯通路门店!$BF:$BF,通讯通路门店!$S:$S,$G51) -> 0 | AO51: =AP51+AQ51 -> 0 | AP51: =SUMIFS(通讯通路门店!$K:$K,通讯通路门店!$S:$S,$G51) -> 0 | AR51: =SUMIFS(通讯通路门店!$T:$T,通讯通路门店!$S:$S,$G51) -> 0 | AS51: =SUMIFS(通讯通路门店!$U:$U,通讯通路门店!$S:$S,$G51) -> 0 | AT51: =SUMIFS(通讯通路门店!$V:$V,通讯通路门店!$S:$S,$G51) -> 0 | AU51: =SUMIFS(通讯通路门店!$W:$W,通讯通路门店!$S:$S,$G51) -> 0 | AV51: =SUMIFS(通讯通路门店!$Z:$Z,通讯通路门店!$S:$S,$G51) -> 0 | AW51: =SUMIFS(通讯通路门店!$AB:$AB,通讯通路门店!$S:$S,$G51) -> 0 | AX51: =SUMIFS(通讯通路门店!$X:$X,通讯通路门店!$S:$S,$G51) -> 0 | AY51: =SUMIFS(通讯通路门店!$Y:$Y,通讯通路门店!$S:$S,$G51) -> 0 | AZ51: =SUMIFS(通讯通路门店!$AA:$AA,通讯通路门店!$S:$S,$G51) -> 0 | BA51: =AP51-BB51 -> 0 | BB51: =BC51+BD51+BE51+BF51+BG51+BH51 -> 0 | BC51: =SUMIFS(通讯通路门店!$W:$W,通讯通路门店!$S:$S,$G51,通讯通路门店!$J:$J,"荣耀体验店")+SUMIFS(通讯通路门店!$W:$W,通讯通路门店!$S:$S,$G51,通讯通路门店!$J:$J,"荣耀授权专卖店") -> 0 | BD51: =SUMIFS(通讯通路门店!$Z:$Z,通讯通路门店!$S:$S,$G51,通讯通路门店!$J:$J,"VIVO体验店") -> 0 | BE51: =SUMIFS(通讯通路门店!$AB:$AB,通讯通路门店!$S:$S,$G51,通讯通路门店!$J:$J,"OPPO体验店") -> 0 | BF51: =SUMIFS(通讯通路门店!$X:$X,通讯通路门店!$S:$S,$G51,通讯通路门店!$J:$J,"华为授权体验店")+SUMIFS(通讯通路门店!$AA:$AA,通讯通路门店!$S:$S,$G51,通讯通路门店!$J:$J,"华为堡垒店") -> 0 | BG51: =SUMIFS(通讯通路门店!$Y:$Y,通讯通路门店!$S:$S,$G51,通讯通路门店!$J:$J,"小米体验店") -> 0 | BH51: =SUMIFS(通讯通路门店!$AA:$AA,通讯通路门店!$S:$S,$G51,通讯通路门店!$J:$J,"苹果体验店") -> 0 | BI51: =SUMIFS(通讯通路门店!$K:$K,通讯通路门店!$S:$S,$G51,通讯通路门店!$J:$J,"其他品牌专卖店") -> 0 | BJ51: =SUMIFS(通讯通路门店!$AC:$AC,通讯通路门店!$S:$S,$G51) -> 0 | BK51: =SUMIFS(通讯通路门店!$AD:$AD,通讯通路门店!$S:$S,$G51) -> 0 | BL51: =SUMIFS(通讯通路门店!$AE:$AE,通讯通路门店!$S:$S,$G51) -> 0 | BM51: =SUMIFS(通讯通路门店!$AF:$AF,通讯通路门店!$S:$S,$G51) -> 0 | BN51: =SUMIFS(通讯通路门店!$AG:$AG,通讯通路门店!$S:$S,$G51) -> 0 | BO51: =SUMIFS(通讯通路门店!$AH:$AH,通讯通路门店!$S:$S,$G51) -> 0 | BP51: =SUMIFS(通讯通路门店!$AI:$AI,通讯通路门店!$S:$S,$G51) -> 0
A52: =IFERROR(_xlfn.XLOOKUP($G52,通讯通路门店!$S$4:$S$993931,通讯通路门店!$A$4:$A$993931,0,0),"") | B52: =IFERROR(_xlfn.XLOOKUP($G52,通讯通路门店!$S$4:$S$993931,通讯通路门店!$B$4:$B$993931,0,0),"") | C52: =IFERROR(_xlfn.XLOOKUP($G52,通讯通路门店!$S$4:$S$993931,通讯通路门店!$C$4:$C$993931,0,0),"") | D52: =IFERROR(_xlfn.XLOOKUP($G52,通讯通路门店!$S$4:$S$993931,通讯通路门店!$D$4:$D$993931,0,0),"") | G52: #N/A | H52: =IFERROR(_xlfn.XLOOKUP($G52,通讯通路门店!$S$4:$S$993931,通讯通路门店!$R$4:$R$993931,0,0),"") | U52: =COUNTIF(通讯通路门店!$S:$S,$G52) -> 0 | V52: =COUNTIFS(通讯通路门店!$S:$S,$G52,通讯通路门店!$J:$J,"综合卖场") -> 0 | W52: =SUMIFS(通讯通路门店!$AJ:$AJ,通讯通路门店!$S:$S,通讯客户沙盘!$G52) -> 0 | X52: =Y52+Z52+AA52+AB52+AC52+AD52+AE52 -> 0 | Y52: =COUNTIFS(通讯通路门店!$S:$S,$G52,通讯通路门店!$J:$J,"荣耀体验店")+COUNTIFS(通讯通路门店!$S:$S,$G52,通讯通路门店!$J:$J,"荣耀授权专卖店") -> 0 | Z52: =COUNTIFS(通讯通路门店!$S:$S,$G52,通讯通路门店!$J:$J,"VIVO体验店") -> 0 | AA52: =COUNTIFS(通讯通路门店!$S:$S,$G52,通讯通路门店!$J:$J,"OPPO体验店") -> 0 | AB52: =COUNTIFS(通讯通路门店!$S:$S,$G52,通讯通路门店!$J:$J,"华为授权体验店")+COUNTIFS(通讯通路门店!$S:$S,$G52,通讯通路门店!$J:$J,"华为堡垒店") -> 0 | AC52: =COUNTIFS(通讯通路门店!$S:$S,$G52,通讯通路门店!$J:$J,"小米体验店") -> 0 | AD52: =COUNTIFS(通讯通路门店!$S:$S,$G52,通讯通路门店!$J:$J,"苹果体验店") -> 0 | AE52: =COUNTIFS(通讯通路门店!$S:$S,$G52,通讯通路门店!$J:$J,"其他品牌专卖店") -> 0 | AF52: =SUMIFS(通讯通路门店!$BI:$BI,通讯通路门店!$S:$S,$G52) -> 0 | AG52: =SUMIFS(通讯通路门店!$BH:$BH,通讯通路门店!$S:$S,$G52) -> 0 | AH52: =AI52+AJ52+AK52+AL52+AM52+AN52 -> 0 | AI52: =SUMIFS(通讯通路门店!$BB:$BB,通讯通路门店!$S:$S,$G52) -> 0 | AJ52: =SUMIFS(通讯通路门店!$BE:$BE,通讯通路门店!$S:$S,$G52) -> 0 | AK52: =SUMIFS(通讯通路门店!$BG:$BG,通讯通路门店!$S:$S,$G52) -> 0 | AL52: =SUMIFS(通讯通路门店!$BC:$BC,通讯通路门店!$S:$S,$G52) -> 0 | AM52: =SUMIFS(通讯通路门店!$BD:$BD,通讯通路门店!$S:$S,$G52) -> 0 | AN52: =SUMIFS(通讯通路门店!$BF:$BF,通讯通路门店!$S:$S,$G52) -> 0 | AO52: =AP52+AQ52 -> 0 | AP52: =SUMIFS(通讯通路门店!$K:$K,通讯通路门店!$S:$S,$G52) -> 0 | AR52: =SUMIFS(通讯通路门店!$T:$T,通讯通路门店!$S:$S,$G52) -> 0 | AS52: =SUMIFS(通讯通路门店!$U:$U,通讯通路门店!$S:$S,$G52) -> 0 | AT52: =SUMIFS(通讯通路门店!$V:$V,通讯通路门店!$S:$S,$G52) -> 0 | AU52: =SUMIFS(通讯通路门店!$W:$W,通讯通路门店!$S:$S,$G52) -> 0 | AV52: =SUMIFS(通讯通路门店!$Z:$Z,通讯通路门店!$S:$S,$G52) -> 0 | AW52: =SUMIFS(通讯通路门店!$AB:$AB,通讯通路门店!$S:$S,$G52) -> 0 | AX52: =SUMIFS(通讯通路门店!$X:$X,通讯通路门店!$S:$S,$G52) -> 0 | AY52: =SUMIFS(通讯通路门店!$Y:$Y,通讯通路门店!$S:$S,$G52) -> 0 | AZ52: =SUMIFS(通讯通路门店!$AA:$AA,通讯通路门店!$S:$S,$G52) -> 0 | BA52: =AP52-BB52 -> 0 | BB52: =BC52+BD52+BE52+BF52+BG52+BH52 -> 0 | BC52: =SUMIFS(通讯通路门店!$W:$W,通讯通路门店!$S:$S,$G52,通讯通路门店!$J:$J,"荣耀体验店")+SUMIFS(通讯通路门店!$W:$W,通讯通路门店!$S:$S,$G52,通讯通路门店!$J:$J,"荣耀授权专卖店") -> 0 | BD52: =SUMIFS(通讯通路门店!$Z:$Z,通讯通路门店!$S:$S,$G52,通讯通路门店!$J:$J,"VIVO体验店") -> 0 | BE52: =SUMIFS(通讯通路门店!$AB:$AB,通讯通路门店!$S:$S,$G52,通讯通路门店!$J:$J,"OPPO体验店") -> 0 | BF52: =SUMIFS(通讯通路门店!$X:$X,通讯通路门店!$S:$S,$G52,通讯通路门店!$J:$J,"华为授权体验店")+SUMIFS(通讯通路门店!$AA:$AA,通讯通路门店!$S:$S,$G52,通讯通路门店!$J:$J,"华为堡垒店") -> 0 | BG52: =SUMIFS(通讯通路门店!$Y:$Y,通讯通路门店!$S:$S,$G52,通讯通路门店!$J:$J,"小米体验店") -> 0 | BH52: =SUMIFS(通讯通路门店!$AA:$AA,通讯通路门店!$S:$S,$G52,通讯通路门店!$J:$J,"苹果体验店") -> 0 | BI52: =SUMIFS(通讯通路门店!$K:$K,通讯通路门店!$S:$S,$G52,通讯通路门店!$J:$J,"其他品牌专卖店") -> 0 | BJ52: =SUMIFS(通讯通路门店!$AC:$AC,通讯通路门店!$S:$S,$G52) -> 0 | BK52: =SUMIFS(通讯通路门店!$AD:$AD,通讯通路门店!$S:$S,$G52) -> 0 | BL52: =SUMIFS(通讯通路门店!$AE:$AE,通讯通路门店!$S:$S,$G52) -> 0 | BM52: =SUMIFS(通讯通路门店!$AF:$AF,通讯通路门店!$S:$S,$G52) -> 0 | BN52: =SUMIFS(通讯通路门店!$AG:$AG,通讯通路门店!$S:$S,$G52) -> 0 | BO52: =SUMIFS(通讯通路门店!$AH:$AH,通讯通路门店!$S:$S,$G52) -> 0 | BP52: =SUMIFS(通讯通路门店!$AI:$AI,通讯通路门店!$S:$S,$G52) -> 0
A53: =IFERROR(_xlfn.XLOOKUP($G53,通讯通路门店!$S$4:$S$993931,通讯通路门店!$A$4:$A$993931,0,0),"") | B53: =IFERROR(_xlfn.XLOOKUP($G53,通讯通路门店!$S$4:$S$993931,通讯通路门店!$B$4:$B$993931,0,0),"") | C53: =IFERROR(_xlfn.XLOOKUP($G53,通讯通路门店!$S$4:$S$993931,通讯通路门店!$C$4:$C$993931,0,0),"") | D53: =IFERROR(_xlfn.XLOOKUP($G53,通讯通路门店!$S$4:$S$993931,通讯通路门店!$D$4:$D$993931,0,0),"") | G53: #N/A | H53: =IFERROR(_xlfn.XLOOKUP($G53,通讯通路门店!$S$4:$S$993931,通讯通路门店!$R$4:$R$993931,0,0),"") | U53: =COUNTIF(通讯通路门店!$S:$S,$G53) -> 0 | V53: =COUNTIFS(通讯通路门店!$S:$S,$G53,通讯通路门店!$J:$J,"综合卖场") -> 0 | W53: =SUMIFS(通讯通路门店!$AJ:$AJ,通讯通路门店!$S:$S,通讯客户沙盘!$G53) -> 0 | X53: =Y53+Z53+AA53+AB53+AC53+AD53+AE53 -> 0 | Y53: =COUNTIFS(通讯通路门店!$S:$S,$G53,通讯通路门店!$J:$J,"荣耀体验店")+COUNTIFS(通讯通路门店!$S:$S,$G53,通讯通路门店!$J:$J,"荣耀授权专卖店") -> 0 | Z53: =COUNTIFS(通讯通路门店!$S:$S,$G53,通讯通路门店!$J:$J,"VIVO体验店") -> 0 | AA53: =COUNTIFS(通讯通路门店!$S:$S,$G53,通讯通路门店!$J:$J,"OPPO体验店") -> 0 | AB53: =COUNTIFS(通讯通路门店!$S:$S,$G53,通讯通路门店!$J:$J,"华为授权体验店")+COUNTIFS(通讯通路门店!$S:$S,$G53,通讯通路门店!$J:$J,"华为堡垒店") -> 0 | AC53: =COUNTIFS(通讯通路门店!$S:$S,$G53,通讯通路门店!$J:$J,"小米体验店") -> 0 | AD53: =COUNTIFS(通讯通路门店!$S:$S,$G53,通讯通路门店!$J:$J,"苹果体验店") -> 0 | AE53: =COUNTIFS(通讯通路门店!$S:$S,$G53,通讯通路门店!$J:$J,"其他品牌专卖店") -> 0 | AF53: =SUMIFS(通讯通路门店!$BI:$BI,通讯通路门店!$S:$S,$G53) -> 0 | AG53: =SUMIFS(通讯通路门店!$BH:$BH,通讯通路门店!$S:$S,$G53) -> 0 | AH53: =AI53+AJ53+AK53+AL53+AM53+AN53 -> 0 | AI53: =SUMIFS(通讯通路门店!$BB:$BB,通讯通路门店!$S:$S,$G53) -> 0 | AJ53: =SUMIFS(通讯通路门店!$BE:$BE,通讯通路门店!$S:$S,$G53) -> 0 | AK53: =SUMIFS(通讯通路门店!$BG:$BG,通讯通路门店!$S:$S,$G53) -> 0 | AL53: =SUMIFS(通讯通路门店!$BC:$BC,通讯通路门店!$S:$S,$G53) -> 0 | AM53: =SUMIFS(通讯通路门店!$BD:$BD,通讯通路门店!$S:$S,$G53) -> 0 | AN53: =SUMIFS(通讯通路门店!$BF:$BF,通讯通路门店!$S:$S,$G53) -> 0 | AO53: =AP53+AQ53 -> 0 | AP53: =SUMIFS(通讯通路门店!$K:$K,通讯通路门店!$S:$S,$G53) -> 0 | AR53: =SUMIFS(通讯通路门店!$T:$T,通讯通路门店!$S:$S,$G53) -> 0 | AS53: =SUMIFS(通讯通路门店!$U:$U,通讯通路门店!$S:$S,$G53) -> 0 | AT53: =SUMIFS(通讯通路门店!$V:$V,通讯通路门店!$S:$S,$G53) -> 0 | AU53: =SUMIFS(通讯通路门店!$W:$W,通讯通路门店!$S:$S,$G53) -> 0 | AV53: =SUMIFS(通讯通路门店!$Z:$Z,通讯通路门店!$S:$S,$G53) -> 0 | AW53: =SUMIFS(通讯通路门店!$AB:$AB,通讯通路门店!$S:$S,$G53) -> 0 | AX53: =SUMIFS(通讯通路门店!$X:$X,通讯通路门店!$S:$S,$G53) -> 0 | AY53: =SUMIFS(通讯通路门店!$Y:$Y,通讯通路门店!$S:$S,$G53) -> 0 | AZ53: =SUMIFS(通讯通路门店!$AA:$AA,通讯通路门店!$S:$S,$G53) -> 0 | BA53: =AP53-BB53 -> 0 | BB53: =BC53+BD53+BE53+BF53+BG53+BH53 -> 0 | BC53: =SUMIFS(通讯通路门店!$W:$W,通讯通路门店!$S:$S,$G53,通讯通路门店!$J:$J,"荣耀体验店")+SUMIFS(通讯通路门店!$W:$W,通讯通路门店!$S:$S,$G53,通讯通路门店!$J:$J,"荣耀授权专卖店") -> 0 | BD53: =SUMIFS(通讯通路门店!$Z:$Z,通讯通路门店!$S:$S,$G53,通讯通路门店!$J:$J,"VIVO体验店") -> 0 | BE53: =SUMIFS(通讯通路门店!$AB:$AB,通讯通路门店!$S:$S,$G53,通讯通路门店!$J:$J,"OPPO体验店") -> 0 | BF53: =SUMIFS(通讯通路门店!$X:$X,通讯通路门店!$S:$S,$G53,通讯通路门店!$J:$J,"华为授权体验店")+SUMIFS(通讯通路门店!$AA:$AA,通讯通路门店!$S:$S,$G53,通讯通路门店!$J:$J,"华为堡垒店") -> 0 | BG53: =SUMIFS(通讯通路门店!$Y:$Y,通讯通路门店!$S:$S,$G53,通讯通路门店!$J:$J,"小米体验店") -> 0 | BH53: =SUMIFS(通讯通路门店!$AA:$AA,通讯通路门店!$S:$S,$G53,通讯通路门店!$J:$J,"苹果体验店") -> 0 | BI53: =SUMIFS(通讯通路门店!$K:$K,通讯通路门店!$S:$S,$G53,通讯通路门店!$J:$J,"其他品牌专卖店") -> 0 | BJ53: =SUMIFS(通讯通路门店!$AC:$AC,通讯通路门店!$S:$S,$G53) -> 0 | BK53: =SUMIFS(通讯通路门店!$AD:$AD,通讯通路门店!$S:$S,$G53) -> 0 | BL53: =SUMIFS(通讯通路门店!$AE:$AE,通讯通路门店!$S:$S,$G53) -> 0 | BM53: =SUMIFS(通讯通路门店!$AF:$AF,通讯通路门店!$S:$S,$G53) -> 0 | BN53: =SUMIFS(通讯通路门店!$AG:$AG,通讯通路门店!$S:$S,$G53) -> 0 | BO53: =SUMIFS(通讯通路门店!$AH:$AH,通讯通路门店!$S:$S,$G53) -> 0 | BP53: =SUMIFS(通讯通路门店!$AI:$AI,通讯通路门店!$S:$S,$G53) -> 0
A54: =IFERROR(_xlfn.XLOOKUP($G54,通讯通路门店!$S$4:$S$993931,通讯通路门店!$A$4:$A$993931,0,0),"") | B54: =IFERROR(_xlfn.XLOOKUP($G54,通讯通路门店!$S$4:$S$993931,通讯通路门店!$B$4:$B$993931,0,0),"") | C54: =IFERROR(_xlfn.XLOOKUP($G54,通讯通路门店!$S$4:$S$993931,通讯通路门店!$C$4:$C$993931,0,0),"") | D54: =IFERROR(_xlfn.XLOOKUP($G54,通讯通路门店!$S$4:$S$993931,通讯通路门店!$D$4:$D$993931,0,0),"") | G54: #N/A | H54: =IFERROR(_xlfn.XLOOKUP($G54,通讯通路门店!$S$4:$S$993931,通讯通路门店!$R$4:$R$993931,0,0),"") | U54: =COUNTIF(通讯通路门店!$S:$S,$G54) -> 0 | V54: =COUNTIFS(通讯通路门店!$S:$S,$G54,通讯通路门店!$J:$J,"综合卖场") -> 0 | W54: =SUMIFS(通讯通路门店!$AJ:$AJ,通讯通路门店!$S:$S,通讯客户沙盘!$G54) -> 0 | X54: =Y54+Z54+AA54+AB54+AC54+AD54+AE54 -> 0 | Y54: =COUNTIFS(通讯通路门店!$S:$S,$G54,通讯通路门店!$J:$J,"荣耀体验店")+COUNTIFS(通讯通路门店!$S:$S,$G54,通讯通路门店!$J:$J,"荣耀授权专卖店") -> 0 | Z54: =COUNTIFS(通讯通路门店!$S:$S,$G54,通讯通路门店!$J:$J,"VIVO体验店") -> 0 | AA54: =COUNTIFS(通讯通路门店!$S:$S,$G54,通讯通路门店!$J:$J,"OPPO体验店") -> 0 | AB54: =COUNTIFS(通讯通路门店!$S:$S,$G54,通讯通路门店!$J:$J,"华为授权体验店")+COUNTIFS(通讯通路门店!$S:$S,$G54,通讯通路门店!$J:$J,"华为堡垒店") -> 0 | AC54: =COUNTIFS(通讯通路门店!$S:$S,$G54,通讯通路门店!$J:$J,"小米体验店") -> 0 | AD54: =COUNTIFS(通讯通路门店!$S:$S,$G54,通讯通路门店!$J:$J,"苹果体验店") -> 0 | AE54: =COUNTIFS(通讯通路门店!$S:$S,$G54,通讯通路门店!$J:$J,"其他品牌专卖店") -> 0 | AF54: =SUMIFS(通讯通路门店!$BI:$BI,通讯通路门店!$S:$S,$G54) -> 0 | AG54: =SUMIFS(通讯通路门店!$BH:$BH,通讯通路门店!$S:$S,$G54) -> 0 | AH54: =AI54+AJ54+AK54+AL54+AM54+AN54 -> 0 | AI54: =SUMIFS(通讯通路门店!$BB:$BB,通讯通路门店!$S:$S,$G54) -> 0 | AJ54: =SUMIFS(通讯通路门店!$BE:$BE,通讯通路门店!$S:$S,$G54) -> 0 | AK54: =SUMIFS(通讯通路门店!$BG:$BG,通讯通路门店!$S:$S,$G54) -> 0 | AL54: =SUMIFS(通讯通路门店!$BC:$BC,通讯通路门店!$S:$S,$G54) -> 0 | AM54: =SUMIFS(通讯通路门店!$BD:$BD,通讯通路门店!$S:$S,$G54) -> 0 | AN54: =SUMIFS(通讯通路门店!$BF:$BF,通讯通路门店!$S:$S,$G54) -> 0 | AO54: =AP54+AQ54 -> 0 | AP54: =SUMIFS(通讯通路门店!$K:$K,通讯通路门店!$S:$S,$G54) -> 0 | AR54: =SUMIFS(通讯通路门店!$T:$T,通讯通路门店!$S:$S,$G54) -> 0 | AS54: =SUMIFS(通讯通路门店!$U:$U,通讯通路门店!$S:$S,$G54) -> 0 | AT54: =SUMIFS(通讯通路门店!$V:$V,通讯通路门店!$S:$S,$G54) -> 0 | AU54: =SUMIFS(通讯通路门店!$W:$W,通讯通路门店!$S:$S,$G54) -> 0 | AV54: =SUMIFS(通讯通路门店!$Z:$Z,通讯通路门店!$S:$S,$G54) -> 0 | AW54: =SUMIFS(通讯通路门店!$AB:$AB,通讯通路门店!$S:$S,$G54) -> 0 | AX54: =SUMIFS(通讯通路门店!$X:$X,通讯通路门店!$S:$S,$G54) -> 0 | AY54: =SUMIFS(通讯通路门店!$Y:$Y,通讯通路门店!$S:$S,$G54) -> 0 | AZ54: =SUMIFS(通讯通路门店!$AA:$AA,通讯通路门店!$S:$S,$G54) -> 0 | BA54: =AP54-BB54 -> 0 | BB54: =BC54+BD54+BE54+BF54+BG54+BH54 -> 0 | BC54: =SUMIFS(通讯通路门店!$W:$W,通讯通路门店!$S:$S,$G54,通讯通路门店!$J:$J,"荣耀体验店")+SUMIFS(通讯通路门店!$W:$W,通讯通路门店!$S:$S,$G54,通讯通路门店!$J:$J,"荣耀授权专卖店") -> 0 | BD54: =SUMIFS(通讯通路门店!$Z:$Z,通讯通路门店!$S:$S,$G54,通讯通路门店!$J:$J,"VIVO体验店") -> 0 | BE54: =SUMIFS(通讯通路门店!$AB:$AB,通讯通路门店!$S:$S,$G54,通讯通路门店!$J:$J,"OPPO体验店") -> 0 | BF54: =SUMIFS(通讯通路门店!$X:$X,通讯通路门店!$S:$S,$G54,通讯通路门店!$J:$J,"华为授权体验店")+SUMIFS(通讯通路门店!$AA:$AA,通讯通路门店!$S:$S,$G54,通讯通路门店!$J:$J,"华为堡垒店") -> 0 | BG54: =SUMIFS(通讯通路门店!$Y:$Y,通讯通路门店!$S:$S,$G54,通讯通路门店!$J:$J,"小米体验店") -> 0 | BH54: =SUMIFS(通讯通路门店!$AA:$AA,通讯通路门店!$S:$S,$G54,通讯通路门店!$J:$J,"苹果体验店") -> 0 | BI54: =SUMIFS(通讯通路门店!$K:$K,通讯通路门店!$S:$S,$G54,通讯通路门店!$J:$J,"其他品牌专卖店") -> 0 | BJ54: =SUMIFS(通讯通路门店!$AC:$AC,通讯通路门店!$S:$S,$G54) -> 0 | BK54: =SUMIFS(通讯通路门店!$AD:$AD,通讯通路门店!$S:$S,$G54) -> 0 | BL54: =SUMIFS(通讯通路门店!$AE:$AE,通讯通路门店!$S:$S,$G54) -> 0 | BM54: =SUMIFS(通讯通路门店!$AF:$AF,通讯通路门店!$S:$S,$G54) -> 0 | BN54: =SUMIFS(通讯通路门店!$AG:$AG,通讯通路门店!$S:$S,$G54) -> 0 | BO54: =SUMIFS(通讯通路门店!$AH:$AH,通讯通路门店!$S:$S,$G54) -> 0 | BP54: =SUMIFS(通讯通路门店!$AI:$AI,通讯通路门店!$S:$S,$G54) -> 0
A55: =IFERROR(_xlfn.XLOOKUP($G55,通讯通路门店!$S$4:$S$993931,通讯通路门店!$A$4:$A$993931,0,0),"") | B55: =IFERROR(_xlfn.XLOOKUP($G55,通讯通路门店!$S$4:$S$993931,通讯通路门店!$B$4:$B$993931,0,0),"") | C55: =IFERROR(_xlfn.XLOOKUP($G55,通讯通路门店!$S$4:$S$993931,通讯通路门店!$C$4:$C$993931,0,0),"") | D55: =IFERROR(_xlfn.XLOOKUP($G55,通讯通路门店!$S$4:$S$993931,通讯通路门店!$D$4:$D$993931,0,0),"") | G55: #N/A | H55: =IFERROR(_xlfn.XLOOKUP($G55,通讯通路门店!$S$4:$S$993931,通讯通路门店!$R$4:$R$993931,0,0),"") | U55: =COUNTIF(通讯通路门店!$S:$S,$G55) -> 0 | V55: =COUNTIFS(通讯通路门店!$S:$S,$G55,通讯通路门店!$J:$J,"综合卖场") -> 0 | W55: =SUMIFS(通讯通路门店!$AJ:$AJ,通讯通路门店!$S:$S,通讯客户沙盘!$G55) -> 0 | X55: =Y55+Z55+AA55+AB55+AC55+AD55+AE55 -> 0 | Y55: =COUNTIFS(通讯通路门店!$S:$S,$G55,通讯通路门店!$J:$J,"荣耀体验店")+COUNTIFS(通讯通路门店!$S:$S,$G55,通讯通路门店!$J:$J,"荣耀授权专卖店") -> 0 | Z55: =COUNTIFS(通讯通路门店!$S:$S,$G55,通讯通路门店!$J:$J,"VIVO体验店") -> 0 | AA55: =COUNTIFS(通讯通路门店!$S:$S,$G55,通讯通路门店!$J:$J,"OPPO体验店") -> 0 | AB55: =COUNTIFS(通讯通路门店!$S:$S,$G55,通讯通路门店!$J:$J,"华为授权体验店")+COUNTIFS(通讯通路门店!$S:$S,$G55,通讯通路门店!$J:$J,"华为堡垒店") -> 0 | AC55: =COUNTIFS(通讯通路门店!$S:$S,$G55,通讯通路门店!$J:$J,"小米体验店") -> 0 | AD55: =COUNTIFS(通讯通路门店!$S:$S,$G55,通讯通路门店!$J:$J,"苹果体验店") -> 0 | AE55: =COUNTIFS(通讯通路门店!$S:$S,$G55,通讯通路门店!$J:$J,"其他品牌专卖店") -> 0 | AF55: =SUMIFS(通讯通路门店!$BI:$BI,通讯通路门店!$S:$S,$G55) -> 0 | AG55: =SUMIFS(通讯通路门店!$BH:$BH,通讯通路门店!$S:$S,$G55) -> 0 | AH55: =AI55+AJ55+AK55+AL55+AM55+AN55 -> 0 | AI55: =SUMIFS(通讯通路门店!$BB:$BB,通讯通路门店!$S:$S,$G55) -> 0 | AJ55: =SUMIFS(通讯通路门店!$BE:$BE,通讯通路门店!$S:$S,$G55) -> 0 | AK55: =SUMIFS(通讯通路门店!$BG:$BG,通讯通路门店!$S:$S,$G55) -> 0 | AL55: =SUMIFS(通讯通路门店!$BC:$BC,通讯通路门店!$S:$S,$G55) -> 0 | AM55: =SUMIFS(通讯通路门店!$BD:$BD,通讯通路门店!$S:$S,$G55) -> 0 | AN55: =SUMIFS(通讯通路门店!$BF:$BF,通讯通路门店!$S:$S,$G55) -> 0 | AO55: =AP55+AQ55 -> 0 | AP55: =SUMIFS(通讯通路门店!$K:$K,通讯通路门店!$S:$S,$G55) -> 0 | AR55: =SUMIFS(通讯通路门店!$T:$T,通讯通路门店!$S:$S,$G55) -> 0 | AS55: =SUMIFS(通讯通路门店!$U:$U,通讯通路门店!$S:$S,$G55) -> 0 | AT55: =SUMIFS(通讯通路门店!$V:$V,通讯通路门店!$S:$S,$G55) -> 0 | AU55: =SUMIFS(通讯通路门店!$W:$W,通讯通路门店!$S:$S,$G55) -> 0 | AV55: =SUMIFS(通讯通路门店!$Z:$Z,通讯通路门店!$S:$S,$G55) -> 0 | AW55: =SUMIFS(通讯通路门店!$AB:$AB,通讯通路门店!$S:$S,$G55) -> 0 | AX55: =SUMIFS(通讯通路门店!$X:$X,通讯通路门店!$S:$S,$G55) -> 0 | AY55: =SUMIFS(通讯通路门店!$Y:$Y,通讯通路门店!$S:$S,$G55) -> 0 | AZ55: =SUMIFS(通讯通路门店!$AA:$AA,通讯通路门店!$S:$S,$G55) -> 0 | BA55: =AP55-BB55 -> 0 | BB55: =BC55+BD55+BE55+BF55+BG55+BH55 -> 0 | BC55: =SUMIFS(通讯通路门店!$W:$W,通讯通路门店!$S:$S,$G55,通讯通路门店!$J:$J,"荣耀体验店")+SUMIFS(通讯通路门店!$W:$W,通讯通路门店!$S:$S,$G55,通讯通路门店!$J:$J,"荣耀授权专卖店") -> 0 | BD55: =SUMIFS(通讯通路门店!$Z:$Z,通讯通路门店!$S:$S,$G55,通讯通路门店!$J:$J,"VIVO体验店") -> 0 | BE55: =SUMIFS(通讯通路门店!$AB:$AB,通讯通路门店!$S:$S,$G55,通讯通路门店!$J:$J,"OPPO体验店") -> 0 | BF55: =SUMIFS(通讯通路门店!$X:$X,通讯通路门店!$S:$S,$G55,通讯通路门店!$J:$J,"华为授权体验店")+SUMIFS(通讯通路门店!$AA:$AA,通讯通路门店!$S:$S,$G55,通讯通路门店!$J:$J,"华为堡垒店") -> 0 | BG55: =SUMIFS(通讯通路门店!$Y:$Y,通讯通路门店!$S:$S,$G55,通讯通路门店!$J:$J,"小米体验店") -> 0 | BH55: =SUMIFS(通讯通路门店!$AA:$AA,通讯通路门店!$S:$S,$G55,通讯通路门店!$J:$J,"苹果体验店") -> 0 | BI55: =SUMIFS(通讯通路门店!$K:$K,通讯通路门店!$S:$S,$G55,通讯通路门店!$J:$J,"其他品牌专卖店") -> 0 | BJ55: =SUMIFS(通讯通路门店!$AC:$AC,通讯通路门店!$S:$S,$G55) -> 0 | BK55: =SUMIFS(通讯通路门店!$AD:$AD,通讯通路门店!$S:$S,$G55) -> 0 | BL55: =SUMIFS(通讯通路门店!$AE:$AE,通讯通路门店!$S:$S,$G55) -> 0 | BM55: =SUMIFS(通讯通路门店!$AF:$AF,通讯通路门店!$S:$S,$G55) -> 0 | BN55: =SUMIFS(通讯通路门店!$AG:$AG,通讯通路门店!$S:$S,$G55) -> 0 | BO55: =SUMIFS(通讯通路门店!$AH:$AH,通讯通路门店!$S:$S,$G55) -> 0 | BP55: =SUMIFS(通讯通路门店!$AI:$AI,通讯通路门店!$S:$S,$G55) -> 0
A56: =IFERROR(_xlfn.XLOOKUP($G56,通讯通路门店!$S$4:$S$993931,通讯通路门店!$A$4:$A$993931,0,0),"") | B56: =IFERROR(_xlfn.XLOOKUP($G56,通讯通路门店!$S$4:$S$993931,通讯通路门店!$B$4:$B$993931,0,0),"") | C56: =IFERROR(_xlfn.XLOOKUP($G56,通讯通路门店!$S$4:$S$993931,通讯通路门店!$C$4:$C$993931,0,0),"") | D56: =IFERROR(_xlfn.XLOOKUP($G56,通讯通路门店!$S$4:$S$993931,通讯通路门店!$D$4:$D$993931,0,0),"") | G56: #N/A | H56: =IFERROR(_xlfn.XLOOKUP($G56,通讯通路门店!$S$4:$S$993931,通讯通路门店!$R$4:$R$993931,0,0),"") | U56: =COUNTIF(通讯通路门店!$S:$S,$G56) -> 0 | V56: =COUNTIFS(通讯通路门店!$S:$S,$G56,通讯通路门店!$J:$J,"综合卖场") -> 0 | W56: =SUMIFS(通讯通路门店!$AJ:$AJ,通讯通路门店!$S:$S,通讯客户沙盘!$G56) -> 0 | X56: =Y56+Z56+AA56+AB56+AC56+AD56+AE56 -> 0 | Y56: =COUNTIFS(通讯通路门店!$S:$S,$G56,通讯通路门店!$J:$J,"荣耀体验店")+COUNTIFS(通讯通路门店!$S:$S,$G56,通讯通路门店!$J:$J,"荣耀授权专卖店") -> 0 | Z56: =COUNTIFS(通讯通路门店!$S:$S,$G56,通讯通路门店!$J:$J,"VIVO体验店") -> 0 | AA56: =COUNTIFS(通讯通路门店!$S:$S,$G56,通讯通路门店!$J:$J,"OPPO体验店") -> 0 | AB56: =COUNTIFS(通讯通路门店!$S:$S,$G56,通讯通路门店!$J:$J,"华为授权体验店")+COUNTIFS(通讯通路门店!$S:$S,$G56,通讯通路门店!$J:$J,"华为堡垒店") -> 0 | AC56: =COUNTIFS(通讯通路门店!$S:$S,$G56,通讯通路门店!$J:$J,"小米体验店") -> 0 | AD56: =COUNTIFS(通讯通路门店!$S:$S,$G56,通讯通路门店!$J:$J,"苹果体验店") -> 0 | AE56: =COUNTIFS(通讯通路门店!$S:$S,$G56,通讯通路门店!$J:$J,"其他品牌专卖店") -> 0 | AF56: =SUMIFS(通讯通路门店!$BI:$BI,通讯通路门店!$S:$S,$G56) -> 0 | AG56: =SUMIFS(通讯通路门店!$BH:$BH,通讯通路门店!$S:$S,$G56) -> 0 | AH56: =AI56+AJ56+AK56+AL56+AM56+AN56 -> 0 | AI56: =SUMIFS(通讯通路门店!$BB:$BB,通讯通路门店!$S:$S,$G56) -> 0 | AJ56: =SUMIFS(通讯通路门店!$BE:$BE,通讯通路门店!$S:$S,$G56) -> 0 | AK56: =SUMIFS(通讯通路门店!$BG:$BG,通讯通路门店!$S:$S,$G56) -> 0 | AL56: =SUMIFS(通讯通路门店!$BC:$BC,通讯通路门店!$S:$S,$G56) -> 0 | AM56: =SUMIFS(通讯通路门店!$BD:$BD,通讯通路门店!$S:$S,$G56) -> 0 | AN56: =SUMIFS(通讯通路门店!$BF:$BF,通讯通路门店!$S:$S,$G56) -> 0 | AO56: =AP56+AQ56 -> 0 | AP56: =SUMIFS(通讯通路门店!$K:$K,通讯通路门店!$S:$S,$G56) -> 0 | AR56: =SUMIFS(通讯通路门店!$T:$T,通讯通路门店!$S:$S,$G56) -> 0 | AS56: =SUMIFS(通讯通路门店!$U:$U,通讯通路门店!$S:$S,$G56) -> 0 | AT56: =SUMIFS(通讯通路门店!$V:$V,通讯通路门店!$S:$S,$G56) -> 0 | AU56: =SUMIFS(通讯通路门店!$W:$W,通讯通路门店!$S:$S,$G56) -> 0 | AV56: =SUMIFS(通讯通路门店!$Z:$Z,通讯通路门店!$S:$S,$G56) -> 0 | AW56: =SUMIFS(通讯通路门店!$AB:$AB,通讯通路门店!$S:$S,$G56) -> 0 | AX56: =SUMIFS(通讯通路门店!$X:$X,通讯通路门店!$S:$S,$G56) -> 0 | AY56: =SUMIFS(通讯通路门店!$Y:$Y,通讯通路门店!$S:$S,$G56) -> 0 | AZ56: =SUMIFS(通讯通路门店!$AA:$AA,通讯通路门店!$S:$S,$G56) -> 0 | BA56: =AP56-BB56 -> 0 | BB56: =BC56+BD56+BE56+BF56+BG56+BH56 -> 0 | BC56: =SUMIFS(通讯通路门店!$W:$W,通讯通路门店!$S:$S,$G56,通讯通路门店!$J:$J,"荣耀体验店")+SUMIFS(通讯通路门店!$W:$W,通讯通路门店!$S:$S,$G56,通讯通路门店!$J:$J,"荣耀授权专卖店") -> 0 | BD56: =SUMIFS(通讯通路门店!$Z:$Z,通讯通路门店!$S:$S,$G56,通讯通路门店!$J:$J,"VIVO体验店") -> 0 | BE56: =SUMIFS(通讯通路门店!$AB:$AB,通讯通路门店!$S:$S,$G56,通讯通路门店!$J:$J,"OPPO体验店") -> 0 | BF56: =SUMIFS(通讯通路门店!$X:$X,通讯通路门店!$S:$S,$G56,通讯通路门店!$J:$J,"华为授权体验店")+SUMIFS(通讯通路门店!$AA:$AA,通讯通路门店!$S:$S,$G56,通讯通路门店!$J:$J,"华为堡垒店") -> 0 | BG56: =SUMIFS(通讯通路门店!$Y:$Y,通讯通路门店!$S:$S,$G56,通讯通路门店!$J:$J,"小米体验店") -> 0 | BH56: =SUMIFS(通讯通路门店!$AA:$AA,通讯通路门店!$S:$S,$G56,通讯通路门店!$J:$J,"苹果体验店") -> 0 | BI56: =SUMIFS(通讯通路门店!$K:$K,通讯通路门店!$S:$S,$G56,通讯通路门店!$J:$J,"其他品牌专卖店") -> 0 | BJ56: =SUMIFS(通讯通路门店!$AC:$AC,通讯通路门店!$S:$S,$G56) -> 0 | BK56: =SUMIFS(通讯通路门店!$AD:$AD,通讯通路门店!$S:$S,$G56) -> 0 | BL56: =SUMIFS(通讯通路门店!$AE:$AE,通讯通路门店!$S:$S,$G56) -> 0 | BM56: =SUMIFS(通讯通路门店!$AF:$AF,通讯通路门店!$S:$S,$G56) -> 0 | BN56: =SUMIFS(通讯通路门店!$AG:$AG,通讯通路门店!$S:$S,$G56) -> 0 | BO56: =SUMIFS(通讯通路门店!$AH:$AH,通讯通路门店!$S:$S,$G56) -> 0 | BP56: =SUMIFS(通讯通路门店!$AI:$AI,通讯通路门店!$S:$S,$G56) -> 0
A57: =IFERROR(_xlfn.XLOOKUP($G57,通讯通路门店!$S$4:$S$993931,通讯通路门店!$A$4:$A$993931,0,0),"") | B57: =IFERROR(_xlfn.XLOOKUP($G57,通讯通路门店!$S$4:$S$993931,通讯通路门店!$B$4:$B$993931,0,0),"") | C57: =IFERROR(_xlfn.XLOOKUP($G57,通讯通路门店!$S$4:$S$993931,通讯通路门店!$C$4:$C$993931,0,0),"") | D57: =IFERROR(_xlfn.XLOOKUP($G57,通讯通路门店!$S$4:$S$993931,通讯通路门店!$D$4:$D$993931,0,0),"") | G57: #N/A | H57: =IFERROR(_xlfn.XLOOKUP($G57,通讯通路门店!$S$4:$S$993931,通讯通路门店!$R$4:$R$993931,0,0),"") | U57: =COUNTIF(通讯通路门店!$S:$S,$G57) -> 0 | V57: =COUNTIFS(通讯通路门店!$S:$S,$G57,通讯通路门店!$J:$J,"综合卖场") -> 0 | W57: =SUMIFS(通讯通路门店!$AJ:$AJ,通讯通路门店!$S:$S,通讯客户沙盘!$G57) -> 0 | X57: =Y57+Z57+AA57+AB57+AC57+AD57+AE57 -> 0 | Y57: =COUNTIFS(通讯通路门店!$S:$S,$G57,通讯通路门店!$J:$J,"荣耀体验店")+COUNTIFS(通讯通路门店!$S:$S,$G57,通讯通路门店!$J:$J,"荣耀授权专卖店") -> 0 | Z57: =COUNTIFS(通讯通路门店!$S:$S,$G57,通讯通路门店!$J:$J,"VIVO体验店") -> 0 | AA57: =COUNTIFS(通讯通路门店!$S:$S,$G57,通讯通路门店!$J:$J,"OPPO体验店") -> 0 | AB57: =COUNTIFS(通讯通路门店!$S:$S,$G57,通讯通路门店!$J:$J,"华为授权体验店")+COUNTIFS(通讯通路门店!$S:$S,$G57,通讯通路门店!$J:$J,"华为堡垒店") -> 0 | AC57: =COUNTIFS(通讯通路门店!$S:$S,$G57,通讯通路门店!$J:$J,"小米体验店") -> 0 | AD57: =COUNTIFS(通讯通路门店!$S:$S,$G57,通讯通路门店!$J:$J,"苹果体验店") -> 0 | AE57: =COUNTIFS(通讯通路门店!$S:$S,$G57,通讯通路门店!$J:$J,"其他品牌专卖店") -> 0 | AF57: =SUMIFS(通讯通路门店!$BI:$BI,通讯通路门店!$S:$S,$G57) -> 0 | AG57: =SUMIFS(通讯通路门店!$BH:$BH,通讯通路门店!$S:$S,$G57) -> 0 | AH57: =AI57+AJ57+AK57+AL57+AM57+AN57 -> 0 | AI57: =SUMIFS(通讯通路门店!$BB:$BB,通讯通路门店!$S:$S,$G57) -> 0 | AJ57: =SUMIFS(通讯通路门店!$BE:$BE,通讯通路门店!$S:$S,$G57) -> 0 | AK57: =SUMIFS(通讯通路门店!$BG:$BG,通讯通路门店!$S:$S,$G57) -> 0 | AL57: =SUMIFS(通讯通路门店!$BC:$BC,通讯通路门店!$S:$S,$G57) -> 0 | AM57: =SUMIFS(通讯通路门店!$BD:$BD,通讯通路门店!$S:$S,$G57) -> 0 | AN57: =SUMIFS(通讯通路门店!$BF:$BF,通讯通路门店!$S:$S,$G57) -> 0 | AO57: =AP57+AQ57 -> 0 | AP57: =SUMIFS(通讯通路门店!$K:$K,通讯通路门店!$S:$S,$G57) -> 0 | AR57: =SUMIFS(通讯通路门店!$T:$T,通讯通路门店!$S:$S,$G57) -> 0 | AS57: =SUMIFS(通讯通路门店!$U:$U,通讯通路门店!$S:$S,$G57) -> 0 | AT57: =SUMIFS(通讯通路门店!$V:$V,通讯通路门店!$S:$S,$G57) -> 0 | AU57: =SUMIFS(通讯通路门店!$W:$W,通讯通路门店!$S:$S,$G57) -> 0 | AV57: =SUMIFS(通讯通路门店!$Z:$Z,通讯通路门店!$S:$S,$G57) -> 0 | AW57: =SUMIFS(通讯通路门店!$AB:$AB,通讯通路门店!$S:$S,$G57) -> 0 | AX57: =SUMIFS(通讯通路门店!$X:$X,通讯通路门店!$S:$S,$G57) -> 0 | AY57: =SUMIFS(通讯通路门店!$Y:$Y,通讯通路门店!$S:$S,$G57) -> 0 | AZ57: =SUMIFS(通讯通路门店!$AA:$AA,通讯通路门店!$S:$S,$G57) -> 0 | BA57: =AP57-BB57 -> 0 | BB57: =BC57+BD57+BE57+BF57+BG57+BH57 -> 0 | BC57: =SUMIFS(通讯通路门店!$W:$W,通讯通路门店!$S:$S,$G57,通讯通路门店!$J:$J,"荣耀体验店")+SUMIFS(通讯通路门店!$W:$W,通讯通路门店!$S:$S,$G57,通讯通路门店!$J:$J,"荣耀授权专卖店") -> 0 | BD57: =SUMIFS(通讯通路门店!$Z:$Z,通讯通路门店!$S:$S,$G57,通讯通路门店!$J:$J,"VIVO体验店") -> 0 | BE57: =SUMIFS(通讯通路门店!$AB:$AB,通讯通路门店!$S:$S,$G57,通讯通路门店!$J:$J,"OPPO体验店") -> 0 | BF57: =SUMIFS(通讯通路门店!$X:$X,通讯通路门店!$S:$S,$G57,通讯通路门店!$J:$J,"华为授权体验店")+SUMIFS(通讯通路门店!$AA:$AA,通讯通路门店!$S:$S,$G57,通讯通路门店!$J:$J,"华为堡垒店") -> 0 | BG57: =SUMIFS(通讯通路门店!$Y:$Y,通讯通路门店!$S:$S,$G57,通讯通路门店!$J:$J,"小米体验店") -> 0 | BH57: =SUMIFS(通讯通路门店!$AA:$AA,通讯通路门店!$S:$S,$G57,通讯通路门店!$J:$J,"苹果体验店") -> 0 | BI57: =SUMIFS(通讯通路门店!$K:$K,通讯通路门店!$S:$S,$G57,通讯通路门店!$J:$J,"其他品牌专卖店") -> 0 | BJ57: =SUMIFS(通讯通路门店!$AC:$AC,通讯通路门店!$S:$S,$G57) -> 0 | BK57: =SUMIFS(通讯通路门店!$AD:$AD,通讯通路门店!$S:$S,$G57) -> 0 | BL57: =SUMIFS(通讯通路门店!$AE:$AE,通讯通路门店!$S:$S,$G57) -> 0 | BM57: =SUMIFS(通讯通路门店!$AF:$AF,通讯通路门店!$S:$S,$G57) -> 0 | BN57: =SUMIFS(通讯通路门店!$AG:$AG,通讯通路门店!$S:$S,$G57) -> 0 | BO57: =SUMIFS(通讯通路门店!$AH:$AH,通讯通路门店!$S:$S,$G57) -> 0 | BP57: =SUMIFS(通讯通路门店!$AI:$AI,通讯通路门店!$S:$S,$G57) -> 0
... A919: =IFERROR(_xlfn.XLOOKUP($G919,通讯通路门店!$S$4:$S$993931,通讯通路门店!$A$4:$A$993931,0,0),"") | B919: =IFERROR(_xlfn.XLOOKUP($G919,通讯通路门店!$S$4:$S$993931,通讯通路门店!$B$4:$B$993931,0,0),"") | C919: =IFERROR(_xlfn.XLOOKUP($G919,通讯通路门店!$S$4:$S$993931,通讯通路门店!$C$4:$C$993931,0,0),"") | D919: =IFERROR(_xlfn.XLOOKUP($G919,通讯通路门店!$S$4:$S$993931,通讯通路门店!$D$4:$D$993931,0,0),"") | G919: #N/A | H919: =IFERROR(_xlfn.XLOOKUP($G919,通讯通路门店!$S$4:$S$993931,通讯通路门店!$R$4:$R$993931,0,0),"") | U919: =COUNTIF(通讯通路门店!$S:$S,$G919) -> 0 | V919: =COUNTIFS(通讯通路门店!$S:$S,$G919,通讯通路门店!$J:$J,"综合卖场") -> 0 | W919: =SUMIFS(通讯通路门店!$AJ:$AJ,通讯通路门店!$S:$S,通讯客户沙盘!$G919) -> 0 | X919: =Y919+Z919+AA919+AB919+AC919+AD919+AE919 -> 0 | Y919: =COUNTIFS(通讯通路门店!$S:$S,$G919,通讯通路门店!$J:$J,"荣耀体验店")+COUNTIFS(通讯通路门店!$S:$S,$G919,通讯通路门店!$J:$J,"荣耀授权专卖店") -> 0 | Z919: =COUNTIFS(通讯通路门店!$S:$S,$G919,通讯通路门店!$J:$J,"VIVO体验店") -> 0 | AA919: =COUNTIFS(通讯通路门店!$S:$S,$G919,通讯通路门店!$J:$J,"OPPO体验店") -> 0 | AB919: =COUNTIFS(通讯通路门店!$S:$S,$G919,通讯通路门店!$J:$J,"华为授权体验店")+COUNTIFS(通讯通路门店!$S:$S,$G919,通讯通路门店!$J:$J,"华为堡垒店") -> 0 | AC919: =COUNTIFS(通讯通路门店!$S:$S,$G919,通讯通路门店!$J:$J,"小米体验店") -> 0 | AD919: =COUNTIFS(通讯通路门店!$S:$S,$G919,通讯通路门店!$J:$J,"苹果体验店") -> 0 | AE919: =COUNTIFS(通讯通路门店!$S:$S,$G919,通讯通路门店!$J:$J,"其他品牌专卖店") -> 0 | AF919: =SUMIFS(通讯通路门店!$BI:$BI,通讯通路门店!$S:$S,$G919) -> 0 | AG919: =SUMIFS(通讯通路门店!$BH:$BH,通讯通路门店!$S:$S,$G919) -> 0 | AH919: =AI919+AJ919+AK919+AL919+AM919+AN919 -> 0 | AI919: =SUMIFS(通讯通路门店!$BB:$BB,通讯通路门店!$S:$S,$G919) -> 0 | AJ919: =SUMIFS(通讯通路门店!$BE:$BE,通讯通路门店!$S:$S,$G919) -> 0 | AK919: =SUMIFS(通讯通路门店!$BG:$BG,通讯通路门店!$S:$S,$G919) -> 0 | AL919: =SUMIFS(通讯通路门店!$BC:$BC,通讯通路门店!$S:$S,$G919) -> 0 | AM919: =SUMIFS(通讯通路门店!$BD:$BD,通讯通路门店!$S:$S,$G919) -> 0 | AN919: =SUMIFS(通讯通路门店!$BF:$BF,通讯通路门店!$S:$S,$G919) -> 0 | AO919: =AP919+AQ919 -> 0 | AP919: =SUMIFS(通讯通路门店!$K:$K,通讯通路门店!$S:$S,$G919) -> 0 | AR919: =SUMIFS(通讯通路门店!$T:$T,通讯通路门店!$S:$S,$G919) -> 0 | AS919: =SUMIFS(通讯通路门店!$U:$U,通讯通路门店!$S:$S,$G919) -> 0 | AT919: =SUMIFS(通讯通路门店!$V:$V,通讯通路门店!$S:$S,$G919) -> 0 | AU919: =SUMIFS(通讯通路门店!$W:$W,通讯通路门店!$S:$S,$G919) -> 0 | AV919: =SUMIFS(通讯通路门店!$Z:$Z,通讯通路门店!$S:$S,$G919) -> 0 | AW919: =SUMIFS(通讯通路门店!$AB:$AB,通讯通路门店!$S:$S,$G919) -> 0 | AX919: =SUMIFS(通讯通路门店!$X:$X,通讯通路门店!$S:$S,$G919) -> 0 | AY919: =SUMIFS(通讯通路门店!$Y:$Y,通讯通路门店!$S:$S,$G919) -> 0 | AZ919: =SUMIFS(通讯通路门店!$AA:$AA,通讯通路门店!$S:$S,$G919) -> 0 | BA919: =AP919-BB919 -> 0 | BB919: =BC919+BD919+BE919+BF919+BG919+BH919 -> 0 | BC919: =SUMIFS(通讯通路门店!$W:$W,通讯通路门店!$S:$S,$G919,通讯通路门店!$J:$J,"荣耀体验店")+SUMIFS(通讯通路门店!$W:$W,通讯通路门店!$S:$S,$G919,通讯通路门店!$J:$J,"荣耀授权专卖店") -> 0 | BD919: =SUMIFS(通讯通路门店!$Z:$Z,通讯通路门店!$S:$S,$G919,通讯通路门店!$J:$J,"VIVO体验店") -> 0 | BE919: =SUMIFS(通讯通路门店!$AB:$AB,通讯通路门店!$S:$S,$G919,通讯通路门店!$J:$J,"OPPO体验店") -> 0 | BF919: =SUMIFS(通讯通路门店!$X:$X,通讯通路门店!$S:$S,$G919,通讯通路门店!$J:$J,"华为授权体验店")+SUMIFS(通讯通路门店!$AA:$AA,通讯通路门店!$S:$S,$G919,通讯通路门店!$J:$J,"华为堡垒店") -> 0 | BG919: =SUMIFS(通讯通路门店!$Y:$Y,通讯通路门店!$S:$S,$G919,通讯通路门店!$J:$J,"小米体验店") -> 0 | BH919: =SUMIFS(通讯通路门店!$AA:$AA,通讯通路门店!$S:$S,$G919,通讯通路门店!$J:$J,"苹果体验店") -> 0 | BI919: =SUMIFS(通讯通路门店!$K:$K,通讯通路门店!$S:$S,$G919,通讯通路门店!$J:$J,"其他品牌专卖店") -> 0 | BJ919: =SUMIFS(通讯通路门店!$AC:$AC,通讯通路门店!$S:$S,$G919) -> 0 | BK919: =SUMIFS(通讯通路门店!$AD:$AD,通讯通路门店!$S:$S,$G919) -> 0 | BL919: =SUMIFS(通讯通路门店!$AE:$AE,通讯通路门店!$S:$S,$G919) -> 0 | BM919: =SUMIFS(通讯通路门店!$AF:$AF,通讯通路门店!$S:$S,$G919) -> 0 | BN919: =SUMIFS(通讯通路门店!$AG:$AG,通讯通路门店!$S:$S,$G919) -> 0 | BO919: =SUMIFS(通讯通路门店!$AH:$AH,通讯通路门店!$S:$S,$G919) -> 0 | BP919: =SUMIFS(通讯通路门店!$AI:$AI,通讯通路门店!$S:$S,$G919) -> 0
A920: =IFERROR(_xlfn.XLOOKUP($G920,通讯通路门店!$S$4:$S$993931,通讯通路门店!$A$4:$A$993931,0,0),"") -> 海南省 | B920: =IFERROR(_xlfn.XLOOKUP($G920,通讯通路门店!$S$4:$S$993931,通讯通路门店!$B$4:$B$993931,0,0),"") -> 东方市 | C920: =IFERROR(_xlfn.XLOOKUP($G920,通讯通路门店!$S$4:$S$993931,通讯通路门店!$C$4:$C$993931,0,0),"") -> 东方市 | D920: =IFERROR(_xlfn.XLOOKUP($G920,通讯通路门店!$S$4:$S$993931,通讯通路门店!$D$4:$D$993931,0,0),"") -> 八所镇 | H920: =IFERROR(_xlfn.XLOOKUP($G920,通讯通路门店!$S$4:$S$993931,通讯通路门店!$R$4:$R$993931,0,0),"") -> 0 | U920: =COUNTIF(通讯通路门店!$S:$S,$G920) -> 0 | V920: =COUNTIFS(通讯通路门店!$S:$S,$G920,通讯通路门店!$J:$J,"综合卖场") -> 0 | W920: =SUMIFS(通讯通路门店!$AJ:$AJ,通讯通路门店!$S:$S,通讯客户沙盘!$G920) -> 0 | X920: =Y920+Z920+AA920+AB920+AC920+AD920+AE920 -> 0 | Y920: =COUNTIFS(通讯通路门店!$S:$S,$G920,通讯通路门店!$J:$J,"荣耀体验店")+COUNTIFS(通讯通路门店!$S:$S,$G920,通讯通路门店!$J:$J,"荣耀授权专卖店") -> 0 | Z920: =COUNTIFS(通讯通路门店!$S:$S,$G920,通讯通路门店!$J:$J,"VIVO体验店") -> 0 | AA920: =COUNTIFS(通讯通路门店!$S:$S,$G920,通讯通路门店!$J:$J,"OPPO体验店") -> 0 | AB920: =COUNTIFS(通讯通路门店!$S:$S,$G920,通讯通路门店!$J:$J,"华为授权体验店")+COUNTIFS(通讯通路门店!$S:$S,$G920,通讯通路门店!$J:$J,"华为堡垒店") -> 0 | AC920: =COUNTIFS(通讯通路门店!$S:$S,$G920,通讯通路门店!$J:$J,"小米体验店") -> 0 | AD920: =COUNTIFS(通讯通路门店!$S:$S,$G920,通讯通路门店!$J:$J,"苹果体验店") -> 0 | AE920: =COUNTIFS(通讯通路门店!$S:$S,$G920,通讯通路门店!$J:$J,"其他品牌专卖店") -> 0 | AF920: =SUMIFS(通讯通路门店!$BI:$BI,通讯通路门店!$S:$S,$G920) -> 0 | AG920: =SUMIFS(通讯通路门店!$BH:$BH,通讯通路门店!$S:$S,$G920) -> 0 | AH920: =AI920+AJ920+AK920+AL920+AM920+AN920 -> 0 | AI920: =SUMIFS(通讯通路门店!$BB:$BB,通讯通路门店!$S:$S,$G920) -> 0 | AJ920: =SUMIFS(通讯通路门店!$BE:$BE,通讯通路门店!$S:$S,$G920) -> 0 | AK920: =SUMIFS(通讯通路门店!$BG:$BG,通讯通路门店!$S:$S,$G920) -> 0 | AL920: =SUMIFS(通讯通路门店!$BC:$BC,通讯通路门店!$S:$S,$G920) -> 0 | AM920: =SUMIFS(通讯通路门店!$BD:$BD,通讯通路门店!$S:$S,$G920) -> 0 | AN920: =SUMIFS(通讯通路门店!$BF:$BF,通讯通路门店!$S:$S,$G920) -> 0 | AO920: =AP920+AQ920 -> 0 | AP920: =SUMIFS(通讯通路门店!$K:$K,通讯通路门店!$S:$S,$G920) -> 0 | AR920: =SUMIFS(通讯通路门店!$T:$T,通讯通路门店!$S:$S,$G920) -> 0 | AS920: =SUMIFS(通讯通路门店!$U:$U,通讯通路门店!$S:$S,$G920) -> 0 | AT920: =SUMIFS(通讯通路门店!$V:$V,通讯通路门店!$S:$S,$G920) -> 0 | AU920: =SUMIFS(通讯通路门店!$W:$W,通讯通路门店!$S:$S,$G920) -> 0 | AV920: =SUMIFS(通讯通路门店!$Z:$Z,通讯通路门店!$S:$S,$G920) -> 0 | AW920: =SUMIFS(通讯通路门店!$AB:$AB,通讯通路门店!$S:$S,$G920) -> 0 | AX920: =SUMIFS(通讯通路门店!$X:$X,通讯通路门店!$S:$S,$G920) -> 0 | AY920: =SUMIFS(通讯通路门店!$Y:$Y,通讯通路门店!$S:$S,$G920) -> 0 | AZ920: =SUMIFS(通讯通路门店!$AA:$AA,通讯通路门店!$S:$S,$G920) -> 0 | BA920: =AP920-BB920 -> 0 | BB920: =BC920+BD920+BE920+BF920+BG920+BH920 -> 0 | BC920: =SUMIFS(通讯通路门店!$W:$W,通讯通路门店!$S:$S,$G920,通讯通路门店!$J:$J,"荣耀体验店")+SUMIFS(通讯通路门店!$W:$W,通讯通路门店!$S:$S,$G920,通讯通路门店!$J:$J,"荣耀授权专卖店") -> 0 | BD920: =SUMIFS(通讯通路门店!$Z:$Z,通讯通路门店!$S:$S,$G920,通讯通路门店!$J:$J,"VIVO体验店") -> 0 | BE920: =SUMIFS(通讯通路门店!$AB:$AB,通讯通路门店!$S:$S,$G920,通讯通路门店!$J:$J,"OPPO体验店") -> 0 | BF920: =SUMIFS(通讯通路门店!$X:$X,通讯通路门店!$S:$S,$G920,通讯通路门店!$J:$J,"华为授权体验店")+SUMIFS(通讯通路门店!$AA:$AA,通讯通路门店!$S:$S,$G920,通讯通路门店!$J:$J,"华为堡垒店") -> 0 | BG920: =SUMIFS(通讯通路门店!$Y:$Y,通讯通路门店!$S:$S,$G920,通讯通路门店!$J:$J,"小米体验店") -> 0 | BH920: =SUMIFS(通讯通路门店!$AA:$AA,通讯通路门店!$S:$S,$G920,通讯通路门店!$J:$J,"苹果体验店") -> 0 | BI920: =SUMIFS(通讯通路门店!$K:$K,通讯通路门店!$S:$S,$G920,通讯通路门店!$J:$J,"其他品牌专卖店") -> 0 | BJ920: =SUMIFS(通讯通路门店!$AC:$AC,通讯通路门店!$S:$S,$G920) -> 0 | BK920: =SUMIFS(通讯通路门店!$AD:$AD,通讯通路门店!$S:$S,$G920) -> 0 | BL920: =SUMIFS(通讯通路门店!$AE:$AE,通讯通路门店!$S:$S,$G920) -> 0 | BM920: =SUMIFS(通讯通路门店!$AF:$AF,通讯通路门店!$S:$S,$G920) -> 0 | BN920: =SUMIFS(通讯通路门店!$AG:$AG,通讯通路门店!$S:$S,$G920) -> 0 | BO920: =SUMIFS(通讯通路门店!$AH:$AH,通讯通路门店!$S:$S,$G920) -> 0 | BP920: =SUMIFS(通讯通路门店!$AI:$AI,通讯通路门店!$S:$S,$G920) -> 0
A921: =IFERROR(_xlfn.XLOOKUP($G921,通讯通路门店!$S$4:$S$993931,通讯通路门店!$A$4:$A$993931,0,0),"") -> 海南省 | B921: =IFERROR(_xlfn.XLOOKUP($G921,通讯通路门店!$S$4:$S$993931,通讯通路门店!$B$4:$B$993931,0,0),"") -> 东方市 | C921: =IFERROR(_xlfn.XLOOKUP($G921,通讯通路门店!$S$4:$S$993931,通讯通路门店!$C$4:$C$993931,0,0),"") -> 东方市 | D921: =IFERROR(_xlfn.XLOOKUP($G921,通讯通路门店!$S$4:$S$993931,通讯通路门店!$D$4:$D$993931,0,0),"") -> 八所镇 | H921: =IFERROR(_xlfn.XLOOKUP($G921,通讯通路门店!$S$4:$S$993931,通讯通路门店!$R$4:$R$993931,0,0),"") -> 0 | U921: =COUNTIF(通讯通路门店!$S:$S,$G921) -> 0 | V921: =COUNTIFS(通讯通路门店!$S:$S,$G921,通讯通路门店!$J:$J,"综合卖场") -> 0 | W921: =SUMIFS(通讯通路门店!$AJ:$AJ,通讯通路门店!$S:$S,通讯客户沙盘!$G921) -> 0 | X921: =Y921+Z921+AA921+AB921+AC921+AD921+AE921 -> 0 | Y921: =COUNTIFS(通讯通路门店!$S:$S,$G921,通讯通路门店!$J:$J,"荣耀体验店")+COUNTIFS(通讯通路门店!$S:$S,$G921,通讯通路门店!$J:$J,"荣耀授权专卖店") -> 0 | Z921: =COUNTIFS(通讯通路门店!$S:$S,$G921,通讯通路门店!$J:$J,"VIVO体验店") -> 0 | AA921: =COUNTIFS(通讯通路门店!$S:$S,$G921,通讯通路门店!$J:$J,"OPPO体验店") -> 0 | AB921: =COUNTIFS(通讯通路门店!$S:$S,$G921,通讯通路门店!$J:$J,"华为授权体验店")+COUNTIFS(通讯通路门店!$S:$S,$G921,通讯通路门店!$J:$J,"华为堡垒店") -> 0 | AC921: =COUNTIFS(通讯通路门店!$S:$S,$G921,通讯通路门店!$J:$J,"小米体验店") -> 0 | AD921: =COUNTIFS(通讯通路门店!$S:$S,$G921,通讯通路门店!$J:$J,"苹果体验店") -> 0 | AE921: =COUNTIFS(通讯通路门店!$S:$S,$G921,通讯通路门店!$J:$J,"其他品牌专卖店") -> 0 | AF921: =SUMIFS(通讯通路门店!$BI:$BI,通讯通路门店!$S:$S,$G921) -> 0 | AG921: =SUMIFS(通讯通路门店!$BH:$BH,通讯通路门店!$S:$S,$G921) -> 0 | AH921: =AI921+AJ921+AK921+AL921+AM921+AN921 -> 0 | AI921: =SUMIFS(通讯通路门店!$BB:$BB,通讯通路门店!$S:$S,$G921) -> 0 | AJ921: =SUMIFS(通讯通路门店!$BE:$BE,通讯通路门店!$S:$S,$G921) -> 0 | AK921: =SUMIFS(通讯通路门店!$BG:$BG,通讯通路门店!$S:$S,$G921) -> 0 | AL921: =SUMIFS(通讯通路门店!$BC:$BC,通讯通路门店!$S:$S,$G921) -> 0 | AM921: =SUMIFS(通讯通路门店!$BD:$BD,通讯通路门店!$S:$S,$G921) -> 0 | AN921: =SUMIFS(通讯通路门店!$BF:$BF,通讯通路门店!$S:$S,$G921) -> 0 | AO921: =AP921+AQ921 -> 0 | AP921: =SUMIFS(通讯通路门店!$K:$K,通讯通路门店!$S:$S,$G921) -> 0 | AR921: =SUMIFS(通讯通路门店!$T:$T,通讯通路门店!$S:$S,$G921) -> 0 | AS921: =SUMIFS(通讯通路门店!$U:$U,通讯通路门店!$S:$S,$G921) -> 0 | AT921: =SUMIFS(通讯通路门店!$V:$V,通讯通路门店!$S:$S,$G921) -> 0 | AU921: =SUMIFS(通讯通路门店!$W:$W,通讯通路门店!$S:$S,$G921) -> 0 | AV921: =SUMIFS(通讯通路门店!$Z:$Z,通讯通路门店!$S:$S,$G921) -> 0 | AW921: =SUMIFS(通讯通路门店!$AB:$AB,通讯通路门店!$S:$S,$G921) -> 0 | AX921: =SUMIFS(通讯通路门店!$X:$X,通讯通路门店!$S:$S,$G921) -> 0 | AY921: =SUMIFS(通讯通路门店!$Y:$Y,通讯通路门店!$S:$S,$G921) -> 0 | AZ921: =SUMIFS(通讯通路门店!$AA:$AA,通讯通路门店!$S:$S,$G921) -> 0 | BA921: =AP921-BB921 -> 0 | BB921: =BC921+BD921+BE921+BF921+BG921+BH921 -> 0 | BC921: =SUMIFS(通讯通路门店!$W:$W,通讯通路门店!$S:$S,$G921,通讯通路门店!$J:$J,"荣耀体验店")+SUMIFS(通讯通路门店!$W:$W,通讯通路门店!$S:$S,$G921,通讯通路门店!$J:$J,"荣耀授权专卖店") -> 0 | BD921: =SUMIFS(通讯通路门店!$Z:$Z,通讯通路门店!$S:$S,$G921,通讯通路门店!$J:$J,"VIVO体验店") -> 0 | BE921: =SUMIFS(通讯通路门店!$AB:$AB,通讯通路门店!$S:$S,$G921,通讯通路门店!$J:$J,"OPPO体验店") -> 0 | BF921: =SUMIFS(通讯通路门店!$X:$X,通讯通路门店!$S:$S,$G921,通讯通路门店!$J:$J,"华为授权体验店")+SUMIFS(通讯通路门店!$AA:$AA,通讯通路门店!$S:$S,$G921,通讯通路门店!$J:$J,"华为堡垒店") -> 0 | BG921: =SUMIFS(通讯通路门店!$Y:$Y,通讯通路门店!$S:$S,$G921,通讯通路门店!$J:$J,"小米体验店") -> 0 | BH921: =SUMIFS(通讯通路门店!$AA:$AA,通讯通路门店!$S:$S,$G921,通讯通路门店!$J:$J,"苹果体验店") -> 0 | BI921: =SUMIFS(通讯通路门店!$K:$K,通讯通路门店!$S:$S,$G921,通讯通路门店!$J:$J,"其他品牌专卖店") -> 0 | BJ921: =SUMIFS(通讯通路门店!$AC:$AC,通讯通路门店!$S:$S,$G921) -> 0 | BK921: =SUMIFS(通讯通路门店!$AD:$AD,通讯通路门店!$S:$S,$G921) -> 0 | BL921: =SUMIFS(通讯通路门店!$AE:$AE,通讯通路门店!$S:$S,$G921) -> 0 | BM921: =SUMIFS(通讯通路门店!$AF:$AF,通讯通路门店!$S:$S,$G921) -> 0 | BN921: =SUMIFS(通讯通路门店!$AG:$AG,通讯通路门店!$S:$S,$G921) -> 0 | BO921: =SUMIFS(通讯通路门店!$AH:$AH,通讯通路门店!$S:$S,$G921) -> 0 | BP921: =SUMIFS(通讯通路门店!$AI:$AI,通讯通路门店!$S:$S,$G921) -> 0
A922: =IFERROR(_xlfn.XLOOKUP($G922,通讯通路门店!$S$4:$S$993931,通讯通路门店!$A$4:$A$993931,0,0),"") -> 海南省 | B922: =IFERROR(_xlfn.XLOOKUP($G922,通讯通路门店!$S$4:$S$993931,通讯通路门店!$B$4:$B$993931,0,0),"") -> 东方市 | C922: =IFERROR(_xlfn.XLOOKUP($G922,通讯通路门店!$S$4:$S$993931,通讯通路门店!$C$4:$C$993931,0,0),"") -> 东方市 | D922: =IFERROR(_xlfn.XLOOKUP($G922,通讯通路门店!$S$4:$S$993931,通讯通路门店!$D$4:$D$993931,0,0),"") -> 八所镇 | H922: =IFERROR(_xlfn.XLOOKUP($G922,通讯通路门店!$S$4:$S$993931,通讯通路门店!$R$4:$R$993931,0,0),"") -> 0 | U922: =COUNTIF(通讯通路门店!$S:$S,$G922) -> 0 | V922: =COUNTIFS(通讯通路门店!$S:$S,$G922,通讯通路门店!$J:$J,"综合卖场") -> 0 | W922: =SUMIFS(通讯通路门店!$AJ:$AJ,通讯通路门店!$S:$S,通讯客户沙盘!$G922) -> 0 | X922: =Y922+Z922+AA922+AB922+AC922+AD922+AE922 -> 0 | Y922: =COUNTIFS(通讯通路门店!$S:$S,$G922,通讯通路门店!$J:$J,"荣耀体验店")+COUNTIFS(通讯通路门店!$S:$S,$G922,通讯通路门店!$J:$J,"荣耀授权专卖店") -> 0 | Z922: =COUNTIFS(通讯通路门店!$S:$S,$G922,通讯通路门店!$J:$J,"VIVO体验店") -> 0 | AA922: =COUNTIFS(通讯通路门店!$S:$S,$G922,通讯通路门店!$J:$J,"OPPO体验店") -> 0 | AB922: =COUNTIFS(通讯通路门店!$S:$S,$G922,通讯通路门店!$J:$J,"华为授权体验店")+COUNTIFS(通讯通路门店!$S:$S,$G922,通讯通路门店!$J:$J,"华为堡垒店") -> 0 | AC922: =COUNTIFS(通讯通路门店!$S:$S,$G922,通讯通路门店!$J:$J,"小米体验店") -> 0 | AD922: =COUNTIFS(通讯通路门店!$S:$S,$G922,通讯通路门店!$J:$J,"苹果体验店") -> 0 | AE922: =COUNTIFS(通讯通路门店!$S:$S,$G922,通讯通路门店!$J:$J,"其他品牌专卖店") -> 0 | AF922: =SUMIFS(通讯通路门店!$BI:$BI,通讯通路门店!$S:$S,$G922) -> 0 | AG922: =SUMIFS(通讯通路门店!$BH:$BH,通讯通路门店!$S:$S,$G922) -> 0 | AH922: =AI922+AJ922+AK922+AL922+AM922+AN922 -> 0 | AI922: =SUMIFS(通讯通路门店!$BB:$BB,通讯通路门店!$S:$S,$G922) -> 0 | AJ922: =SUMIFS(通讯通路门店!$BE:$BE,通讯通路门店!$S:$S,$G922) -> 0 | AK922: =SUMIFS(通讯通路门店!$BG:$BG,通讯通路门店!$S:$S,$G922) -> 0 | AL922: =SUMIFS(通讯通路门店!$BC:$BC,通讯通路门店!$S:$S,$G922) -> 0 | AM922: =SUMIFS(通讯通路门店!$BD:$BD,通讯通路门店!$S:$S,$G922) -> 0 | AN922: =SUMIFS(通讯通路门店!$BF:$BF,通讯通路门店!$S:$S,$G922) -> 0 | AO922: =AP922+AQ922 -> 0 | AP922: =SUMIFS(通讯通路门店!$K:$K,通讯通路门店!$S:$S,$G922) -> 0 | AR922: =SUMIFS(通讯通路门店!$T:$T,通讯通路门店!$S:$S,$G922) -> 0 | AS922: =SUMIFS(通讯通路门店!$U:$U,通讯通路门店!$S:$S,$G922) -> 0 | AT922: =SUMIFS(通讯通路门店!$V:$V,通讯通路门店!$S:$S,$G922) -> 0 | AU922: =SUMIFS(通讯通路门店!$W:$W,通讯通路门店!$S:$S,$G922) -> 0 | AV922: =SUMIFS(通讯通路门店!$Z:$Z,通讯通路门店!$S:$S,$G922) -> 0 | AW922: =SUMIFS(通讯通路门店!$AB:$AB,通讯通路门店!$S:$S,$G922) -> 0 | AX922: =SUMIFS(通讯通路门店!$X:$X,通讯通路门店!$S:$S,$G922) -> 0 | AY922: =SUMIFS(通讯通路门店!$Y:$Y,通讯通路门店!$S:$S,$G922) -> 0 | AZ922: =SUMIFS(通讯通路门店!$AA:$AA,通讯通路门店!$S:$S,$G922) -> 0 | BA922: =AP922-BB922 -> 0 | BB922: =BC922+BD922+BE922+BF922+BG922+BH922 -> 0 | BC922: =SUMIFS(通讯通路门店!$W:$W,通讯通路门店!$S:$S,$G922,通讯通路门店!$J:$J,"荣耀体验店")+SUMIFS(通讯通路门店!$W:$W,通讯通路门店!$S:$S,$G922,通讯通路门店!$J:$J,"荣耀授权专卖店") -> 0 | BD922: =SUMIFS(通讯通路门店!$Z:$Z,通讯通路门店!$S:$S,$G922,通讯通路门店!$J:$J,"VIVO体验店") -> 0 | BE922: =SUMIFS(通讯通路门店!$AB:$AB,通讯通路门店!$S:$S,$G922,通讯通路门店!$J:$J,"OPPO体验店") -> 0 | BF922: =SUMIFS(通讯通路门店!$X:$X,通讯通路门店!$S:$S,$G922,通讯通路门店!$J:$J,"华为授权体验店")+SUMIFS(通讯通路门店!$AA:$AA,通讯通路门店!$S:$S,$G922,通讯通路门店!$J:$J,"华为堡垒店") -> 0 | BG922: =SUMIFS(通讯通路门店!$Y:$Y,通讯通路门店!$S:$S,$G922,通讯通路门店!$J:$J,"小米体验店") -> 0 | BH922: =SUMIFS(通讯通路门店!$AA:$AA,通讯通路门店!$S:$S,$G922,通讯通路门店!$J:$J,"苹果体验店") -> 0 | BI922: =SUMIFS(通讯通路门店!$K:$K,通讯通路门店!$S:$S,$G922,通讯通路门店!$J:$J,"其他品牌专卖店") -> 0 | BJ922: =SUMIFS(通讯通路门店!$AC:$AC,通讯通路门店!$S:$S,$G922) -> 0 | BK922: =SUMIFS(通讯通路门店!$AD:$AD,通讯通路门店!$S:$S,$G922) -> 0 | BL922: =SUMIFS(通讯通路门店!$AE:$AE,通讯通路门店!$S:$S,$G922) -> 0 | BM922: =SUMIFS(通讯通路门店!$AF:$AF,通讯通路门店!$S:$S,$G922) -> 0 | BN922: =SUMIFS(通讯通路门店!$AG:$AG,通讯通路门店!$S:$S,$G922) -> 0 | BO922: =SUMIFS(通讯通路门店!$AH:$AH,通讯通路门店!$S:$S,$G922) -> 0 | BP922: =SUMIFS(通讯通路门店!$AI:$AI,通讯通路门店!$S:$S,$G922) -> 0
A923: =IFERROR(_xlfn.XLOOKUP($G923,通讯通路门店!$S$4:$S$993931,通讯通路门店!$A$4:$A$993931,0,0),"") -> 海南省 | B923: =IFERROR(_xlfn.XLOOKUP($G923,通讯通路门店!$S$4:$S$993931,通讯通路门店!$B$4:$B$993931,0,0),"") -> 东方市 | C923: =IFERROR(_xlfn.XLOOKUP($G923,通讯通路门店!$S$4:$S$993931,通讯通路门店!$C$4:$C$993931,0,0),"") -> 东方市 | D923: =IFERROR(_xlfn.XLOOKUP($G923,通讯通路门店!$S$4:$S$993931,通讯通路门店!$D$4:$D$993931,0,0),"") -> 八所镇 | H923: =IFERROR(_xlfn.XLOOKUP($G923,通讯通路门店!$S$4:$S$993931,通讯通路门店!$R$4:$R$993931,0,0),"") -> 0 | U923: =COUNTIF(通讯通路门店!$S:$S,$G923) -> 0 | V923: =COUNTIFS(通讯通路门店!$S:$S,$G923,通讯通路门店!$J:$J,"综合卖场") -> 0 | W923: =SUMIFS(通讯通路门店!$AJ:$AJ,通讯通路门店!$S:$S,通讯客户沙盘!$G923) -> 0 | X923: =Y923+Z923+AA923+AB923+AC923+AD923+AE923 -> 0 | Y923: =COUNTIFS(通讯通路门店!$S:$S,$G923,通讯通路门店!$J:$J,"荣耀体验店")+COUNTIFS(通讯通路门店!$S:$S,$G923,通讯通路门店!$J:$J,"荣耀授权专卖店") -> 0 | Z923: =COUNTIFS(通讯通路门店!$S:$S,$G923,通讯通路门店!$J:$J,"VIVO体验店") -> 0 | AA923: =COUNTIFS(通讯通路门店!$S:$S,$G923,通讯通路门店!$J:$J,"OPPO体验店") -> 0 | AB923: =COUNTIFS(通讯通路门店!$S:$S,$G923,通讯通路门店!$J:$J,"华为授权体验店")+COUNTIFS(通讯通路门店!$S:$S,$G923,通讯通路门店!$J:$J,"华为堡垒店") -> 0 | AC923: =COUNTIFS(通讯通路门店!$S:$S,$G923,通讯通路门店!$J:$J,"小米体验店") -> 0 | AD923: =COUNTIFS(通讯通路门店!$S:$S,$G923,通讯通路门店!$J:$J,"苹果体验店") -> 0 | AE923: =COUNTIFS(通讯通路门店!$S:$S,$G923,通讯通路门店!$J:$J,"其他品牌专卖店") -> 0 | AF923: =SUMIFS(通讯通路门店!$BI:$BI,通讯通路门店!$S:$S,$G923) -> 0 | AG923: =SUMIFS(通讯通路门店!$BH:$BH,通讯通路门店!$S:$S,$G923) -> 0 | AH923: =AI923+AJ923+AK923+AL923+AM923+AN923 -> 0 | AI923: =SUMIFS(通讯通路门店!$BB:$BB,通讯通路门店!$S:$S,$G923) -> 0 | AJ923: =SUMIFS(通讯通路门店!$BE:$BE,通讯通路门店!$S:$S,$G923) -> 0 | AK923: =SUMIFS(通讯通路门店!$BG:$BG,通讯通路门店!$S:$S,$G923) -> 0 | AL923: =SUMIFS(通讯通路门店!$BC:$BC,通讯通路门店!$S:$S,$G923) -> 0 | AM923: =SUMIFS(通讯通路门店!$BD:$BD,通讯通路门店!$S:$S,$G923) -> 0 | AN923: =SUMIFS(通讯通路门店!$BF:$BF,通讯通路门店!$S:$S,$G923) -> 0 | AO923: =AP923+AQ923 -> 0 | AP923: =SUMIFS(通讯通路门店!$K:$K,通讯通路门店!$S:$S,$G923) -> 0 | AR923: =SUMIFS(通讯通路门店!$T:$T,通讯通路门店!$S:$S,$G923) -> 0 | AS923: =SUMIFS(通讯通路门店!$U:$U,通讯通路门店!$S:$S,$G923) -> 0 | AT923: =SUMIFS(通讯通路门店!$V:$V,通讯通路门店!$S:$S,$G923) -> 0 | AU923: =SUMIFS(通讯通路门店!$W:$W,通讯通路门店!$S:$S,$G923) -> 0 | AV923: =SUMIFS(通讯通路门店!$Z:$Z,通讯通路门店!$S:$S,$G923) -> 0 | AW923: =SUMIFS(通讯通路门店!$AB:$AB,通讯通路门店!$S:$S,$G923) -> 0 | AX923: =SUMIFS(通讯通路门店!$X:$X,通讯通路门店!$S:$S,$G923) -> 0 | AY923: =SUMIFS(通讯通路门店!$Y:$Y,通讯通路门店!$S:$S,$G923) -> 0 | AZ923: =SUMIFS(通讯通路门店!$AA:$AA,通讯通路门店!$S:$S,$G923) -> 0 | BA923: =AP923-BB923 -> 0 | BB923: =BC923+BD923+BE923+BF923+BG923+BH923 -> 0 | BC923: =SUMIFS(通讯通路门店!$W:$W,通讯通路门店!$S:$S,$G923,通讯通路门店!$J:$J,"荣耀体验店")+SUMIFS(通讯通路门店!$W:$W,通讯通路门店!$S:$S,$G923,通讯通路门店!$J:$J,"荣耀授权专卖店") -> 0 | BD923: =SUMIFS(通讯通路门店!$Z:$Z,通讯通路门店!$S:$S,$G923,通讯通路门店!$J:$J,"VIVO体验店") -> 0 | BE923: =SUMIFS(通讯通路门店!$AB:$AB,通讯通路门店!$S:$S,$G923,通讯通路门店!$J:$J,"OPPO体验店") -> 0 | BF923: =SUMIFS(通讯通路门店!$X:$X,通讯通路门店!$S:$S,$G923,通讯通路门店!$J:$J,"华为授权体验店")+SUMIFS(通讯通路门店!$AA:$AA,通讯通路门店!$S:$S,$G923,通讯通路门店!$J:$J,"华为堡垒店") -> 0 | BG923: =SUMIFS(通讯通路门店!$Y:$Y,通讯通路门店!$S:$S,$G923,通讯通路门店!$J:$J,"小米体验店") -> 0 | BH923: =SUMIFS(通讯通路门店!$AA:$AA,通讯通路门店!$S:$S,$G923,通讯通路门店!$J:$J,"苹果体验店") -> 0 | BI923: =SUMIFS(通讯通路门店!$K:$K,通讯通路门店!$S:$S,$G923,通讯通路门店!$J:$J,"其他品牌专卖店") -> 0 | BJ923: =SUMIFS(通讯通路门店!$AC:$AC,通讯通路门店!$S:$S,$G923) -> 0 | BK923: =SUMIFS(通讯通路门店!$AD:$AD,通讯通路门店!$S:$S,$G923) -> 0 | BL923: =SUMIFS(通讯通路门店!$AE:$AE,通讯通路门店!$S:$S,$G923) -> 0 | BM923: =SUMIFS(通讯通路门店!$AF:$AF,通讯通路门店!$S:$S,$G923) -> 0 | BN923: =SUMIFS(通讯通路门店!$AG:$AG,通讯通路门店!$S:$S,$G923) -> 0 | BO923: =SUMIFS(通讯通路门店!$AH:$AH,通讯通路门店!$S:$S,$G923) -> 0 | BP923: =SUMIFS(通讯通路门店!$AI:$AI,通讯通路门店!$S:$S,$G923) -> 0
A924: =IFERROR(_xlfn.XLOOKUP($G924,通讯通路门店!$S$4:$S$993931,通讯通路门店!$A$4:$A$993931,0,0),"") -> 海南省 | B924: =IFERROR(_xlfn.XLOOKUP($G924,通讯通路门店!$S$4:$S$993931,通讯通路门店!$B$4:$B$993931,0,0),"") -> 东方市 | C924: =IFERROR(_xlfn.XLOOKUP($G924,通讯通路门店!$S$4:$S$993931,通讯通路门店!$C$4:$C$993931,0,0),"") -> 东方市 | D924: =IFERROR(_xlfn.XLOOKUP($G924,通讯通路门店!$S$4:$S$993931,通讯通路门店!$D$4:$D$993931,0,0),"") -> 八所镇 | H924: =IFERROR(_xlfn.XLOOKUP($G924,通讯通路门店!$S$4:$S$993931,通讯通路门店!$R$4:$R$993931,0,0),"") -> 0 | U924: =COUNTIF(通讯通路门店!$S:$S,$G924) -> 0 | V924: =COUNTIFS(通讯通路门店!$S:$S,$G924,通讯通路门店!$J:$J,"综合卖场") -> 0 | W924: =SUMIFS(通讯通路门店!$AJ:$AJ,通讯通路门店!$S:$S,通讯客户沙盘!$G924) -> 0 | X924: =Y924+Z924+AA924+AB924+AC924+AD924+AE924 -> 0 | Y924: =COUNTIFS(通讯通路门店!$S:$S,$G924,通讯通路门店!$J:$J,"荣耀体验店")+COUNTIFS(通讯通路门店!$S:$S,$G924,通讯通路门店!$J:$J,"荣耀授权专卖店") -> 0 | Z924: =COUNTIFS(通讯通路门店!$S:$S,$G924,通讯通路门店!$J:$J,"VIVO体验店") -> 0 | AA924: =COUNTIFS(通讯通路门店!$S:$S,$G924,通讯通路门店!$J:$J,"OPPO体验店") -> 0 | AB924: =COUNTIFS(通讯通路门店!$S:$S,$G924,通讯通路门店!$J:$J,"华为授权体验店")+COUNTIFS(通讯通路门店!$S:$S,$G924,通讯通路门店!$J:$J,"华为堡垒店") -> 0 | AC924: =COUNTIFS(通讯通路门店!$S:$S,$G924,通讯通路门店!$J:$J,"小米体验店") -> 0 | AD924: =COUNTIFS(通讯通路门店!$S:$S,$G924,通讯通路门店!$J:$J,"苹果体验店") -> 0 | AE924: =COUNTIFS(通讯通路门店!$S:$S,$G924,通讯通路门店!$J:$J,"其他品牌专卖店") -> 0 | AF924: =SUMIFS(通讯通路门店!$BI:$BI,通讯通路门店!$S:$S,$G924) -> 0 | AG924: =SUMIFS(通讯通路门店!$BH:$BH,通讯通路门店!$S:$S,$G924) -> 0 | AH924: =AI924+AJ924+AK924+AL924+AM924+AN924 -> 0 | AI924: =SUMIFS(通讯通路门店!$BB:$BB,通讯通路门店!$S:$S,$G924) -> 0 | AJ924: =SUMIFS(通讯通路门店!$BE:$BE,通讯通路门店!$S:$S,$G924) -> 0 | AK924: =SUMIFS(通讯通路门店!$BG:$BG,通讯通路门店!$S:$S,$G924) -> 0 | AL924: =SUMIFS(通讯通路门店!$BC:$BC,通讯通路门店!$S:$S,$G924) -> 0 | AM924: =SUMIFS(通讯通路门店!$BD:$BD,通讯通路门店!$S:$S,$G924) -> 0 | AN924: =SUMIFS(通讯通路门店!$BF:$BF,通讯通路门店!$S:$S,$G924) -> 0 | AO924: =AP924+AQ924 -> 0 | AP924: =SUMIFS(通讯通路门店!$K:$K,通讯通路门店!$S:$S,$G924) -> 0 | AR924: =SUMIFS(通讯通路门店!$T:$T,通讯通路门店!$S:$S,$G924) -> 0 | AS924: =SUMIFS(通讯通路门店!$U:$U,通讯通路门店!$S:$S,$G924) -> 0 | AT924: =SUMIFS(通讯通路门店!$V:$V,通讯通路门店!$S:$S,$G924) -> 0 | AU924: =SUMIFS(通讯通路门店!$W:$W,通讯通路门店!$S:$S,$G924) -> 0 | AV924: =SUMIFS(通讯通路门店!$Z:$Z,通讯通路门店!$S:$S,$G924) -> 0 | AW924: =SUMIFS(通讯通路门店!$AB:$AB,通讯通路门店!$S:$S,$G924) -> 0 | AX924: =SUMIFS(通讯通路门店!$X:$X,通讯通路门店!$S:$S,$G924) -> 0 | AY924: =SUMIFS(通讯通路门店!$Y:$Y,通讯通路门店!$S:$S,$G924) -> 0 | AZ924: =SUMIFS(通讯通路门店!$AA:$AA,通讯通路门店!$S:$S,$G924) -> 0 | BA924: =AP924-BB924 -> 0 | BB924: =BC924+BD924+BE924+BF924+BG924+BH924 -> 0 | BC924: =SUMIFS(通讯通路门店!$W:$W,通讯通路门店!$S:$S,$G924,通讯通路门店!$J:$J,"荣耀体验店")+SUMIFS(通讯通路门店!$W:$W,通讯通路门店!$S:$S,$G924,通讯通路门店!$J:$J,"荣耀授权专卖店") -> 0 | BD924: =SUMIFS(通讯通路门店!$Z:$Z,通讯通路门店!$S:$S,$G924,通讯通路门店!$J:$J,"VIVO体验店") -> 0 | BE924: =SUMIFS(通讯通路门店!$AB:$AB,通讯通路门店!$S:$S,$G924,通讯通路门店!$J:$J,"OPPO体验店") -> 0 | BF924: =SUMIFS(通讯通路门店!$X:$X,通讯通路门店!$S:$S,$G924,通讯通路门店!$J:$J,"华为授权体验店")+SUMIFS(通讯通路门店!$AA:$AA,通讯通路门店!$S:$S,$G924,通讯通路门店!$J:$J,"华为堡垒店") -> 0 | BG924: =SUMIFS(通讯通路门店!$Y:$Y,通讯通路门店!$S:$S,$G924,通讯通路门店!$J:$J,"小米体验店") -> 0 | BH924: =SUMIFS(通讯通路门店!$AA:$AA,通讯通路门店!$S:$S,$G924,通讯通路门店!$J:$J,"苹果体验店") -> 0 | BI924: =SUMIFS(通讯通路门店!$K:$K,通讯通路门店!$S:$S,$G924,通讯通路门店!$J:$J,"其他品牌专卖店") -> 0 | BJ924: =SUMIFS(通讯通路门店!$AC:$AC,通讯通路门店!$S:$S,$G924) -> 0 | BK924: =SUMIFS(通讯通路门店!$AD:$AD,通讯通路门店!$S:$S,$G924) -> 0 | BL924: =SUMIFS(通讯通路门店!$AE:$AE,通讯通路门店!$S:$S,$G924) -> 0 | BM924: =SUMIFS(通讯通路门店!$AF:$AF,通讯通路门店!$S:$S,$G924) -> 0 | BN924: =SUMIFS(通讯通路门店!$AG:$AG,通讯通路门店!$S:$S,$G924) -> 0 | BO924: =SUMIFS(通讯通路门店!$AH:$AH,通讯通路门店!$S:$S,$G924) -> 0 | BP924: =SUMIFS(通讯通路门店!$AI:$AI,通讯通路门店!$S:$S,$G924) -> 0
A925: =IFERROR(_xlfn.XLOOKUP($G925,通讯通路门店!$S$4:$S$993931,通讯通路门店!$A$4:$A$993931,0,0),"") -> 海南省 | B925: =IFERROR(_xlfn.XLOOKUP($G925,通讯通路门店!$S$4:$S$993931,通讯通路门店!$B$4:$B$993931,0,0),"") -> 东方市 | C925: =IFERROR(_xlfn.XLOOKUP($G925,通讯通路门店!$S$4:$S$993931,通讯通路门店!$C$4:$C$993931,0,0),"") -> 东方市 | D925: =IFERROR(_xlfn.XLOOKUP($G925,通讯通路门店!$S$4:$S$993931,通讯通路门店!$D$4:$D$993931,0,0),"") -> 八所镇 | H925: =IFERROR(_xlfn.XLOOKUP($G925,通讯通路门店!$S$4:$S$993931,通讯通路门店!$R$4:$R$993931,0,0),"") -> 0 | U925: =COUNTIF(通讯通路门店!$S:$S,$G925) -> 0 | V925: =COUNTIFS(通讯通路门店!$S:$S,$G925,通讯通路门店!$J:$J,"综合卖场") -> 0 | W925: =SUMIFS(通讯通路门店!$AJ:$AJ,通讯通路门店!$S:$S,通讯客户沙盘!$G925) -> 0 | X925: =Y925+Z925+AA925+AB925+AC925+AD925+AE925 -> 0 | Y925: =COUNTIFS(通讯通路门店!$S:$S,$G925,通讯通路门店!$J:$J,"荣耀体验店")+COUNTIFS(通讯通路门店!$S:$S,$G925,通讯通路门店!$J:$J,"荣耀授权专卖店") -> 0 | Z925: =COUNTIFS(通讯通路门店!$S:$S,$G925,通讯通路门店!$J:$J,"VIVO体验店") -> 0 | AA925: =COUNTIFS(通讯通路门店!$S:$S,$G925,通讯通路门店!$J:$J,"OPPO体验店") -> 0 | AB925: =COUNTIFS(通讯通路门店!$S:$S,$G925,通讯通路门店!$J:$J,"华为授权体验店")+COUNTIFS(通讯通路门店!$S:$S,$G925,通讯通路门店!$J:$J,"华为堡垒店") -> 0 | AC925: =COUNTIFS(通讯通路门店!$S:$S,$G925,通讯通路门店!$J:$J,"小米体验店") -> 0 | AD925: =COUNTIFS(通讯通路门店!$S:$S,$G925,通讯通路门店!$J:$J,"苹果体验店") -> 0 | AE925: =COUNTIFS(通讯通路门店!$S:$S,$G925,通讯通路门店!$J:$J,"其他品牌专卖店") -> 0 | AF925: =SUMIFS(通讯通路门店!$BI:$BI,通讯通路门店!$S:$S,$G925) -> 0 | AG925: =SUMIFS(通讯通路门店!$BH:$BH,通讯通路门店!$S:$S,$G925) -> 0 | AH925: =AI925+AJ925+AK925+AL925+AM925+AN925 -> 0 | AI925: =SUMIFS(通讯通路门店!$BB:$BB,通讯通路门店!$S:$S,$G925) -> 0 | AJ925: =SUMIFS(通讯通路门店!$BE:$BE,通讯通路门店!$S:$S,$G925) -> 0 | AK925: =SUMIFS(通讯通路门店!$BG:$BG,通讯通路门店!$S:$S,$G925) -> 0 | AL925: =SUMIFS(通讯通路门店!$BC:$BC,通讯通路门店!$S:$S,$G925) -> 0 | AM925: =SUMIFS(通讯通路门店!$BD:$BD,通讯通路门店!$S:$S,$G925) -> 0 | AN925: =SUMIFS(通讯通路门店!$BF:$BF,通讯通路门店!$S:$S,$G925) -> 0 | AO925: =AP925+AQ925 -> 0 | AP925: =SUMIFS(通讯通路门店!$K:$K,通讯通路门店!$S:$S,$G925) -> 0 | AR925: =SUMIFS(通讯通路门店!$T:$T,通讯通路门店!$S:$S,$G925) -> 0 | AS925: =SUMIFS(通讯通路门店!$U:$U,通讯通路门店!$S:$S,$G925) -> 0 | AT925: =SUMIFS(通讯通路门店!$V:$V,通讯通路门店!$S:$S,$G925) -> 0 | AU925: =SUMIFS(通讯通路门店!$W:$W,通讯通路门店!$S:$S,$G925) -> 0 | AV925: =SUMIFS(通讯通路门店!$Z:$Z,通讯通路门店!$S:$S,$G925) -> 0 | AW925: =SUMIFS(通讯通路门店!$AB:$AB,通讯通路门店!$S:$S,$G925) -> 0 | AX925: =SUMIFS(通讯通路门店!$X:$X,通讯通路门店!$S:$S,$G925) -> 0 | AY925: =SUMIFS(通讯通路门店!$Y:$Y,通讯通路门店!$S:$S,$G925) -> 0 | AZ925: =SUMIFS(通讯通路门店!$AA:$AA,通讯通路门店!$S:$S,$G925) -> 0 | BA925: =AP925-BB925 -> 0 | BB925: =BC925+BD925+BE925+BF925+BG925+BH925 -> 0 | BC925: =SUMIFS(通讯通路门店!$W:$W,通讯通路门店!$S:$S,$G925,通讯通路门店!$J:$J,"荣耀体验店")+SUMIFS(通讯通路门店!$W:$W,通讯通路门店!$S:$S,$G925,通讯通路门店!$J:$J,"荣耀授权专卖店") -> 0 | BD925: =SUMIFS(通讯通路门店!$Z:$Z,通讯通路门店!$S:$S,$G925,通讯通路门店!$J:$J,"VIVO体验店") -> 0 | BE925: =SUMIFS(通讯通路门店!$AB:$AB,通讯通路门店!$S:$S,$G925,通讯通路门店!$J:$J,"OPPO体验店") -> 0 | BF925: =SUMIFS(通讯通路门店!$X:$X,通讯通路门店!$S:$S,$G925,通讯通路门店!$J:$J,"华为授权体验店")+SUMIFS(通讯通路门店!$AA:$AA,通讯通路门店!$S:$S,$G925,通讯通路门店!$J:$J,"华为堡垒店") -> 0 | BG925: =SUMIFS(通讯通路门店!$Y:$Y,通讯通路门店!$S:$S,$G925,通讯通路门店!$J:$J,"小米体验店") -> 0 | BH925: =SUMIFS(通讯通路门店!$AA:$AA,通讯通路门店!$S:$S,$G925,通讯通路门店!$J:$J,"苹果体验店") -> 0 | BI925: =SUMIFS(通讯通路门店!$K:$K,通讯通路门店!$S:$S,$G925,通讯通路门店!$J:$J,"其他品牌专卖店") -> 0 | BJ925: =SUMIFS(通讯通路门店!$AC:$AC,通讯通路门店!$S:$S,$G925) -> 0 | BK925: =SUMIFS(通讯通路门店!$AD:$AD,通讯通路门店!$S:$S,$G925) -> 0 | BL925: =SUMIFS(通讯通路门店!$AE:$AE,通讯通路门店!$S:$S,$G925) -> 0 | BM925: =SUMIFS(通讯通路门店!$AF:$AF,通讯通路门店!$S:$S,$G925) -> 0 | BN925: =SUMIFS(通讯通路门店!$AG:$AG,通讯通路门店!$S:$S,$G925) -> 0 | BO925: =SUMIFS(通讯通路门店!$AH:$AH,通讯通路门店!$S:$S,$G925) -> 0 | BP925: =SUMIFS(通讯通路门店!$AI:$AI,通讯通路门店!$S:$S,$G925) -> 0
A926: =IFERROR(_xlfn.XLOOKUP($G926,通讯通路门店!$S$4:$S$993931,通讯通路门店!$A$4:$A$993931,0,0),"") -> 海南省 | B926: =IFERROR(_xlfn.XLOOKUP($G926,通讯通路门店!$S$4:$S$993931,通讯通路门店!$B$4:$B$993931,0,0),"") -> 东方市 | C926: =IFERROR(_xlfn.XLOOKUP($G926,通讯通路门店!$S$4:$S$993931,通讯通路门店!$C$4:$C$993931,0,0),"") -> 东方市 | D926: =IFERROR(_xlfn.XLOOKUP($G926,通讯通路门店!$S$4:$S$993931,通讯通路门店!$D$4:$D$993931,0,0),"") -> 八所镇 | H926: =IFERROR(_xlfn.XLOOKUP($G926,通讯通路门店!$S$4:$S$993931,通讯通路门店!$R$4:$R$993931,0,0),"") -> 0 | U926: =COUNTIF(通讯通路门店!$S:$S,$G926) -> 0 | V926: =COUNTIFS(通讯通路门店!$S:$S,$G926,通讯通路门店!$J:$J,"综合卖场") -> 0 | W926: =SUMIFS(通讯通路门店!$AJ:$AJ,通讯通路门店!$S:$S,通讯客户沙盘!$G926) -> 0 | X926: =Y926+Z926+AA926+AB926+AC926+AD926+AE926 -> 0 | Y926: =COUNTIFS(通讯通路门店!$S:$S,$G926,通讯通路门店!$J:$J,"荣耀体验店")+COUNTIFS(通讯通路门店!$S:$S,$G926,通讯通路门店!$J:$J,"荣耀授权专卖店") -> 0 | Z926: =COUNTIFS(通讯通路门店!$S:$S,$G926,通讯通路门店!$J:$J,"VIVO体验店") -> 0 | AA926: =COUNTIFS(通讯通路门店!$S:$S,$G926,通讯通路门店!$J:$J,"OPPO体验店") -> 0 | AB926: =COUNTIFS(通讯通路门店!$S:$S,$G926,通讯通路门店!$J:$J,"华为授权体验店")+COUNTIFS(通讯通路门店!$S:$S,$G926,通讯通路门店!$J:$J,"华为堡垒店") -> 0 | AC926: =COUNTIFS(通讯通路门店!$S:$S,$G926,通讯通路门店!$J:$J,"小米体验店") -> 0 | AD926: =COUNTIFS(通讯通路门店!$S:$S,$G926,通讯通路门店!$J:$J,"苹果体验店") -> 0 | AE926: =COUNTIFS(通讯通路门店!$S:$S,$G926,通讯通路门店!$J:$J,"其他品牌专卖店") -> 0 | AF926: =SUMIFS(通讯通路门店!$BI:$BI,通讯通路门店!$S:$S,$G926) -> 0 | AG926: =SUMIFS(通讯通路门店!$BH:$BH,通讯通路门店!$S:$S,$G926) -> 0 | AH926: =AI926+AJ926+AK926+AL926+AM926+AN926 -> 0 | AI926: =SUMIFS(通讯通路门店!$BB:$BB,通讯通路门店!$S:$S,$G926) -> 0 | AJ926: =SUMIFS(通讯通路门店!$BE:$BE,通讯通路门店!$S:$S,$G926) -> 0 | AK926: =SUMIFS(通讯通路门店!$BG:$BG,通讯通路门店!$S:$S,$G926) -> 0 | AL926: =SUMIFS(通讯通路门店!$BC:$BC,通讯通路门店!$S:$S,$G926) -> 0 | AM926: =SUMIFS(通讯通路门店!$BD:$BD,通讯通路门店!$S:$S,$G926) -> 0 | AN926: =SUMIFS(通讯通路门店!$BF:$BF,通讯通路门店!$S:$S,$G926) -> 0 | AO926: =AP926+AQ926 -> 0 | AP926: =SUMIFS(通讯通路门店!$K:$K,通讯通路门店!$S:$S,$G926) -> 0 | AR926: =SUMIFS(通讯通路门店!$T:$T,通讯通路门店!$S:$S,$G926) -> 0 | AS926: =SUMIFS(通讯通路门店!$U:$U,通讯通路门店!$S:$S,$G926) -> 0 | AT926: =SUMIFS(通讯通路门店!$V:$V,通讯通路门店!$S:$S,$G926) -> 0 | AU926: =SUMIFS(通讯通路门店!$W:$W,通讯通路门店!$S:$S,$G926) -> 0 | AV926: =SUMIFS(通讯通路门店!$Z:$Z,通讯通路门店!$S:$S,$G926) -> 0 | AW926: =SUMIFS(通讯通路门店!$AB:$AB,通讯通路门店!$S:$S,$G926) -> 0 | AX926: =SUMIFS(通讯通路门店!$X:$X,通讯通路门店!$S:$S,$G926) -> 0 | AY926: =SUMIFS(通讯通路门店!$Y:$Y,通讯通路门店!$S:$S,$G926) -> 0 | AZ926: =SUMIFS(通讯通路门店!$AA:$AA,通讯通路门店!$S:$S,$G926) -> 0 | BA926: =AP926-BB926 -> 0 | BB926: =BC926+BD926+BE926+BF926+BG926+BH926 -> 0 | BC926: =SUMIFS(通讯通路门店!$W:$W,通讯通路门店!$S:$S,$G926,通讯通路门店!$J:$J,"荣耀体验店")+SUMIFS(通讯通路门店!$W:$W,通讯通路门店!$S:$S,$G926,通讯通路门店!$J:$J,"荣耀授权专卖店") -> 0 | BD926: =SUMIFS(通讯通路门店!$Z:$Z,通讯通路门店!$S:$S,$G926,通讯通路门店!$J:$J,"VIVO体验店") -> 0 | BE926: =SUMIFS(通讯通路门店!$AB:$AB,通讯通路门店!$S:$S,$G926,通讯通路门店!$J:$J,"OPPO体验店") -> 0 | BF926: =SUMIFS(通讯通路门店!$X:$X,通讯通路门店!$S:$S,$G926,通讯通路门店!$J:$J,"华为授权体验店")+SUMIFS(通讯通路门店!$AA:$AA,通讯通路门店!$S:$S,$G926,通讯通路门店!$J:$J,"华为堡垒店") -> 0 | BG926: =SUMIFS(通讯通路门店!$Y:$Y,通讯通路门店!$S:$S,$G926,通讯通路门店!$J:$J,"小米体验店") -> 0 | BH926: =SUMIFS(通讯通路门店!$AA:$AA,通讯通路门店!$S:$S,$G926,通讯通路门店!$J:$J,"苹果体验店") -> 0 | BI926: =SUMIFS(通讯通路门店!$K:$K,通讯通路门店!$S:$S,$G926,通讯通路门店!$J:$J,"其他品牌专卖店") -> 0 | BJ926: =SUMIFS(通讯通路门店!$AC:$AC,通讯通路门店!$S:$S,$G926) -> 0 | BK926: =SUMIFS(通讯通路门店!$AD:$AD,通讯通路门店!$S:$S,$G926) -> 0 | BL926: =SUMIFS(通讯通路门店!$AE:$AE,通讯通路门店!$S:$S,$G926) -> 0 | BM926: =SUMIFS(通讯通路门店!$AF:$AF,通讯通路门店!$S:$S,$G926) -> 0 | BN926: =SUMIFS(通讯通路门店!$AG:$AG,通讯通路门店!$S:$S,$G926) -> 0 | BO926: =SUMIFS(通讯通路门店!$AH:$AH,通讯通路门店!$S:$S,$G926) -> 0 | BP926: =SUMIFS(通讯通路门店!$AI:$AI,通讯通路门店!$S:$S,$G926) -> 0
A927: =IFERROR(_xlfn.XLOOKUP($G927,通讯通路门店!$S$4:$S$993931,通讯通路门店!$A$4:$A$993931,0,0),"") -> 海南省 | B927: =IFERROR(_xlfn.XLOOKUP($G927,通讯通路门店!$S$4:$S$993931,通讯通路门店!$B$4:$B$993931,0,0),"") -> 东方市 | C927: =IFERROR(_xlfn.XLOOKUP($G927,通讯通路门店!$S$4:$S$993931,通讯通路门店!$C$4:$C$993931,0,0),"") -> 东方市 | D927: =IFERROR(_xlfn.XLOOKUP($G927,通讯通路门店!$S$4:$S$993931,通讯通路门店!$D$4:$D$993931,0,0),"") -> 八所镇 | H927: =IFERROR(_xlfn.XLOOKUP($G927,通讯通路门店!$S$4:$S$993931,通讯通路门店!$R$4:$R$993931,0,0),"") -> 0 | U927: =COUNTIF(通讯通路门店!$S:$S,$G927) -> 0 | V927: =COUNTIFS(通讯通路门店!$S:$S,$G927,通讯通路门店!$J:$J,"综合卖场") -> 0 | W927: =SUMIFS(通讯通路门店!$AJ:$AJ,通讯通路门店!$S:$S,通讯客户沙盘!$G927) -> 0 | X927: =Y927+Z927+AA927+AB927+AC927+AD927+AE927 -> 0 | Y927: =COUNTIFS(通讯通路门店!$S:$S,$G927,通讯通路门店!$J:$J,"荣耀体验店")+COUNTIFS(通讯通路门店!$S:$S,$G927,通讯通路门店!$J:$J,"荣耀授权专卖店") -> 0 | Z927: =COUNTIFS(通讯通路门店!$S:$S,$G927,通讯通路门店!$J:$J,"VIVO体验店") -> 0 | AA927: =COUNTIFS(通讯通路门店!$S:$S,$G927,通讯通路门店!$J:$J,"OPPO体验店") -> 0 | AB927: =COUNTIFS(通讯通路门店!$S:$S,$G927,通讯通路门店!$J:$J,"华为授权体验店")+COUNTIFS(通讯通路门店!$S:$S,$G927,通讯通路门店!$J:$J,"华为堡垒店") -> 0 | AC927: =COUNTIFS(通讯通路门店!$S:$S,$G927,通讯通路门店!$J:$J,"小米体验店") -> 0 | AD927: =COUNTIFS(通讯通路门店!$S:$S,$G927,通讯通路门店!$J:$J,"苹果体验店") -> 0 | AE927: =COUNTIFS(通讯通路门店!$S:$S,$G927,通讯通路门店!$J:$J,"其他品牌专卖店") -> 0 | AF927: =SUMIFS(通讯通路门店!$BI:$BI,通讯通路门店!$S:$S,$G927) -> 0 | AG927: =SUMIFS(通讯通路门店!$BH:$BH,通讯通路门店!$S:$S,$G927) -> 0 | AH927: =AI927+AJ927+AK927+AL927+AM927+AN927 -> 0 | AI927: =SUMIFS(通讯通路门店!$BB:$BB,通讯通路门店!$S:$S,$G927) -> 0 | AJ927: =SUMIFS(通讯通路门店!$BE:$BE,通讯通路门店!$S:$S,$G927) -> 0 | AK927: =SUMIFS(通讯通路门店!$BG:$BG,通讯通路门店!$S:$S,$G927) -> 0 | AL927: =SUMIFS(通讯通路门店!$BC:$BC,通讯通路门店!$S:$S,$G927) -> 0 | AM927: =SUMIFS(通讯通路门店!$BD:$BD,通讯通路门店!$S:$S,$G927) -> 0 | AN927: =SUMIFS(通讯通路门店!$BF:$BF,通讯通路门店!$S:$S,$G927) -> 0 | AO927: =AP927+AQ927 -> 0 | AP927: =SUMIFS(通讯通路门店!$K:$K,通讯通路门店!$S:$S,$G927) -> 0 | AR927: =SUMIFS(通讯通路门店!$T:$T,通讯通路门店!$S:$S,$G927) -> 0 | AS927: =SUMIFS(通讯通路门店!$U:$U,通讯通路门店!$S:$S,$G927) -> 0 | AT927: =SUMIFS(通讯通路门店!$V:$V,通讯通路门店!$S:$S,$G927) -> 0 | AU927: =SUMIFS(通讯通路门店!$W:$W,通讯通路门店!$S:$S,$G927) -> 0 | AV927: =SUMIFS(通讯通路门店!$Z:$Z,通讯通路门店!$S:$S,$G927) -> 0 | AW927: =SUMIFS(通讯通路门店!$AB:$AB,通讯通路门店!$S:$S,$G927) -> 0 | AX927: =SUMIFS(通讯通路门店!$X:$X,通讯通路门店!$S:$S,$G927) -> 0 | AY927: =SUMIFS(通讯通路门店!$Y:$Y,通讯通路门店!$S:$S,$G927) -> 0 | AZ927: =SUMIFS(通讯通路门店!$AA:$AA,通讯通路门店!$S:$S,$G927) -> 0 | BA927: =AP927-BB927 -> 0 | BB927: =BC927+BD927+BE927+BF927+BG927+BH927 -> 0 | BC927: =SUMIFS(通讯通路门店!$W:$W,通讯通路门店!$S:$S,$G927,通讯通路门店!$J:$J,"荣耀体验店")+SUMIFS(通讯通路门店!$W:$W,通讯通路门店!$S:$S,$G927,通讯通路门店!$J:$J,"荣耀授权专卖店") -> 0 | BD927: =SUMIFS(通讯通路门店!$Z:$Z,通讯通路门店!$S:$S,$G927,通讯通路门店!$J:$J,"VIVO体验店") -> 0 | BE927: =SUMIFS(通讯通路门店!$AB:$AB,通讯通路门店!$S:$S,$G927,通讯通路门店!$J:$J,"OPPO体验店") -> 0 | BF927: =SUMIFS(通讯通路门店!$X:$X,通讯通路门店!$S:$S,$G927,通讯通路门店!$J:$J,"华为授权体验店")+SUMIFS(通讯通路门店!$AA:$AA,通讯通路门店!$S:$S,$G927,通讯通路门店!$J:$J,"华为堡垒店") -> 0 | BG927: =SUMIFS(通讯通路门店!$Y:$Y,通讯通路门店!$S:$S,$G927,通讯通路门店!$J:$J,"小米体验店") -> 0 | BH927: =SUMIFS(通讯通路门店!$AA:$AA,通讯通路门店!$S:$S,$G927,通讯通路门店!$J:$J,"苹果体验店") -> 0 | BI927: =SUMIFS(通讯通路门店!$K:$K,通讯通路门店!$S:$S,$G927,通讯通路门店!$J:$J,"其他品牌专卖店") -> 0 | BJ927: =SUMIFS(通讯通路门店!$AC:$AC,通讯通路门店!$S:$S,$G927) -> 0 | BK927: =SUMIFS(通讯通路门店!$AD:$AD,通讯通路门店!$S:$S,$G927) -> 0 | BL927: =SUMIFS(通讯通路门店!$AE:$AE,通讯通路门店!$S:$S,$G927) -> 0 | BM927: =SUMIFS(通讯通路门店!$AF:$AF,通讯通路门店!$S:$S,$G927) -> 0 | BN927: =SUMIFS(通讯通路门店!$AG:$AG,通讯通路门店!$S:$S,$G927) -> 0 | BO927: =SUMIFS(通讯通路门店!$AH:$AH,通讯通路门店!$S:$S,$G927) -> 0 | BP927: =SUMIFS(通讯通路门店!$AI:$AI,通讯通路门店!$S:$S,$G927) -> 0
A928: =IFERROR(_xlfn.XLOOKUP($G928,通讯通路门店!$S$4:$S$993931,通讯通路门店!$A$4:$A$993931,0,0),"") -> 海南省 | B928: =IFERROR(_xlfn.XLOOKUP($G928,通讯通路门店!$S$4:$S$993931,通讯通路门店!$B$4:$B$993931,0,0),"") -> 东方市 | C928: =IFERROR(_xlfn.XLOOKUP($G928,通讯通路门店!$S$4:$S$993931,通讯通路门店!$C$4:$C$993931,0,0),"") -> 东方市 | D928: =IFERROR(_xlfn.XLOOKUP($G928,通讯通路门店!$S$4:$S$993931,通讯通路门店!$D$4:$D$993931,0,0),"") -> 八所镇 | H928: =IFERROR(_xlfn.XLOOKUP($G928,通讯通路门店!$S$4:$S$993931,通讯通路门店!$R$4:$R$993931,0,0),"") -> 0 | U928: =COUNTIF(通讯通路门店!$S:$S,$G928) -> 0 | V928: =COUNTIFS(通讯通路门店!$S:$S,$G928,通讯通路门店!$J:$J,"综合卖场") -> 0 | W928: =SUMIFS(通讯通路门店!$AJ:$AJ,通讯通路门店!$S:$S,通讯客户沙盘!$G928) -> 0 | X928: =Y928+Z928+AA928+AB928+AC928+AD928+AE928 -> 0 | Y928: =COUNTIFS(通讯通路门店!$S:$S,$G928,通讯通路门店!$J:$J,"荣耀体验店")+COUNTIFS(通讯通路门店!$S:$S,$G928,通讯通路门店!$J:$J,"荣耀授权专卖店") -> 0 | Z928: =COUNTIFS(通讯通路门店!$S:$S,$G928,通讯通路门店!$J:$J,"VIVO体验店") -> 0 | AA928: =COUNTIFS(通讯通路门店!$S:$S,$G928,通讯通路门店!$J:$J,"OPPO体验店") -> 0 | AB928: =COUNTIFS(通讯通路门店!$S:$S,$G928,通讯通路门店!$J:$J,"华为授权体验店")+COUNTIFS(通讯通路门店!$S:$S,$G928,通讯通路门店!$J:$J,"华为堡垒店") -> 0 | AC928: =COUNTIFS(通讯通路门店!$S:$S,$G928,通讯通路门店!$J:$J,"小米体验店") -> 0 | AD928: =COUNTIFS(通讯通路门店!$S:$S,$G928,通讯通路门店!$J:$J,"苹果体验店") -> 0 | AE928: =COUNTIFS(通讯通路门店!$S:$S,$G928,通讯通路门店!$J:$J,"其他品牌专卖店") -> 0 | AF928: =SUMIFS(通讯通路门店!$BI:$BI,通讯通路门店!$S:$S,$G928) -> 0 | AG928: =SUMIFS(通讯通路门店!$BH:$BH,通讯通路门店!$S:$S,$G928) -> 0 | AH928: =AI928+AJ928+AK928+AL928+AM928+AN928 -> 0 | AI928: =SUMIFS(通讯通路门店!$BB:$BB,通讯通路门店!$S:$S,$G928) -> 0 | AJ928: =SUMIFS(通讯通路门店!$BE:$BE,通讯通路门店!$S:$S,$G928) -> 0 | AK928: =SUMIFS(通讯通路门店!$BG:$BG,通讯通路门店!$S:$S,$G928) -> 0 | AL928: =SUMIFS(通讯通路门店!$BC:$BC,通讯通路门店!$S:$S,$G928) -> 0 | AM928: =SUMIFS(通讯通路门店!$BD:$BD,通讯通路门店!$S:$S,$G928) -> 0 | AN928: =SUMIFS(通讯通路门店!$BF:$BF,通讯通路门店!$S:$S,$G928) -> 0 | AO928: =AP928+AQ928 -> 0 | AP928: =SUMIFS(通讯通路门店!$K:$K,通讯通路门店!$S:$S,$G928) -> 0 | AR928: =SUMIFS(通讯通路门店!$T:$T,通讯通路门店!$S:$S,$G928) -> 0 | AS928: =SUMIFS(通讯通路门店!$U:$U,通讯通路门店!$S:$S,$G928) -> 0 | AT928: =SUMIFS(通讯通路门店!$V:$V,通讯通路门店!$S:$S,$G928) -> 0 | AU928: =SUMIFS(通讯通路门店!$W:$W,通讯通路门店!$S:$S,$G928) -> 0 | AV928: =SUMIFS(通讯通路门店!$Z:$Z,通讯通路门店!$S:$S,$G928) -> 0 | AW928: =SUMIFS(通讯通路门店!$AB:$AB,通讯通路门店!$S:$S,$G928) -> 0 | AX928: =SUMIFS(通讯通路门店!$X:$X,通讯通路门店!$S:$S,$G928) -> 0 | AY928: =SUMIFS(通讯通路门店!$Y:$Y,通讯通路门店!$S:$S,$G928) -> 0 | AZ928: =SUMIFS(通讯通路门店!$AA:$AA,通讯通路门店!$S:$S,$G928) -> 0 | BA928: =AP928-BB928 -> 0 | BB928: =BC928+BD928+BE928+BF928+BG928+BH928 -> 0 | BC928: =SUMIFS(通讯通路门店!$W:$W,通讯通路门店!$S:$S,$G928,通讯通路门店!$J:$J,"荣耀体验店")+SUMIFS(通讯通路门店!$W:$W,通讯通路门店!$S:$S,$G928,通讯通路门店!$J:$J,"荣耀授权专卖店") -> 0 | BD928: =SUMIFS(通讯通路门店!$Z:$Z,通讯通路门店!$S:$S,$G928,通讯通路门店!$J:$J,"VIVO体验店") -> 0 | BE928: =SUMIFS(通讯通路门店!$AB:$AB,通讯通路门店!$S:$S,$G928,通讯通路门店!$J:$J,"OPPO体验店") -> 0 | BF928: =SUMIFS(通讯通路门店!$X:$X,通讯通路门店!$S:$S,$G928,通讯通路门店!$J:$J,"华为授权体验店")+SUMIFS(通讯通路门店!$AA:$AA,通讯通路门店!$S:$S,$G928,通讯通路门店!$J:$J,"华为堡垒店") -> 0 | BG928: =SUMIFS(通讯通路门店!$Y:$Y,通讯通路门店!$S:$S,$G928,通讯通路门店!$J:$J,"小米体验店") -> 0 | BH928: =SUMIFS(通讯通路门店!$AA:$AA,通讯通路门店!$S:$S,$G928,通讯通路门店!$J:$J,"苹果体验店") -> 0 | BI928: =SUMIFS(通讯通路门店!$K:$K,通讯通路门店!$S:$S,$G928,通讯通路门店!$J:$J,"其他品牌专卖店") -> 0 | BJ928: =SUMIFS(通讯通路门店!$AC:$AC,通讯通路门店!$S:$S,$G928) -> 0 | BK928: =SUMIFS(通讯通路门店!$AD:$AD,通讯通路门店!$S:$S,$G928) -> 0 | BL928: =SUMIFS(通讯通路门店!$AE:$AE,通讯通路门店!$S:$S,$G928) -> 0 | BM928: =SUMIFS(通讯通路门店!$AF:$AF,通讯通路门店!$S:$S,$G928) -> 0 | BN928: =SUMIFS(通讯通路门店!$AG:$AG,通讯通路门店!$S:$S,$G928) -> 0 | BO928: =SUMIFS(通讯通路门店!$AH:$AH,通讯通路门店!$S:$S,$G928) -> 0 | BP928: =SUMIFS(通讯通路门店!$AI:$AI,通讯通路门店!$S:$S,$G928) -> 0
A929: =IFERROR(_xlfn.XLOOKUP($G929,通讯通路门店!$S$4:$S$993931,通讯通路门店!$A$4:$A$993931,0,0),"") -> 海南省 | B929: =IFERROR(_xlfn.XLOOKUP($G929,通讯通路门店!$S$4:$S$993931,通讯通路门店!$B$4:$B$993931,0,0),"") -> 东方市 | C929: =IFERROR(_xlfn.XLOOKUP($G929,通讯通路门店!$S$4:$S$993931,通讯通路门店!$C$4:$C$993931,0,0),"") -> 东方市 | D929: =IFERROR(_xlfn.XLOOKUP($G929,通讯通路门店!$S$4:$S$993931,通讯通路门店!$D$4:$D$993931,0,0),"") -> 八所镇 | H929: =IFERROR(_xlfn.XLOOKUP($G929,通讯通路门店!$S$4:$S$993931,通讯通路门店!$R$4:$R$993931,0,0),"") -> 0 | U929: =COUNTIF(通讯通路门店!$S:$S,$G929) -> 0 | V929: =COUNTIFS(通讯通路门店!$S:$S,$G929,通讯通路门店!$J:$J,"综合卖场") -> 0 | W929: =SUMIFS(通讯通路门店!$AJ:$AJ,通讯通路门店!$S:$S,通讯客户沙盘!$G929) -> 0 | X929: =Y929+Z929+AA929+AB929+AC929+AD929+AE929 -> 0 | Y929: =COUNTIFS(通讯通路门店!$S:$S,$G929,通讯通路门店!$J:$J,"荣耀体验店")+COUNTIFS(通讯通路门店!$S:$S,$G929,通讯通路门店!$J:$J,"荣耀授权专卖店") -> 0 | Z929: =COUNTIFS(通讯通路门店!$S:$S,$G929,通讯通路门店!$J:$J,"VIVO体验店") -> 0 | AA929: =COUNTIFS(通讯通路门店!$S:$S,$G929,通讯通路门店!$J:$J,"OPPO体验店") -> 0 | AB929: =COUNTIFS(通讯通路门店!$S:$S,$G929,通讯通路门店!$J:$J,"华为授权体验店")+COUNTIFS(通讯通路门店!$S:$S,$G929,通讯通路门店!$J:$J,"华为堡垒店") -> 0 | AC929: =COUNTIFS(通讯通路门店!$S:$S,$G929,通讯通路门店!$J:$J,"小米体验店") -> 0 | AD929: =COUNTIFS(通讯通路门店!$S:$S,$G929,通讯通路门店!$J:$J,"苹果体验店") -> 0 | AE929: =COUNTIFS(通讯通路门店!$S:$S,$G929,通讯通路门店!$J:$J,"其他品牌专卖店") -> 0 | AF929: =SUMIFS(通讯通路门店!$BI:$BI,通讯通路门店!$S:$S,$G929) -> 0 | AG929: =SUMIFS(通讯通路门店!$BH:$BH,通讯通路门店!$S:$S,$G929) -> 0 | AH929: =AI929+AJ929+AK929+AL929+AM929+AN929 -> 0 | AI929: =SUMIFS(通讯通路门店!$BB:$BB,通讯通路门店!$S:$S,$G929) -> 0 | AJ929: =SUMIFS(通讯通路门店!$BE:$BE,通讯通路门店!$S:$S,$G929) -> 0 | AK929: =SUMIFS(通讯通路门店!$BG:$BG,通讯通路门店!$S:$S,$G929) -> 0 | AL929: =SUMIFS(通讯通路门店!$BC:$BC,通讯通路门店!$S:$S,$G929) -> 0 | AM929: =SUMIFS(通讯通路门店!$BD:$BD,通讯通路门店!$S:$S,$G929) -> 0 | AN929: =SUMIFS(通讯通路门店!$BF:$BF,通讯通路门店!$S:$S,$G929) -> 0 | AO929: =AP929+AQ929 -> 0 | AP929: =SUMIFS(通讯通路门店!$K:$K,通讯通路门店!$S:$S,$G929) -> 0 | AR929: =SUMIFS(通讯通路门店!$T:$T,通讯通路门店!$S:$S,$G929) -> 0 | AS929: =SUMIFS(通讯通路门店!$U:$U,通讯通路门店!$S:$S,$G929) -> 0 | AT929: =SUMIFS(通讯通路门店!$V:$V,通讯通路门店!$S:$S,$G929) -> 0 | AU929: =SUMIFS(通讯通路门店!$W:$W,通讯通路门店!$S:$S,$G929) -> 0 | AV929: =SUMIFS(通讯通路门店!$Z:$Z,通讯通路门店!$S:$S,$G929) -> 0 | AW929: =SUMIFS(通讯通路门店!$AB:$AB,通讯通路门店!$S:$S,$G929) -> 0 | AX929: =SUMIFS(通讯通路门店!$X:$X,通讯通路门店!$S:$S,$G929) -> 0 | AY929: =SUMIFS(通讯通路门店!$Y:$Y,通讯通路门店!$S:$S,$G929) -> 0 | AZ929: =SUMIFS(通讯通路门店!$AA:$AA,通讯通路门店!$S:$S,$G929) -> 0 | BA929: =AP929-BB929 -> 0 | BB929: =BC929+BD929+BE929+BF929+BG929+BH929 -> 0 | BC929: =SUMIFS(通讯通路门店!$W:$W,通讯通路门店!$S:$S,$G929,通讯通路门店!$J:$J,"荣耀体验店")+SUMIFS(通讯通路门店!$W:$W,通讯通路门店!$S:$S,$G929,通讯通路门店!$J:$J,"荣耀授权专卖店") -> 0 | BD929: =SUMIFS(通讯通路门店!$Z:$Z,通讯通路门店!$S:$S,$G929,通讯通路门店!$J:$J,"VIVO体验店") -> 0 | BE929: =SUMIFS(通讯通路门店!$AB:$AB,通讯通路门店!$S:$S,$G929,通讯通路门店!$J:$J,"OPPO体验店") -> 0 | BF929: =SUMIFS(通讯通路门店!$X:$X,通讯通路门店!$S:$S,$G929,通讯通路门店!$J:$J,"华为授权体验店")+SUMIFS(通讯通路门店!$AA:$AA,通讯通路门店!$S:$S,$G929,通讯通路门店!$J:$J,"华为堡垒店") -> 0 | BG929: =SUMIFS(通讯通路门店!$Y:$Y,通讯通路门店!$S:$S,$G929,通讯通路门店!$J:$J,"小米体验店") -> 0 | BH929: =SUMIFS(通讯通路门店!$AA:$AA,通讯通路门店!$S:$S,$G929,通讯通路门店!$J:$J,"苹果体验店") -> 0 | BI929: =SUMIFS(通讯通路门店!$K:$K,通讯通路门店!$S:$S,$G929,通讯通路门店!$J:$J,"其他品牌专卖店") -> 0 | BJ929: =SUMIFS(通讯通路门店!$AC:$AC,通讯通路门店!$S:$S,$G929) -> 0 | BK929: =SUMIFS(通讯通路门店!$AD:$AD,通讯通路门店!$S:$S,$G929) -> 0 | BL929: =SUMIFS(通讯通路门店!$AE:$AE,通讯通路门店!$S:$S,$G929) -> 0 | BM929: =SUMIFS(通讯通路门店!$AF:$AF,通讯通路门店!$S:$S,$G929) -> 0 | BN929: =SUMIFS(通讯通路门店!$AG:$AG,通讯通路门店!$S:$S,$G929) -> 0 | BO929: =SUMIFS(通讯通路门店!$AH:$AH,通讯通路门店!$S:$S,$G929) -> 0 | BP929: =SUMIFS(通讯通路门店!$AI:$AI,通讯通路门店!$S:$S,$G929) -> 0
A930: =IFERROR(_xlfn.XLOOKUP($G930,通讯通路门店!$S$4:$S$993931,通讯通路门店!$A$4:$A$993931,0,0),"") -> 海南省 | B930: =IFERROR(_xlfn.XLOOKUP($G930,通讯通路门店!$S$4:$S$993931,通讯通路门店!$B$4:$B$993931,0,0),"") -> 东方市 | C930: =IFERROR(_xlfn.XLOOKUP($G930,通讯通路门店!$S$4:$S$993931,通讯通路门店!$C$4:$C$993931,0,0),"") -> 东方市 | D930: =IFERROR(_xlfn.XLOOKUP($G930,通讯通路门店!$S$4:$S$993931,通讯通路门店!$D$4:$D$993931,0,0),"") -> 八所镇 | H930: =IFERROR(_xlfn.XLOOKUP($G930,通讯通路门店!$S$4:$S$993931,通讯通路门店!$R$4:$R$993931,0,0),"") -> 0 | U930: =COUNTIF(通讯通路门店!$S:$S,$G930) -> 0 | V930: =COUNTIFS(通讯通路门店!$S:$S,$G930,通讯通路门店!$J:$J,"综合卖场") -> 0 | W930: =SUMIFS(通讯通路门店!$AJ:$AJ,通讯通路门店!$S:$S,通讯客户沙盘!$G930) -> 0 | X930: =Y930+Z930+AA930+AB930+AC930+AD930+AE930 -> 0 | Y930: =COUNTIFS(通讯通路门店!$S:$S,$G930,通讯通路门店!$J:$J,"荣耀体验店")+COUNTIFS(通讯通路门店!$S:$S,$G930,通讯通路门店!$J:$J,"荣耀授权专卖店") -> 0 | Z930: =COUNTIFS(通讯通路门店!$S:$S,$G930,通讯通路门店!$J:$J,"VIVO体验店") -> 0 | AA930: =COUNTIFS(通讯通路门店!$S:$S,$G930,通讯通路门店!$J:$J,"OPPO体验店") -> 0 | AB930: =COUNTIFS(通讯通路门店!$S:$S,$G930,通讯通路门店!$J:$J,"华为授权体验店")+COUNTIFS(通讯通路门店!$S:$S,$G930,通讯通路门店!$J:$J,"华为堡垒店") -> 0 | AC930: =COUNTIFS(通讯通路门店!$S:$S,$G930,通讯通路门店!$J:$J,"小米体验店") -> 0 | AD930: =COUNTIFS(通讯通路门店!$S:$S,$G930,通讯通路门店!$J:$J,"苹果体验店") -> 0 | AE930: =COUNTIFS(通讯通路门店!$S:$S,$G930,通讯通路门店!$J:$J,"其他品牌专卖店") -> 0 | AF930: =SUMIFS(通讯通路门店!$BI:$BI,通讯通路门店!$S:$S,$G930) -> 0 | AG930: =SUMIFS(通讯通路门店!$BH:$BH,通讯通路门店!$S:$S,$G930) -> 0 | AH930: =AI930+AJ930+AK930+AL930+AM930+AN930 -> 0 | AI930: =SUMIFS(通讯通路门店!$BB:$BB,通讯通路门店!$S:$S,$G930) -> 0 | AJ930: =SUMIFS(通讯通路门店!$BE:$BE,通讯通路门店!$S:$S,$G930) -> 0 | AK930: =SUMIFS(通讯通路门店!$BG:$BG,通讯通路门店!$S:$S,$G930) -> 0 | AL930: =SUMIFS(通讯通路门店!$BC:$BC,通讯通路门店!$S:$S,$G930) -> 0 | AM930: =SUMIFS(通讯通路门店!$BD:$BD,通讯通路门店!$S:$S,$G930) -> 0 | AN930: =SUMIFS(通讯通路门店!$BF:$BF,通讯通路门店!$S:$S,$G930) -> 0 | AO930: =AP930+AQ930 -> 0 | AP930: =SUMIFS(通讯通路门店!$K:$K,通讯通路门店!$S:$S,$G930) -> 0 | AR930: =SUMIFS(通讯通路门店!$T:$T,通讯通路门店!$S:$S,$G930) -> 0 | AS930: =SUMIFS(通讯通路门店!$U:$U,通讯通路门店!$S:$S,$G930) -> 0 | AT930: =SUMIFS(通讯通路门店!$V:$V,通讯通路门店!$S:$S,$G930) -> 0 | AU930: =SUMIFS(通讯通路门店!$W:$W,通讯通路门店!$S:$S,$G930) -> 0 | AV930: =SUMIFS(通讯通路门店!$Z:$Z,通讯通路门店!$S:$S,$G930) -> 0 | AW930: =SUMIFS(通讯通路门店!$AB:$AB,通讯通路门店!$S:$S,$G930) -> 0 | AX930: =SUMIFS(通讯通路门店!$X:$X,通讯通路门店!$S:$S,$G930) -> 0 | AY930: =SUMIFS(通讯通路门店!$Y:$Y,通讯通路门店!$S:$S,$G930) -> 0 | AZ930: =SUMIFS(通讯通路门店!$AA:$AA,通讯通路门店!$S:$S,$G930) -> 0 | BA930: =AP930-BB930 -> 0 | BB930: =BC930+BD930+BE930+BF930+BG930+BH930 -> 0 | BC930: =SUMIFS(通讯通路门店!$W:$W,通讯通路门店!$S:$S,$G930,通讯通路门店!$J:$J,"荣耀体验店")+SUMIFS(通讯通路门店!$W:$W,通讯通路门店!$S:$S,$G930,通讯通路门店!$J:$J,"荣耀授权专卖店") -> 0 | BD930: =SUMIFS(通讯通路门店!$Z:$Z,通讯通路门店!$S:$S,$G930,通讯通路门店!$J:$J,"VIVO体验店") -> 0 | BE930: =SUMIFS(通讯通路门店!$AB:$AB,通讯通路门店!$S:$S,$G930,通讯通路门店!$J:$J,"OPPO体验店") -> 0 | BF930: =SUMIFS(通讯通路门店!$X:$X,通讯通路门店!$S:$S,$G930,通讯通路门店!$J:$J,"华为授权体验店")+SUMIFS(通讯通路门店!$AA:$AA,通讯通路门店!$S:$S,$G930,通讯通路门店!$J:$J,"华为堡垒店") -> 0 | BG930: =SUMIFS(通讯通路门店!$Y:$Y,通讯通路门店!$S:$S,$G930,通讯通路门店!$J:$J,"小米体验店") -> 0 | BH930: =SUMIFS(通讯通路门店!$AA:$AA,通讯通路门店!$S:$S,$G930,通讯通路门店!$J:$J,"苹果体验店") -> 0 | BI930: =SUMIFS(通讯通路门店!$K:$K,通讯通路门店!$S:$S,$G930,通讯通路门店!$J:$J,"其他品牌专卖店") -> 0 | BJ930: =SUMIFS(通讯通路门店!$AC:$AC,通讯通路门店!$S:$S,$G930) -> 0 | BK930: =SUMIFS(通讯通路门店!$AD:$AD,通讯通路门店!$S:$S,$G930) -> 0 | BL930: =SUMIFS(通讯通路门店!$AE:$AE,通讯通路门店!$S:$S,$G930) -> 0 | BM930: =SUMIFS(通讯通路门店!$AF:$AF,通讯通路门店!$S:$S,$G930) -> 0 | BN930: =SUMIFS(通讯通路门店!$AG:$AG,通讯通路门店!$S:$S,$G930) -> 0 | BO930: =SUMIFS(通讯通路门店!$AH:$AH,通讯通路门店!$S:$S,$G930) -> 0 | BP930: =SUMIFS(通讯通路门店!$AI:$AI,通讯通路门店!$S:$S,$G930) -> 0
A931: =IFERROR(_xlfn.XLOOKUP($G931,通讯通路门店!$S$4:$S$993931,通讯通路门店!$A$4:$A$993931,0,0),"") -> 海南省 | B931: =IFERROR(_xlfn.XLOOKUP($G931,通讯通路门店!$S$4:$S$993931,通讯通路门店!$B$4:$B$993931,0,0),"") -> 东方市 | C931: =IFERROR(_xlfn.XLOOKUP($G931,通讯通路门店!$S$4:$S$993931,通讯通路门店!$C$4:$C$993931,0,0),"") -> 东方市 | D931: =IFERROR(_xlfn.XLOOKUP($G931,通讯通路门店!$S$4:$S$993931,通讯通路门店!$D$4:$D$993931,0,0),"") -> 八所镇 | H931: =IFERROR(_xlfn.XLOOKUP($G931,通讯通路门店!$S$4:$S$993931,通讯通路门店!$R$4:$R$993931,0,0),"") -> 0 | U931: =COUNTIF(通讯通路门店!$S:$S,$G931) -> 0 | V931: =COUNTIFS(通讯通路门店!$S:$S,$G931,通讯通路门店!$J:$J,"综合卖场") -> 0 | W931: =SUMIFS(通讯通路门店!$AJ:$AJ,通讯通路门店!$S:$S,通讯客户沙盘!$G931) -> 0 | X931: =Y931+Z931+AA931+AB931+AC931+AD931+AE931 -> 0 | Y931: =COUNTIFS(通讯通路门店!$S:$S,$G931,通讯通路门店!$J:$J,"荣耀体验店")+COUNTIFS(通讯通路门店!$S:$S,$G931,通讯通路门店!$J:$J,"荣耀授权专卖店") -> 0 | Z931: =COUNTIFS(通讯通路门店!$S:$S,$G931,通讯通路门店!$J:$J,"VIVO体验店") -> 0 | AA931: =COUNTIFS(通讯通路门店!$S:$S,$G931,通讯通路门店!$J:$J,"OPPO体验店") -> 0 | AB931: =COUNTIFS(通讯通路门店!$S:$S,$G931,通讯通路门店!$J:$J,"华为授权体验店")+COUNTIFS(通讯通路门店!$S:$S,$G931,通讯通路门店!$J:$J,"华为堡垒店") -> 0 | AC931: =COUNTIFS(通讯通路门店!$S:$S,$G931,通讯通路门店!$J:$J,"小米体验店") -> 0 | AD931: =COUNTIFS(通讯通路门店!$S:$S,$G931,通讯通路门店!$J:$J,"苹果体验店") -> 0 | AE931: =COUNTIFS(通讯通路门店!$S:$S,$G931,通讯通路门店!$J:$J,"其他品牌专卖店") -> 0 | AF931: =SUMIFS(通讯通路门店!$BI:$BI,通讯通路门店!$S:$S,$G931) -> 0 | AG931: =SUMIFS(通讯通路门店!$BH:$BH,通讯通路门店!$S:$S,$G931) -> 0 | AH931: =AI931+AJ931+AK931+AL931+AM931+AN931 -> 0 | AI931: =SUMIFS(通讯通路门店!$BB:$BB,通讯通路门店!$S:$S,$G931) -> 0 | AJ931: =SUMIFS(通讯通路门店!$BE:$BE,通讯通路门店!$S:$S,$G931) -> 0 | AK931: =SUMIFS(通讯通路门店!$BG:$BG,通讯通路门店!$S:$S,$G931) -> 0 | AL931: =SUMIFS(通讯通路门店!$BC:$BC,通讯通路门店!$S:$S,$G931) -> 0 | AM931: =SUMIFS(通讯通路门店!$BD:$BD,通讯通路门店!$S:$S,$G931) -> 0 | AN931: =SUMIFS(通讯通路门店!$BF:$BF,通讯通路门店!$S:$S,$G931) -> 0 | AO931: =AP931+AQ931 -> 0 | AP931: =SUMIFS(通讯通路门店!$K:$K,通讯通路门店!$S:$S,$G931) -> 0 | AR931: =SUMIFS(通讯通路门店!$T:$T,通讯通路门店!$S:$S,$G931) -> 0 | AS931: =SUMIFS(通讯通路门店!$U:$U,通讯通路门店!$S:$S,$G931) -> 0 | AT931: =SUMIFS(通讯通路门店!$V:$V,通讯通路门店!$S:$S,$G931) -> 0 | AU931: =SUMIFS(通讯通路门店!$W:$W,通讯通路门店!$S:$S,$G931) -> 0 | AV931: =SUMIFS(通讯通路门店!$Z:$Z,通讯通路门店!$S:$S,$G931) -> 0 | AW931: =SUMIFS(通讯通路门店!$AB:$AB,通讯通路门店!$S:$S,$G931) -> 0 | AX931: =SUMIFS(通讯通路门店!$X:$X,通讯通路门店!$S:$S,$G931) -> 0 | AY931: =SUMIFS(通讯通路门店!$Y:$Y,通讯通路门店!$S:$S,$G931) -> 0 | AZ931: =SUMIFS(通讯通路门店!$AA:$AA,通讯通路门店!$S:$S,$G931) -> 0 | BA931: =AP931-BB931 -> 0 | BB931: =BC931+BD931+BE931+BF931+BG931+BH931 -> 0 | BC931: =SUMIFS(通讯通路门店!$W:$W,通讯通路门店!$S:$S,$G931,通讯通路门店!$J:$J,"荣耀体验店")+SUMIFS(通讯通路门店!$W:$W,通讯通路门店!$S:$S,$G931,通讯通路门店!$J:$J,"荣耀授权专卖店") -> 0 | BD931: =SUMIFS(通讯通路门店!$Z:$Z,通讯通路门店!$S:$S,$G931,通讯通路门店!$J:$J,"VIVO体验店") -> 0 | BE931: =SUMIFS(通讯通路门店!$AB:$AB,通讯通路门店!$S:$S,$G931,通讯通路门店!$J:$J,"OPPO体验店") -> 0 | BF931: =SUMIFS(通讯通路门店!$X:$X,通讯通路门店!$S:$S,$G931,通讯通路门店!$J:$J,"华为授权体验店")+SUMIFS(通讯通路门店!$AA:$AA,通讯通路门店!$S:$S,$G931,通讯通路门店!$J:$J,"华为堡垒店") -> 0 | BG931: =SUMIFS(通讯通路门店!$Y:$Y,通讯通路门店!$S:$S,$G931,通讯通路门店!$J:$J,"小米体验店") -> 0 | BH931: =SUMIFS(通讯通路门店!$AA:$AA,通讯通路门店!$S:$S,$G931,通讯通路门店!$J:$J,"苹果体验店") -> 0 | BI931: =SUMIFS(通讯通路门店!$K:$K,通讯通路门店!$S:$S,$G931,通讯通路门店!$J:$J,"其他品牌专卖店") -> 0 | BJ931: =SUMIFS(通讯通路门店!$AC:$AC,通讯通路门店!$S:$S,$G931) -> 0 | BK931: =SUMIFS(通讯通路门店!$AD:$AD,通讯通路门店!$S:$S,$G931) -> 0 | BL931: =SUMIFS(通讯通路门店!$AE:$AE,通讯通路门店!$S:$S,$G931) -> 0 | BM931: =SUMIFS(通讯通路门店!$AF:$AF,通讯通路门店!$S:$S,$G931) -> 0 | BN931: =SUMIFS(通讯通路门店!$AG:$AG,通讯通路门店!$S:$S,$G931) -> 0 | BO931: =SUMIFS(通讯通路门店!$AH:$AH,通讯通路门店!$S:$S,$G931) -> 0 | BP931: =SUMIFS(通讯通路门店!$AI:$AI,通讯通路门店!$S:$S,$G931) -> 0
